dataset,method,params_tag,target_size,K_request,multiplicity_cap,split_id,seed,num_subgraphs,total_nodes,total_edges,unique_origs,coverage,multiplicity_max,multiplicity_p95,mean_size,size_min,size_p25,size_p75,size_max,size_std,mean_avg_deg,pos_rate_sub,pos_rate_source,prior_shift,deg_ratio,train_unique,val_unique
tolokers,forest_fire,ff_b0.3_M1,500,15,1,0,3407,11,5500,68890,5500,0.6340057636887608,1,1,500.0,500,500.0,500.0,500,0.0,25.05090909090909,0.24236363636363636,0.218097984790802,0.11126031997090569,0.38113021337385145,3634,1866
tolokers,forest_fire,ff_b0.3_M2,500,15,2,0,3407,15,7500,105387,4698,0.5415561959654178,2,2,500.0,500,500.0,500.0,500,0.0,28.103199999999998,0.24586666666666668,0.218097984790802,0.12732204702624927,0.42756845963626156,3126,1572
tolokers,forest_fire,ff_b0.3_Minf,500,15,-1,0,3407,15,7500,256894,3411,0.39319884726224785,12,6,500.0,500,500.0,500.0,500,0.0,68.50506666666666,0.29373333333333335,0.218097984790802,0.3467952655091253,1.0422516237277633,2247,1164
tolokers,forest_fire,ff_b0.5_M1,500,15,1,0,3407,10,5000,74537,5000,0.5763688760806917,1,1,500.0,500,500.0,500.0,500,0.0,29.814799999999998,0.2404,0.218097984790802,0.10225686051427729,0.45360913028990335,3366,1634
tolokers,forest_fire,ff_b0.5_M2,500,15,2,0,3407,13,6500,125120,4206,0.4848414985590778,2,2,500.0,500,500.0,500.0,500,0.0,38.498461538461534,0.23707692307692307,0.218097984790802,0.08702023681844429,0.5857243267089107,2782,1424
tolokers,forest_fire,ff_b0.5_Minf,500,15,-1,0,3407,15,7500,264908,3416,0.39377521613832855,10,5,500.0,500,500.0,500.0,500,0.0,70.64213333333332,0.27413333333333334,0.218097984790802,0.2569274016735186,1.0747654407595126,2259,1157
tolokers,forest_fire,ff_b0.7_M1,500,15,1,0,3407,12,5503,79759,5503,0.6343515850144092,1,1,458.5833333333333,3,500.0,500.0,500,137.36354340055283,26.752,0.2380519716518263,0.218097984790802,0.09149092725530683,0.4070109963345551,3653,1850
tolokers,forest_fire,ff_b0.7_M2,500,15,2,0,3407,14,7000,120705,4401,0.5073198847262248,2,2,500.0,500,500.0,500.0,500,0.0,34.48714285714285,0.253,0.218097984790802,0.16002905869431006,0.5246952143771624,2923,1478
tolokers,forest_fire,ff_b0.7_Minf,500,15,-1,0,3407,15,7500,303903,3313,0.38190201729106626,12,6,500.0,500,500.0,500.0,500,0.0,81.04079999999998,0.32786666666666664,0.218097984790802,0.5032998447058279,1.2329731142250826,2207,1106
tolokers,rwr,rwr_r0.1_M1,500,15,1,0,3407,12,5164,45235,5164,0.5952737752161383,1,1,430.3333333333333,2,500.0,500.0,500,159.16623036589417,15.285127572016462,0.24961270333075136,0.218097984790802,0.14449798135538972,0.23255139810807415,3396,1768
tolokers,rwr,rwr_r0.1_M2,500,15,2,0,3407,15,7500,90582,4742,0.546628242074928,2,2,500.0,500,500.0,500.0,500,0.0,24.1552,0.24093333333333333,0.218097984790802,0.10470224456422561,0.36750269208509445,3147,1595
tolokers,rwr,rwr_r0.15_M1,500,15,1,0,3407,12,5602,50908,5602,0.6457636887608069,1,1,466.8333333333333,102,500.0,500.0,500,110.00138888012076,17.163130718954246,0.24044983934309175,0.218097984790802,0.10248537864175811,0.26112376398556286,3718,1884
tolokers,rwr,rwr_r0.15_M2,500,15,2,0,3407,15,7500,98316,4711,0.5430547550432276,2,2,500.0,500,500.0,500.0,500,0.0,26.217599999999997,0.246,0.218097984790802,0.1279333930387363,0.3988805135130395,3155,1556
tolokers,metis,metis_K5,,5,1,0,3407,5,8066,208269,8066,0.9297982708933717,1,1,1613.2,1201,1669.0,1735.0,1736,207.57495031915582,48.846825491593,0.21906769154475578,0.218097984790802,0.004446197679836006,0.7431666832802563,5365,2701
tolokers,metis,metis_K15,,15,1,0,3407,15,8323,122271,8323,0.9594236311239193,1,1,554.8666666666667,401,538.0,590.0,595,49.4649595392761,28.336665980790144,0.21194280908326324,0.218097984790802,-0.02822206593721055,0.4311204640266481,5550,2773
tolokers,uniform,uniform_K15,500,15,-1,0,3407,15,4791,15665,3512,0.4048414985590778,5,3,319.4,285,312.0,328.0,349,15.396103403134182,6.509958458503056,0.24128574410352746,0.218097984790802,0.10631808145759347,0.09904398468495416,2326,1186
tolokers,bfs_partition,bfs_part_mn32,500,0,1,0,3407,290,6938,68447,6938,0.7997694524495678,1,1,23.924137931034483,2,2.0,3.0,500,98.96785146832701,2.1428219455928605,0.2365234938022485,0.218097984790802,0.08448271096644988,0.03260137915084106,4608,2330
tolokers,bfs_snowball,bfs_snow_ts500_mn8_dinf_M1,500,15,1,0,3407,11,5500,65154,5500,0.6340057636887608,1,1,500.0,500,500.0,500.0,500,0.0,23.69236363636364,0.22218181818181817,0.218097984790802,0.01872476444444615,0.3604609946604721,3663,1837
tolokers,bfs_snowball,bfs_snow_ts500_mn8_dinf_Minf,500,15,-1,0,3407,15,7500,267353,3512,0.4048414985590778,13,5,500.0,500,500.0,500.0,500,0.0,71.29413333333333,0.32813333333333333,0.218097984790802,0.5045225367308022,1.0846851166570208,2325,1187
tolokers,bfs_snowball,bfs_snow_ts500_mn16_dinf_M1,500,15,1,0,3407,10,4502,56761,4502,0.5189625360230548,1,1,450.2,2,500.0,500.0,500,149.4,22.803999999999995,0.23167481119502442,0.218097984790802,0.06225104013338423,0.3469452287833879,2991,1511
tolokers,bfs_snowball,bfs_snow_ts500_mn16_dinf_Minf,500,15,-1,0,3407,15,7500,225601,3727,0.42962536023054754,12,5,500.0,500,500.0,500.0,500,0.0,60.16026666666667,0.27746666666666664,0.218097984790802,0.2722110519856964,0.9152919436211322,2497,1230
tolokers,bfs_snowball,bfs_snow_ts500_mn32_dinf_M1,500,15,1,0,3407,12,5502,67889,5502,0.6342363112391931,1,1,458.5,2,500.0,500.0,500,137.6399287997491,22.712666666666667,0.23809523809523808,0.218097984790802,0.09168930801271413,0.3455556627323056,3666,1836
tolokers,bfs_snowball,bfs_snow_ts500_mn32_dinf_Minf,500,15,-1,0,3407,15,7500,271434,3703,0.4268587896253602,11,5,500.0,500,500.0,500.0,500,0.0,72.38239999999998,0.3076,0.218097984790802,0.4103752508077856,1.101242252582472,2448,1255
tolokers,bfs_snowball,bfs_snow_tsinf_mn8_d2_M1,,15,1,0,3407,15,1025,8117,1025,0.11815561959654179,1,1,68.33333333333333,38,67.5,73.0,73,8.993825042154693,15.573697868062345,0.3053658536585366,0.218097984790802,0.4001314773790381,0.2369417720504408,680,345
tolokers,bfs_snowball,bfs_snow_tsinf_mn16_d2_M1,,15,1,0,3407,15,2528,35706,2528,0.2914121037463977,1,1,168.53333333333333,18,70.0,264.0,273,99.89118524118577,21.097254600706275,0.23378164556962025,0.218097984790802,0.0719110760874837,0.32097841712609293,1672,856
tolokers,bfs_snowball,bfs_snow_tsinf_mn8_d3_M1,,15,1,0,3407,15,3959,55690,3959,0.45636887608069165,1,1,263.93333333333334,56,91.5,383.5,566,177.55655124181953,18.343437820520293,0.23869664056579945,0.218097984790802,0.09444679552979607,0.2790812239657194,2636,1323
tolokers,bfs_snowball,bfs_snow_tsinf_mn16_d3_M1,,15,1,0,3407,12,5696,141583,5696,0.6565994236311239,1,1,474.6666666666667,2,3.75,653.75,2968,849.0441030293355,12.915889746364128,0.21734550561797752,0.218097984790802,-0.0034501885633938523,0.19650527639858434,3782,1914
tolokers,bfs_snowball,bfs_snow_ts500_mn8_d4_M1,500,15,1,0,3407,11,4434,58946,4434,0.5111239193083573,1,1,403.09090909090907,77,354.5,500.0,500,153.54978733323807,22.449571193807085,0.2426702751465945,0.218097984790802,0.11266628795017097,0.34155286852851935,2942,1492
tolokers,bfs_snowball,bfs_snow_ts500_mn16_d4_M1,500,15,1,0,3407,15,4786,56110,4786,0.5517002881844381,1,1,319.06666666666666,2,74.5,500.0,500,222.63826166127774,15.802984491888559,0.23986627664020058,0.218097984790802,0.09980968815589275,0.24043019075594668,3200,1586
tolokers,forest_fire,ff_b0.3_M1,500,15,1,1,3417,12,5502,52955,5502,0.6338709677419355,1,1,458.5,2,500.0,500.0,500,137.6399287997491,17.734666666666666,0.22010178117048346,0.21658986806869507,0.01621457703956186,0.2732400859579866,3626,1876
tolokers,forest_fire,ff_b0.3_M2,500,15,2,1,3417,14,7000,123262,4472,0.5152073732718894,2,2,500.0,500,500.0,500.0,500,0.0,35.21771428571428,0.238,0.21658986806869507,0.09885103177824717,0.5426034477862031,2997,1475
tolokers,forest_fire,ff_b0.3_Minf,500,15,-1,1,3417,15,7500,253327,3417,0.39366359447004606,13,5,500.0,500,500.0,500.0,500,0.0,67.55386666666666,0.24666666666666667,0.21658986806869507,0.13886521500826743,1.0408103338918708,2276,1141
tolokers,forest_fire,ff_b0.5_M1,500,15,1,1,3417,12,5502,65513,5502,0.6338709677419355,1,1,458.5,2,500.0,500.0,500,137.6399287997491,21.920666666666666,0.23336968375136313,0.21658986806869507,0.07747276376449008,0.337734278113847,3707,1795
tolokers,forest_fire,ff_b0.5_M2,500,15,2,1,3417,14,7000,124506,4370,0.5034562211981567,2,2,500.0,500,500.0,500.0,500,0.0,35.573142857142855,0.24814285714285714,0.21658986806869507,0.14568081764634777,0.5480795774047883,2907,1463
tolokers,forest_fire,ff_b0.5_Minf,500,15,-1,1,3417,15,7500,244231,3499,0.403110599078341,11,5,500.0,500,500.0,500.0,500,0.0,65.12826666666666,0.252,0.21658986806869507,0.16348932776520275,1.0034388306684463,2327,1172
tolokers,forest_fire,ff_b0.7_M1,500,15,1,1,3417,11,5500,65245,5500,0.6336405529953917,1,1,500.0,500,500.0,500.0,500,0.0,23.725454545454543,0.24,0.21658986806869507,0.108085074062098,0.36554085629232597,3673,1827
tolokers,forest_fire,ff_b0.7_M2,500,15,2,1,3417,15,7500,134846,4596,0.5294930875576037,2,2,500.0,500,500.0,500.0,500,0.0,35.958933333333334,0.22613333333333333,0.21658986806869507,0.04406238089406567,0.5540234964452397,3051,1545
tolokers,forest_fire,ff_b0.7_Minf,500,15,-1,1,3417,15,7500,310833,3266,0.3762672811059908,13,6,500.0,500,500.0,500.0,500,0.0,82.8888,0.3172,0.21658986806869507,0.4645191062187395,1.2770774473886002,2194,1072
tolokers,rwr,rwr_r0.1_M1,500,15,1,1,3417,14,5501,48715,5501,0.6337557603686635,1,1,392.92857142857144,2,484.25,500.0,500,201.46657442922114,14.231236902276567,0.2392292310489002,0.21658986806869507,0.10452641751933056,0.2192623333471085,3663,1838
tolokers,rwr,rwr_r0.1_M2,500,15,2,1,3417,15,7500,91465,4707,0.5422811059907834,2,2,500.0,500,500.0,500.0,500,0.0,24.390666666666668,0.25653333333333334,0.21658986806869507,0.1844198236085981,0.37578985733624914,3110,1597
tolokers,rwr,rwr_r0.15_M1,500,15,1,1,3417,12,5329,50000,5329,0.6139400921658986,1,1,444.0833333333333,2,500.0,500.0,500,141.54296069470294,16.8209123343527,0.23381497466691686,0.21658986806869507,0.07952868133590885,0.25916176596479334,3550,1779
tolokers,rwr,rwr_r0.15_M2,500,15,2,1,3417,14,7000,100928,4465,0.5144009216589862,2,2,500.0,500,500.0,500.0,500,0.0,28.83657142857143,0.22514285714285714,0.21658986806869507,0.03948933138206323,0.4442884325920877,2976,1489
tolokers,metis,metis_K5,,5,1,1,3417,5,7992,204565,7992,0.9207373271889401,1,1,1598.4,1125,1668.0,1736.0,1737,238.0660412574628,47.8558726510834,0.2175925925925926,0.21658986806869507,0.004629600326361949,0.7373210335750972,5328,2664
tolokers,metis,metis_K15,,15,1,1,3417,15,8496,119929,8496,0.9788018433179724,1,1,566.4,501,551.5,595.5,596,27.60144923731361,27.539124061594006,0.2143361581920904,0.21658986806869507,-0.010405426148049846,0.4242985090856479,5663,2833
tolokers,uniform,uniform_K15,500,15,-1,1,3417,15,4688,14055,3480,0.4009216589861751,5,3,312.53333333333336,281,302.0,326.0,335,16.780411860923504,5.971646323434228,0.2344283276450512,0.21658986806869507,0.08236054500341794,0.09200585414964269,2306,1174
tolokers,bfs_partition,bfs_part_mn32,500,0,1,1,3417,251,6976,71205,6976,0.8036866359447005,1,1,27.792828685258964,2,2.0,3.0,500,106.56425828480847,2.2891737602601707,0.23509174311926606,0.21658986806869507,0.08542354827374843,0.035269568173046564,4661,2315
tolokers,bfs_snowball,bfs_snow_ts500_mn8_dinf_M1,500,15,1,1,3417,12,5502,70073,5502,0.6338709677419355,1,1,458.5,2,500.0,500.0,500,137.6399287997491,23.440666666666672,0.2450018175209015,0.21658986806869507,0.1311785713041531,0.36115309609686375,3686,1816
tolokers,bfs_snowball,bfs_snow_ts500_mn8_dinf_Minf,500,15,-1,1,3417,15,7500,274949,3621,0.4171658986175115,13,5,500.0,500,500.0,500.0,500,0.0,73.31973333333333,0.3157333333333333,0.21658986806869507,0.4577474752105821,1.129645716774114,2428,1193
tolokers,bfs_snowball,bfs_snow_ts500_mn16_dinf_M1,500,15,1,1,3417,13,5526,62001,5526,0.6366359447004608,1,1,425.0769230769231,2,500.0,500.0,500,175.7631542460835,19.330820512820512,0.2417661961635903,0.21658986806869507,0.11623963909018187,0.2978322151658609,3678,1848
tolokers,bfs_snowball,bfs_snow_ts500_mn16_dinf_Minf,500,15,-1,1,3417,15,7500,239583,3682,0.4241935483870968,12,5,500.0,500,500.0,500.0,500,0.0,63.88880000000001,0.29146666666666665,0.21658986806869507,0.34570776216652566,0.984342222600892,2456,1226
tolokers,bfs_snowball,bfs_snow_ts500_mn32_dinf_M1,500,15,1,1,3417,10,5000,76994,5000,0.576036866359447,1,1,500.0,500,500.0,500.0,500,0.0,30.7976,0.2242,0.21658986806869507,0.035136140019676576,0.4745022294169436,3321,1679
tolokers,bfs_snowball,bfs_snow_ts500_mn32_dinf_Minf,500,15,-1,1,3417,15,7500,258668,3803,0.4381336405529954,12,5,500.0,500,500.0,500.0,500,0.0,68.97813333333333,0.3101333333333333,0.21658986806869507,0.43189215681579984,1.0627541771984135,2546,1257
tolokers,bfs_snowball,bfs_snow_tsinf_mn8_d2_M1,,15,1,1,3417,15,893,6340,893,0.10288018433179723,1,1,59.53333333333333,10,58.0,73.0,73,19.231455714242976,12.862435161035624,0.30011198208286677,0.21658986806869507,0.3856233662217352,0.19817304464121513,591,302
tolokers,bfs_snowball,bfs_snow_tsinf_mn16_d2_M1,,15,1,1,3417,15,2056,26558,2056,0.2368663594470046,1,1,137.06666666666666,12,64.5,215.5,273,91.89520601690216,17.357924703307262,0.2198443579766537,0.21658986806869507,0.015026048711227924,0.2674355784142509,1393,663
tolokers,bfs_snowball,bfs_snow_tsinf_mn8_d3_M1,,15,1,1,3417,12,3466,58256,3466,0.39930875576036867,1,1,288.8333333333333,12,129.75,491.75,578,196.55144930074218,21.572626665376408,0.22504327755337564,0.21658986806869507,0.03902957031212306,0.3323719850605408,2315,1151
tolokers,bfs_snowball,bfs_snow_tsinf_mn16_d3_M1,,15,1,1,3417,11,5211,108333,5211,0.6003456221198157,1,1,473.72727272727275,3,53.5,511.0,2297,661.9538697068208,15.095852579200873,0.21761658031088082,0.21658986806869507,0.004740352128845382,0.2325835683228671,3463,1748
tolokers,bfs_snowball,bfs_snow_ts500_mn8_d4_M1,500,15,1,1,3417,14,5019,69587,5019,0.5782258064516129,1,1,358.5,2,244.25,500.0,500,165.00378783531002,21.335806398497358,0.23530583781629807,0.21658986806869507,0.08641202801631942,0.32872326747848163,3342,1677
tolokers,bfs_snowball,bfs_snow_ts500_mn16_d4_M1,500,15,1,1,3417,12,4253,55749,4253,0.4899769585253456,1,1,354.4166666666667,2,159.5,500.0,500,205.0257944476472,20.08595742110508,0.24664942393604514,0.21658986806869507,0.13878560495644332,0.30946669793387027,2851,1402
tolokers,forest_fire,ff_b0.3_M1,500,15,1,2,3427,11,5004,73678,5004,0.5759005639314075,1,1,454.90909090909093,4,500.0,500.0,500,142.5899744948651,26.927272727272726,0.24980015987210233,0.21809184551239014,0.1453897291997137,0.3841801218482214,3282,1722
tolokers,forest_fire,ff_b0.3_M2,500,15,2,2,3427,13,6500,128112,4226,0.4863620669812406,2,2,500.0,500,500.0,500.0,500,0.0,39.41907692307692,0.2483076923076923,0.21809184551239014,0.1385464308594957,0.5624047384536569,2811,1415
tolokers,forest_fire,ff_b0.3_Minf,500,15,-1,2,3427,15,7500,291104,3384,0.3894579353205202,12,6,500.0,500,500.0,500.0,500,0.0,77.62773333333334,0.31706666666666666,0.21809184551239014,0.4538217415774659,1.1075400153909982,2248,1136
tolokers,forest_fire,ff_b0.5_M1,500,15,1,2,3427,13,5504,72348,5504,0.6334445851076074,1,1,423.38461538461536,2,500.0,500.0,500,179.67900372246677,22.414153846153848,0.2394622093023256,0.21809184551239014,0.09798790844163574,0.3197899929545639,3669,1835
tolokers,forest_fire,ff_b0.5_M2,500,15,2,2,3427,13,6500,128796,4205,0.48394521809184027,2,2,500.0,500,500.0,500.0,500,0.0,39.629538461538466,0.23753846153846153,0.21809184551239014,0.08916709370945552,0.5654074613921974,2788,1417
tolokers,forest_fire,ff_b0.5_Minf,500,15,-1,2,3427,15,7500,321829,3290,0.37863965933939464,13,6,500.0,500,500.0,500.0,500,0.0,85.82106666666667,0.3174666666666667,0.21809184551239014,0.45565583124303877,1.2244369559101542,2205,1085
tolokers,forest_fire,ff_b0.7_M1,500,15,1,2,3427,11,5002,74407,5002,0.5756703878467028,1,1,454.72727272727275,2,500.0,500.0,500,143.1649340694412,27.147636363636362,0.24030387844862056,0.21809184551239014,0.10184715014926371,0.3873241212248591,3347,1655
tolokers,forest_fire,ff_b0.7_M2,500,15,2,2,3427,15,7500,158787,4699,0.5407987110139256,2,2,500.0,500,500.0,500.0,500,0.0,42.3432,0.24746666666666667,0.21809184551239014,0.13469013976777822,0.6041241495269403,3109,1590
tolokers,forest_fire,ff_b0.7_Minf,500,15,-1,2,3427,15,7500,268858,3351,0.385660029922891,12,6,500.0,500,500.0,500.0,500,0.0,71.69546666666666,0.25693333333333335,0.21809184551239014,0.17809692851967074,1.0229024453734505,2223,1128
tolokers,rwr,rwr_r0.1_M1,500,15,1,2,3427,12,5427,54480,5427,0.6245828058464725,1,1,452.25,2,500.0,500.0,500,137.31601326866434,18.27858823529412,0.2443338861249309,0.21809184551239014,0.12032563872751445,0.2607865388586643,3587,1840
tolokers,rwr,rwr_r0.1_M2,500,15,2,2,3427,14,7000,100867,4550,0.5236505927034181,2,2,500.0,500,500.0,500.0,500,0.0,28.819142857142857,0.26571428571428574,0.21809184551239014,0.21835956355915243,0.41117204577516164,3032,1518
tolokers,rwr,rwr_r0.15_M1,500,15,1,2,3427,12,5503,58158,5503,0.6333294970652549,1,1,458.5833333333333,3,500.0,500.0,500,137.36354340055283,19.551666666666666,0.2329638379065964,0.21809184551239014,0.06819141889173186,0.278949961194105,3640,1863
tolokers,rwr,rwr_r0.15_M2,500,15,2,2,3427,14,7000,112994,4487,0.5164000460352169,2,2,500.0,500,500.0,500.0,500,0.0,32.284,0.24885714285714286,0.21809184551239014,0.14106578479572218,0.4606062849129905,2945,1542
tolokers,metis,metis_K5,,5,1,2,3427,5,8410,219531,8410,0.9678904361836805,1,1,1682.0,1595,1615.0,1738.0,1738,63.394006025806576,51.386243606932794,0.21284185493460167,0.21809184551239014,-0.024072383657692487,0.7331441817439978,5611,2799
tolokers,metis,metis_K15,,15,1,2,3427,15,8421,126500,8421,0.9691564046495569,1,1,561.4,489,547.5,592.5,596,33.88962476432376,29.114951249112664,0.2190951193444959,0.21809184551239014,0.004600235418012355,0.41539243991688196,5605,2816
tolokers,uniform,uniform_K15,500,15,-1,2,3427,15,4825,14721,3508,0.40372885257221774,5,3,321.6666666666667,281,313.0,332.0,356,17.067187492052955,6.086717323962111,0.22569948186528496,0.21809184551239014,0.0348827180357032,0.08684116757234937,2341,1167
tolokers,bfs_partition,bfs_part_mn32,500,0,1,2,3427,288,6921,76070,6921,0.7965243411209575,1,1,24.03125,2,2.0,4.0,500,97.01740820935036,2.28884382683419,0.2360930501372634,0.21809184551239014,0.08253955842585858,0.03265567624284873,4577,2344
tolokers,bfs_snowball,bfs_snow_ts500_mn8_dinf_M1,500,15,1,2,3427,12,4510,72986,4510,0.5190470710093221,1,1,375.8333333333333,2,376.25,500.0,500,215.06387939917343,24.687111111111108,0.229490022172949,0.21809184551239014,0.05226319504876353,0.3522190104733954,3017,1493
tolokers,bfs_snowball,bfs_snow_ts500_mn8_dinf_Minf,500,15,-1,2,3427,15,7500,296502,3403,0.3916446081252158,13,6,500.0,500,500.0,500.0,500,0.0,79.06720000000001,0.33626666666666666,0.21809184551239014,0.541858045524966,1.1280773525731758,2237,1166
tolokers,bfs_snowball,bfs_snow_ts500_mn16_dinf_M1,500,15,1,2,3427,13,5522,71908,5522,0.6355161698699505,1,1,424.7692307692308,2,500.0,500.0,500,176.46710473415277,22.357230769230775,0.24139804418688882,0.21809184551239014,0.10686414533171806,0.31897785297849673,3653,1869
tolokers,bfs_snowball,bfs_snow_ts500_mn16_dinf_Minf,500,15,-1,2,3427,15,7500,311189,3518,0.40487973299574176,12,6,500.0,500,500.0,500.0,500,0.0,82.98373333333333,0.36,0.21809184551239014,0.6506806990156255,1.1839558022202008,2328,1190
tolokers,bfs_snowball,bfs_snow_ts500_mn32_dinf_M1,500,15,1,2,3427,11,5002,77007,5002,0.5756703878467028,1,1,454.72727272727275,2,500.0,500.0,500,143.1649340694412,28.093090909090908,0.22610955617752898,0.21809184551239014,0.0367630006812123,0.4008132274612585,3304,1698
tolokers,bfs_snowball,bfs_snow_ts500_mn32_dinf_Minf,500,15,-1,2,3427,15,7500,282143,3603,0.4146622165956957,11,5,500.0,500,500.0,500.0,500,0.0,75.23813333333332,0.3096,0.21809184551239014,0.4195854011534381,1.0734468181902768,2366,1237
tolokers,bfs_snowball,bfs_snow_tsinf_mn8_d2_M1,,15,1,2,3427,15,821,5434,821,0.09448728277132006,1,1,54.733333333333334,10,41.5,73.0,73,20.939489540631644,11.873429693945825,0.2618757612667479,0.21809184551239014,0.20075906850845704,0.16940206729351914,533,288
tolokers,bfs_snowball,bfs_snow_tsinf_mn16_d2_M1,,15,1,2,3427,15,2477,33547,2477,0.28507308090689376,1,1,165.13333333333333,16,72.0,244.0,265,89.75586641304041,21.975366535385024,0.2309245054501413,0.21809184551239014,0.058840622434102485,0.3135296722669109,1666,811
tolokers,bfs_snowball,bfs_snow_tsinf_mn8_d3_M1,,15,1,2,3427,13,3427,73460,3427,0.39440672114167336,1,1,263.61538461538464,27,73.0,537.0,581,219.49786698158925,23.316993261115424,0.247446746425445,0.21809184551239014,0.13459880099637744,0.33267109532101385,2292,1135
tolokers,bfs_snowball,bfs_snow_tsinf_mn16_d3_M1,,15,1,2,3427,9,5322,207723,5322,0.6124985613994706,1,1,591.3333333333334,11,19.0,714.0,3380,1029.4399772044346,18.614773976638944,0.23337091319052988,0.21809184551239014,0.07005795032016326,0.2655830097222983,3553,1769
tolokers,bfs_snowball,bfs_snow_ts500_mn8_d4_M1,500,15,1,2,3427,14,4869,72493,4869,0.5603636782138336,1,1,347.7857142857143,17,223.75,500.0,500,184.8880659717536,21.720335537517748,0.25241322653522286,0.21809184551239014,0.15737122560541983,0.30989106241480774,3270,1599
tolokers,bfs_snowball,bfs_snow_ts500_mn16_d4_M1,500,15,1,2,3427,12,5231,71923,5231,0.6020255495454022,1,1,435.9166666666667,65,499.5,500.0,500,144.38747541097723,24.41110101946246,0.24240107054100554,0.21809184551239014,0.11146324600767499,0.3482810850951034,3481,1750
tolokers,forest_fire,ff_b0.3_M1,500,15,1,3,3437,11,4504,55042,4504,0.5175821650195357,1,1,409.45454545454544,2,500.0,500.0,500,192.07591474412763,20.196363636363635,0.23801065719360567,0.21730636060237885,0.09527699296897696,0.3036433247471257,3016,1488
tolokers,forest_fire,ff_b0.3_M2,500,15,2,3,3437,14,7000,123810,4409,0.5066651344518501,2,2,500.0,500,500.0,500.0,500,0.0,35.37428571428572,0.24314285714285713,0.21730636060237885,0.11889434100713325,0.5318366176325403,2923,1486
tolokers,forest_fire,ff_b0.3_Minf,500,15,-1,3,3437,15,7500,252024,3459,0.39749482877499426,14,5,500.0,500,500.0,500.0,500,0.0,67.2064,0.314,0.21730636060237885,0.4449646072465798,1.0104182667588113,2280,1179
tolokers,forest_fire,ff_b0.5_M1,500,15,1,3,3437,12,4514,59556,4514,0.5187313261319237,1,1,376.1666666666667,2,377.25,500.0,500,214.49119381042715,20.190925925925928,0.24124944616747895,0.21730636060237885,0.11018124595492407,0.30356157119455324,3002,1512
tolokers,forest_fire,ff_b0.5_M2,500,15,2,3,3437,15,7500,130133,4698,0.5398758905998621,2,2,500.0,500,500.0,500.0,500,0.0,34.70213333333333,0.236,0.21730636060237885,0.08602435449105994,0.5217311061967288,3145,1553
tolokers,forest_fire,ff_b0.5_Minf,500,15,-1,3,3437,15,7500,244016,3605,0.4142725810158584,13,5,500.0,500,500.0,500.0,500,0.0,65.07093333333333,0.2697333333333333,0.21730636060237885,0.24125834414430192,0.9783124773093755,2418,1187
tolokers,forest_fire,ff_b0.7_M1,500,15,1,3,3437,14,5746,67037,5746,0.66030797517812,1,1,410.42857142857144,2,500.0,500.0,500,179.05055722006657,19.42258218768679,0.23390184476157327,0.21730636060237885,0.07636906767565987,0.2920098655792164,3816,1930
tolokers,forest_fire,ff_b0.7_M2,500,15,2,3,3437,15,7500,142725,4642,0.5334405883704896,2,2,500.0,500,500.0,500.0,500,0.0,38.05999999999999,0.23066666666666666,0.21730636060237885,0.06148143122572525,0.5722151347615755,3078,1564
tolokers,forest_fire,ff_b0.7_Minf,500,15,-1,3,3437,15,7500,276920,3414,0.39232360376924846,14,6,500.0,500,500.0,500.0,500,0.0,73.84533333333333,0.31306666666666666,0.21730636060237885,0.4406695956751463,1.1102316701220916,2248,1166
tolokers,rwr,rwr_r0.1_M1,500,15,1,3,3437,12,5673,50337,5673,0.6519190990576879,1,1,472.75,173,500.0,500.0,500,90.37802553718464,16.90249132947977,0.2332099418297197,0.21730636060237885,0.07318507006999586,0.2541214228561385,3730,1943
tolokers,rwr,rwr_r0.1_M2,500,15,2,3,3437,14,6503,92291,4191,0.4816134222017927,2,2,464.5,3,500.0,500.0,500,127.99707027897162,26.46352380952381,0.2544979240350607,0.21730636060237885,0.1711480663961511,0.3978672843650245,2789,1402
tolokers,rwr,rwr_r0.15_M1,500,15,1,3,3437,13,4517,47668,4517,0.5190760744656401,1,1,347.46153846153845,2,7.0,500.0,500,228.81017170256266,15.119179487179487,0.27053353996015056,0.21730636060237885,0.24494073348899947,0.22731012421809932,2998,1519
tolokers,rwr,rwr_r0.15_M2,500,15,2,3,3437,13,6500,94591,4235,0.4866697310962997,2,2,500.0,500,500.0,500.0,500,0.0,29.10492307692308,0.2663076923076923,0.21730636060237885,0.22549423573925997,0.43757954494710544,2809,1426
tolokers,metis,metis_K5,,5,1,3,3437,5,8166,211807,8166,0.9384049643760055,1,1,1633.2,1268,1696.0,1740.0,1741,183.33073937558862,49.41334332407401,0.21846681361743817,0.21730636060237885,0.0053401704940549966,0.7429075908882032,5447,2719
tolokers,metis,metis_K15,,15,1,3,3437,15,8498,125841,8498,0.9765571133072857,1,1,566.5333333333333,483,546.5,594.0,597,32.380789915558815,28.778338300150793,0.21616851023770298,0.21730636060237885,-0.0052361576601887005,0.43266948840344194,5670,2828
tolokers,uniform,uniform_K15,500,15,-1,3,3437,15,4798,14687,3539,0.4066881176740979,5,3,319.8666666666667,297,309.0,328.5,345,13.778566285680412,6.121475973802107,0.2271779908295123,0.21730636060237885,0.04542724934405529,0.09203366261925695,2351,1188
tolokers,bfs_partition,bfs_part_mn32,500,0,1,3,3437,305,6993,77996,6993,0.8036083658928982,1,1,22.927868852459017,2,2.0,4.0,500,96.60289533581015,2.260002000367574,0.2390962390962391,0.21730636060237885,0.10027262171920848,0.03397812268002527,4642,2351
tolokers,bfs_snowball,bfs_snow_ts500_mn8_dinf_M1,500,15,1,3,3437,11,5500,67171,5500,0.6320386118133763,1,1,500.0,500,500.0,500.0,500,0.0,24.42581818181818,0.23545454545454544,0.21730636060237885,0.08351428279346895,0.36723128855940185,3667,1833
tolokers,bfs_snowball,bfs_snow_ts500_mn8_dinf_Minf,500,15,-1,3,3437,15,7500,242983,3658,0.4203631349115146,12,5,500.0,500,500.0,500.0,500,0.0,64.79546666666667,0.2809333333333333,0.21730636060237885,0.2927984830015047,0.9741709587652614,2466,1192
tolokers,bfs_snowball,bfs_snow_ts500_mn16_dinf_M1,500,15,1,3,3437,11,5002,79433,5002,0.574810388416456,1,1,454.72727272727275,2,500.0,500.0,500,143.1649340694412,28.975272727272728,0.22131147540983606,0.21730636060237885,0.018430729760302134,0.43563030973173333,3315,1687
tolokers,bfs_snowball,bfs_snow_ts500_mn16_dinf_Minf,500,15,-1,3,3437,15,7500,246541,3609,0.4147322454608136,12,5,500.0,500,500.0,500.0,500,0.0,65.74426666666668,0.2532,0.21730636060237885,0.16517528202176424,0.9884357438378254,2441,1168
tolokers,bfs_snowball,bfs_snow_ts500_mn32_dinf_M1,500,15,1,3,3437,12,5502,80864,5502,0.6322684440358538,1,1,458.5,2,500.0,500.0,500,137.6399287997491,27.03766666666667,0.24591057797164667,0.21730636060237885,0.13163083349229265,0.406499266298088,3671,1831
tolokers,bfs_snowball,bfs_snow_ts500_mn32_dinf_Minf,500,15,-1,3,3437,15,7500,272077,3598,0.41346816823718685,12,5,500.0,500,500.0,500.0,500,0.0,72.55386666666668,0.29546666666666666,0.21730636060237885,0.35967794889954185,1.090815044459802,2401,1197
tolokers,bfs_snowball,bfs_snow_tsinf_mn8_d2_M1,,15,1,3,3437,15,1024,7677,1024,0.11767409790852677,1,1,68.26666666666667,10,73.0,73.0,73,15.699115332470878,14.271808921671937,0.275390625,0.21730636060237885,0.2672920582564178,0.21457028548097648,722,302
tolokers,bfs_snowball,bfs_snow_tsinf_mn16_d2_M1,,15,1,3,3437,14,2729,37241,2729,0.3136060675706734,1,1,194.92857142857142,9,194.75,247.5,273,84.5099016055974,23.141684736961064,0.27995602784902895,0.21730636060237885,0.2883011204687411,0.34792491461823627,1807,922
tolokers,bfs_snowball,bfs_snow_tsinf_mn8_d3_M1,,15,1,3,3437,15,4344,69873,4344,0.49919558722132845,1,1,289.6,14,92.5,429.5,570,181.72902905149743,20.636582081070767,0.2430939226519337,0.21730636060237885,0.1186691543591778,0.31026181283600174,2901,1443
tolokers,bfs_snowball,bfs_snow_tsinf_mn16_d3_M1,,15,1,3,3437,9,5767,156794,5767,0.6627212135141347,1,1,640.7777777777778,2,38.0,461.0,2725,961.3190911771848,18.23125026413778,0.21085486388070054,0.21730636060237885,-0.029688485435007905,0.2740987211446561,3794,1973
tolokers,bfs_snowball,bfs_snow_ts500_mn8_d4_M1,500,15,1,3,3437,11,4951,65915,4951,0.5689496667432774,1,1,450.09090909090907,161,500.0,500.0,500,109.38709791416284,24.388571039155746,0.23813371036154313,0.21730636060237885,0.09584325880489808,0.36667129437237955,3306,1645
tolokers,bfs_snowball,bfs_snow_ts500_mn16_d4_M1,500,15,1,3,3437,11,4769,78926,4769,0.5480349344978166,1,1,433.54545454545456,3,466.5,500.0,500,144.8537592548013,29.121475018583563,0.23023694694904592,0.21730636060237885,0.05950394784038138,0.4378283960119457,3167,1602
tolokers,forest_fire,ff_b0.3_M1,500,15,1,4,3447,11,5002,66957,5002,0.575140853167759,1,1,454.72727272727275,2,500.0,500.0,500,143.1649340694412,24.438545454545455,0.23690523790483806,0.21731631457805634,0.0901401414100722,0.3636952166308151,3316,1686
tolokers,forest_fire,ff_b0.3_M2,500,15,2,4,3447,15,7500,131818,4704,0.5408761641945499,2,2,500.0,500,500.0,500.0,500,0.0,35.151466666666664,0.24266666666666667,0.21731631457805634,0.11665185900943897,0.523125253424048,3143,1561
tolokers,forest_fire,ff_b0.3_Minf,500,15,-1,4,3447,15,7500,296931,3182,0.3658732896401058,13,7,500.0,500,500.0,500.0,500,0.0,79.18159999999999,0.3718666666666667,0.21731631457805634,0.7111769421853438,1.178383108713954,2129,1053
tolokers,forest_fire,ff_b0.5_M1,500,15,1,4,3447,10,4502,75885,4502,0.5176497642865356,1,1,450.2,2,500.0,500.0,500,149.4,30.453600000000005,0.23678365171035096,0.21731631457805634,0.08958065191788567,0.453211451139296,2974,1528
tolokers,forest_fire,ff_b0.5_M2,500,15,2,4,3447,15,7002,140534,4408,0.5068414395768656,2,2,466.8,2,500.0,500.0,500,124.22302524089486,37.54213333333334,0.23993144815766923,0.21731631457805634,0.10406551217069304,0.5587032313705091,2952,1456
tolokers,forest_fire,ff_b0.5_Minf,500,15,-1,4,3447,15,7500,257866,3468,0.3987581924801656,12,5,500.0,500,500.0,500.0,500,0.0,68.76426666666666,0.28,0.21731631457805634,0.2884444527031991,1.0233520202054769,2323,1145
tolokers,forest_fire,ff_b0.7_M1,500,15,1,4,3447,9,4002,79571,4002,0.4601586754053122,1,1,444.6666666666667,2,500.0,500.0,500,156.5063009026225,35.47555555555556,0.2376311844077961,0.21731631457805634,0.09348064764112785,0.5279483546544923,2668,1334
tolokers,forest_fire,ff_b0.7_M2,500,15,2,4,3447,13,6500,160391,4095,0.47085201793721976,2,2,500.0,500,500.0,500.0,500,0.0,49.35107692307693,0.25184615384615383,0.21731631457805634,0.1588920709204047,0.7344443083114875,2741,1354
tolokers,forest_fire,ff_b0.7_Minf,500,15,-1,4,3447,15,7500,294086,3245,0.3731171668391399,15,6,500.0,500,500.0,500.0,500,0.0,78.42293333333332,0.27413333333333334,0.21731631457805634,0.26144847369417956,1.16709260706781,2169,1076
tolokers,rwr,rwr_r0.1_M1,500,15,1,4,3447,11,5450,49124,5450,0.6266528688053352,1,1,495.45454545454544,450,500.0,500.0,500,14.373989364401723,17.88977777777778,0.23596330275229357,0.21731631457805634,0.08580574454542189,0.2662362461983541,3643,1807
tolokers,rwr,rwr_r0.1_M2,500,15,2,4,3447,13,6500,89731,4213,0.4844199149131885,2,2,500.0,500,500.0,500.0,500,0.0,27.60953846153846,0.26753846153846156,0.21731631457805634,0.23110159519278195,0.41088603618094577,2797,1416
tolokers,rwr,rwr_r0.15_M1,500,15,1,4,3447,10,5000,58533,5000,0.5749108888122341,1,1,500.0,500,500.0,500.0,500,0.0,23.4132,0.2406,0.21731631457805634,0.10714191185853461,0.34843599271726705,3313,1687
tolokers,rwr,rwr_r0.15_M2,500,15,2,4,3447,15,7500,96379,4690,0.5392664137058756,2,2,500.0,500,500.0,500.0,500,0.0,25.70106666666667,0.24173333333333333,0.21731631457805634,0.11235704416709513,0.38248409776932085,3119,1571
tolokers,metis,metis_K5,,5,1,4,3447,5,7973,212914,7973,0.9167529032999885,1,1,1594.6,1086,1703.0,1740.0,1740,254.8235467926777,49.83281218677621,0.21522638906308791,0.21731631457805634,-0.009616974772585496,0.7416135079439159,5307,2666
tolokers,metis,metis_K15,,15,1,4,3447,15,8434,131425,8434,0.9697596872484765,1,1,562.2666666666667,470,539.0,592.5,597,35.7276114821887,30.17587526994367,0.21437040550154138,0.21731631457805634,-0.013555857885013234,0.4490783428064191,5609,2825
tolokers,uniform,uniform_K15,500,15,-1,4,3447,15,4695,13730,3476,0.39967804990226513,7,3,313.0,272,306.0,318.0,346,16.268579122549905,5.853022832212708,0.23280085197018105,0.21731631457805634,0.0712534510912799,0.08710487335942395,2353,1123
tolokers,bfs_partition,bfs_part_mn32,500,0,1,4,3447,294,6995,77388,6995,0.8043003334483155,1,1,23.792517006802722,2,2.0,3.0,500,98.36594080956962,2.2575619784599374,0.2333095067905647,0.21731631457805634,0.07359407066865131,0.03359710971099404,4674,2321
tolokers,bfs_snowball,bfs_snow_ts500_mn8_dinf_M1,500,15,1,4,3447,14,5510,69199,5510,0.633551799471082,1,1,393.57142857142856,2,500.0,500.0,500,203.7960164638421,20.267142857142854,0.24010889292196008,0.21731631457805634,0.10488203975002097,0.30161626949632,3663,1847
tolokers,bfs_snowball,bfs_snow_ts500_mn8_dinf_Minf,500,15,-1,4,3447,15,7500,257581,3681,0.42324939634356673,12,5,500.0,500,500.0,500.0,500,0.0,68.68826666666668,0.2916,0.21731631457805634,0.3418228657437601,1.0222209857699234,2467,1214
tolokers,bfs_snowball,bfs_snow_ts500_mn16_dinf_M1,500,15,1,4,3447,13,5012,66505,5012,0.5762906749453834,1,1,385.53846153846155,2,500.0,500.0,500,208.97832621686482,20.783384615384616,0.24880287310454907,0.21731631457805634,0.14488814881490786,0.309298995886351,3354,1658
tolokers,bfs_snowball,bfs_snow_ts500_mn16_dinf_Minf,500,15,-1,4,3447,15,7500,277707,3501,0.40255260434632634,12,6,500.0,500,500.0,500.0,500,0.0,74.0552,0.3048,0.21731631457805634,0.40256381851405365,1.1020918596294293,2363,1138
tolokers,bfs_snowball,bfs_snow_ts500_mn32_dinf_M1,500,15,1,4,3447,10,4502,72866,4502,0.5176497642865356,1,1,450.2,2,500.0,500.0,500,149.4,29.246000000000002,0.2258996001776988,0.21731631457805634,0.039496738274380716,0.4352399092396252,3025,1477
tolokers,bfs_snowball,bfs_snow_ts500_mn32_dinf_Minf,500,15,-1,4,3447,15,7500,287671,3643,0.41888007358859375,12,5,500.0,500,500.0,500.0,500,0.0,76.71226666666668,0.31493333333333334,0.21731631457805634,0.4491932368023599,1.141634410913148,2424,1219
tolokers,bfs_snowball,bfs_snow_tsinf_mn8_d2_M1,,15,1,4,3447,15,960,7191,960,0.11038289065194895,1,1,64.0,19,68.5,73.0,73,17.389652095427326,13.92638909102715,0.31145833333333334,0.21731631457805634,0.43320272082684697,0.20725296874835408,661,299
tolokers,bfs_snowball,bfs_snow_tsinf_mn16_d2_M1,,15,1,4,3447,14,1930,26781,1930,0.22191560308152236,1,1,137.85714285714286,35,74.0,224.25,273,87.03517937581098,19.235743763488408,0.22642487046632123,0.21731631457805634,0.04191381537989991,0.28626695513155237,1271,659
tolokers,bfs_snowball,bfs_snow_tsinf_mn8_d3_M1,,15,1,4,3447,11,3554,66148,3554,0.408646659767736,1,1,323.09090909090907,23,207.0,530.0,583,190.62168842808404,24.475618440490038,0.2321328081035453,0.21731631457805634,0.06817938889796116,0.36424693799571156,2357,1197
tolokers,bfs_snowball,bfs_snow_tsinf_mn16_d3_M1,,15,1,4,3447,11,5559,190289,5559,0.6391859261814419,1,1,505.3636363636364,2,9.5,483.0,3045,901.0636414540393,15.326035098455668,0.22090304011512862,0.21731631457805634,0.016504630791463137,0.22808254548502888,3719,1840
tolokers,bfs_snowball,bfs_snow_ts500_mn8_d4_M1,500,15,1,4,3447,14,4546,66329,4546,0.5227089801080832,1,1,324.7142857142857,23,115.25,500.0,500,204.43525994848363,19.99967707576574,0.2602287725472943,0.21731631457805634,0.19746542293687086,0.29763583516645326,3022,1524
tolokers,bfs_snowball,bfs_snow_ts500_mn16_d4_M1,500,15,1,4,3447,14,4787,66358,4787,0.550419684948833,1,1,341.92857142857144,5,116.25,500.0,500,215.0161004887489,19.62838095238095,0.23354919573845834,0.21731631457805634,0.07469702029467928,0.29211019435940205,3195,1592
questions,forest_fire,ff_b0.3_M1,1500,15,1,0,3407,9,9042,20791,9042,0.29794385132463425,1,1,1004.6666666666666,5,32.0,1500.0,1500,700.5456603407249,3.645203703703704,0.04722406547224065,0.032259128987789154,0.4638977230326362,0.6564948963847415,6015,3027
questions,forest_fire,ff_b0.3_M2,1500,15,2,0,3407,12,15015,39860,11016,0.36298932384341637,2,2,1251.25,6,1500.0,1500.0,1500,556.2222464986455,4.714481481481481,0.05008325008325008,0.032259128987789154,0.5525295212467696,0.8490699788734065,7364,3652
questions,forest_fire,ff_b0.3_Minf,1500,15,-1,0,3407,15,22500,165200,9701,0.3196586265981284,15,8,1500.0,1500,1500.0,1500.0,1500,0.0,14.684444444444445,0.07617777777777777,0.032259128987789154,1.3614331870712588,2.6446431029980775,6482,3219
questions,forest_fire,ff_b0.5_M1,1500,15,1,0,3407,7,7507,19897,7507,0.2473639119546593,1,1,1072.4285714285713,2,752.5,1500.0,1500,676.0502637997218,4.160380952380953,0.04862128679898761,0.032259128987789154,0.5072101549112478,0.7492774298125736,5043,2464
questions,forest_fire,ff_b0.5_M2,1500,15,2,0,3407,9,13500,39523,10051,0.331191511796494,2,2,1500.0,1500,1500.0,1500.0,1500,0.0,5.85525925925926,0.050666666666666665,0.032259128987789154,0.5706148385421441,1.0545220879720845,6686,3365
questions,forest_fire,ff_b0.5_Minf,1500,15,-1,0,3407,15,22500,171799,9146,0.3013707657835772,15,8,1500.0,1500,1500.0,1500.0,1500,0.0,15.271022222222223,0.07724444444444445,0.032259128987789154,1.3944987626195147,2.750284748498588,6133,3013
questions,forest_fire,ff_b0.7_M1,1500,15,1,0,3407,8,9007,20882,9007,0.29679056280479765,1,1,1125.875,2,1126.25,1500.0,1500,648.0039424069887,3.8045,0.049517042300432995,0.032259128987789154,0.5349776591666926,0.6851838844446555,5926,3081
questions,forest_fire,ff_b0.7_M2,1500,15,2,0,3407,12,15005,38276,10976,0.36167127982074604,2,2,1250.4166666666667,2,1500.0,1500.0,1500,558.0853367143376,4.447,0.04865044985004998,0.032259128987789154,0.5081141796626105,0.8008970256605028,7318,3658
questions,forest_fire,ff_b0.7_Minf,1500,15,-1,0,3407,15,22500,161300,9265,0.3052919467510215,15,8,1500.0,1500,1500.0,1500.0,1500,0.0,14.337777777777777,0.0732,0.032259128987789154,1.2691251219990454,2.5822090345858952,6164,3101
questions,rwr,rwr_r0.1_M1,1500,15,1,0,3407,9,7134,20290,7134,0.23507315144325822,1,1,792.6666666666666,2,21.0,1500.0,1500,663.2738666811939,3.798989094829894,0.05578917858144099,0.032259128987789154,0.7294074679622786,0.6841913799338764,4786,2348
questions,rwr,rwr_r0.1_M2,1500,15,2,0,3407,8,12000,38158,9193,0.30291946751021487,2,2,1500.0,1500,1500.0,1500.0,1500,0.0,6.3596666666666675,0.05391666666666667,0.032259128987789154,0.6713615140407359,1.1453649915731006,6122,3071
questions,rwr,rwr_r0.15_M1,1500,15,1,0,3407,7,6011,19036,6011,0.19806906550678793,1,1,858.7142857142857,3,4.0,1500.0,1500,740.4932167694938,4.233904761904761,0.05257028780568957,0.032259128987789154,0.6296251465930365,0.7625189410252671,4035,1976
questions,rwr,rwr_r0.15_M2,1500,15,2,0,3407,11,13133,39912,9747,0.3211743772241993,2,2,1193.909090909091,3,1138.5,1500.0,1500,526.4580540219971,5.191086712333171,0.054747582425949896,0.032259128987789154,0.6971190526152506,0.9349057584559017,6514,3233
questions,metis,metis_K5,,5,1,0,3407,5,28000,56228,28000,0.92263081586925,1,1,5600.0,4140,5736.0,6070.0,6070,740.1826801540279,3.8847118204267646,0.03289285714285714,0.032259128987789154,0.019644924551678544,0.6996298948792429,18648,9352
questions,metis,metis_K15,,15,1,0,3407,15,29791,46326,29791,0.9816462369843153,1,1,1986.0666666666666,1704,1954.5,2052.5,2080,94.18879386046352,3.084948518182366,0.0316202880064449,0.032259128987789154,-0.019803416936212792,0.5555939043238212,19834,9957
questions,uniform,uniform_K15,1500,15,-1,0,3407,15,1766,2042,1589,0.05235929880057994,4,2,117.73333333333333,33,87.5,148.0,208,45.36734018603643,2.27152511562266,0.06795016987542468,0.032259128987789154,1.1063857583118701,0.4090977532753133,1043,546
questions,bfs_partition,bfs_part_mn32,1500,0,1,0,3407,1383,14694,26241,14694,0.4841834717279557,1,1,10.62472885032538,2,2.0,4.0,1500,98.53845256347019,1.2675413649543505,0.04185381788485096,0.032259128987789154,0.2974255411760689,0.22828201238893484,9768,4926
questions,bfs_snowball,bfs_snow_ts1500_mn8_dinf_M1,1500,15,1,0,3407,10,7529,21401,7529,0.24808883616712799,1,1,752.9,2,2.5,1500.0,1500,747.1147769921299,3.489740350877193,0.049408952052065344,0.032259128987789154,0.5316269720353517,0.6284962148290946,4998,2531
questions,bfs_snowball,bfs_snow_ts1500_mn8_dinf_Minf,1500,15,-1,0,3407,15,22500,182814,9788,0.3225253723474364,15,8,1500.0,1500,1500.0,1500.0,1500,0.0,16.250133333333334,0.07497777777777778,0.032259128987789154,1.3242344145794713,2.926620969924277,6452,3336
questions,bfs_snowball,bfs_snow_ts1500_mn16_dinf_M1,1500,15,1,0,3407,5,4504,17395,4504,0.14841175695268222,1,1,900.8,2,2.0,1500.0,1500,733.8671269378401,5.038133333333333,0.060612788632326824,0.032259128987789154,0.878934445355614,0.9073591188548911,3005,1499
questions,bfs_snowball,bfs_snow_ts1500_mn16_dinf_Minf,1500,15,-1,0,3407,15,22500,175839,10030,0.3304995386845921,15,7,1500.0,1500,1500.0,1500.0,1500,0.0,15.630133333333333,0.07635555555555555,0.032259128987789154,1.3669441163293015,2.8149600398794123,6691,3339
questions,bfs_snowball,bfs_snow_ts1500_mn32_dinf_M1,1500,15,1,0,3407,7,7528,20366,7528,0.24805588506656123,1,1,1075.4285714285713,5,761.5,1500.0,1500,671.3236088170161,4.376149068322982,0.052337938363443144,0.032259128987789154,0.6224225515591042,0.7881368951353399,5051,2477
questions,bfs_snowball,bfs_snow_ts1500_mn32_dinf_Minf,1500,15,-1,0,3407,15,22500,169273,10461,0.3447014630288652,15,7,1500.0,1500,1500.0,1500.0,1500,0.0,15.04648888888889,0.07506666666666667,0.032259128987789154,1.3269898792084929,2.7098466826500824,7000,3461
questions,bfs_snowball,bfs_snow_tsinf_mn8_d2_M1,,15,1,0,3407,15,260,283,260,0.008567286147357321,1,1,17.333333333333332,10,10.0,19.0,29,6.051629716218783,2.0844947618087364,0.05,0.032259128987789154,0.5499488538244846,0.37541390931808305,157,103
questions,bfs_snowball,bfs_snow_tsinf_mn16_d2_M1,,15,1,0,3407,15,371,446,371,0.012224858310267563,1,1,24.733333333333334,3,18.0,33.5,54,13.824937211028804,2.2230621026319946,0.07547169811320754,0.032259128987789154,1.3395454397350708,0.40036964826996807,238,133
questions,bfs_snowball,bfs_snow_tsinf_mn8_d3_M1,,15,1,0,3407,14,1126,1856,1126,0.037102939238170554,1,1,80.42857142857143,15,28.25,117.75,302,76.51677153755647,2.8293450999733807,0.06838365896980461,0.032259128987789154,1.1198234768114617,0.5095601698079152,749,377
questions,bfs_snowball,bfs_snow_tsinf_mn16_d3_M1,,15,1,0,3407,10,2692,7481,2692,0.08870436272571504,1,1,269.2,10,89.25,264.5,1134,312.5548911791335,3.877239850690491,0.07763744427934621,0.032259128987789154,1.4066813554926987,0.6982842060243729,1740,952
questions,bfs_snowball,bfs_snow_ts1500_mn8_d4_M1,1500,15,1,0,3407,12,2818,8328,2818,0.09285620139712666,1,1,234.83333333333334,4,84.0,280.0,703,223.5951823174094,3.4534315860208813,0.06068133427963095,0.032259128987789154,0.8810592903050876,0.621957068937746,1851,967
questions,bfs_snowball,bfs_snow_ts1500_mn16_d4_M1,1500,15,1,0,3407,8,2946,14812,2946,0.09707394226967181,1,1,368.25,2,41.75,481.0,1500,463.8463511767663,3.977033609699597,0.06449422946367957,0.032259128987789154,0.9992551407104688,0.716256889804421,1931,1015
questions,forest_fire,ff_b0.3_M1,1500,15,1,1,3417,7,9002,20887,9002,0.29875215717509623,1,1,1286.0,2,1500.0,1500.0,1500,524.1908049556001,4.121142857142857,0.04610086647411686,0.03056551143527031,0.5082641941636192,0.7384004267739491,6003,2999
questions,forest_fire,ff_b0.3_M2,1500,15,2,1,3417,11,13504,37736,10088,0.3347935749369441,2,2,1227.6363636363637,2,1500.0,1500.0,1500,577.7705226640626,4.755636363636364,0.050355450236966824,0.03056551143527031,0.6474597633874501,0.852084977933847,6729,3359
questions,forest_fire,ff_b0.3_Minf,1500,15,-1,1,3417,15,22500,166819,9539,0.31657374220098233,15,8,1500.0,1500,1500.0,1500.0,1500,0.0,14.828355555555556,0.078,0.03056551143527031,1.551895791607591,2.6568513759722188,6377,3162
questions,forest_fire,ff_b0.5_M1,1500,15,1,1,3417,9,9029,21416,9029,0.2996482145227665,1,1,1003.2222222222222,4,17.0,1500.0,1500,702.5568822803647,3.739150326797385,0.04607376232140879,0.03056551143527031,0.5073774380965574,0.6699574105502628,6002,3027
questions,forest_fire,ff_b0.5_M2,1500,15,2,1,3417,9,13500,38788,9989,0.33150803132881984,2,2,1500.0,1500,1500.0,1500.0,1500,0.0,5.74637037037037,0.05162962962962963,0.03056551143527031,0.6891465971039799,1.0295984587208333,6654,3335
questions,forest_fire,ff_b0.5_Minf,1500,15,-1,1,3417,15,22500,164174,9386,0.3114960838975176,15,8,1500.0,1500,1500.0,1500.0,1500,0.0,14.593244444444446,0.07786666666666667,0.03056551143527031,1.5475335765792018,2.6147256475513165,6250,3136
questions,forest_fire,ff_b0.7_M1,1500,15,1,1,3417,7,7589,19628,7589,0.25185848931368643,1,1,1084.142857142857,3,793.0,1500.0,1500,657.9019528712745,4.198095238095237,0.04980893398339702,0.03056551143527031,0.6295796027780922,0.7521882698325862,5083,2506
questions,forest_fire,ff_b0.7_M2,1500,15,2,1,3417,11,13526,38991,9903,0.32865392273994426,2,2,1229.6363636363637,2,1500.0,1500.0,1500,573.547061194597,4.988424242424242,0.047168416383261864,0.03056551143527031,0.543190811092827,0.8937944442162028,6595,3308
questions,forest_fire,ff_b0.7_Minf,1500,15,-1,1,3417,15,22500,159393,9327,0.30953803265631225,15,7,1500.0,1500,1500.0,1500.0,1500,0.0,14.168266666666666,0.07666666666666666,0.03056551143527031,1.5082736413237003,2.538580805365935,6156,3171
questions,rwr,rwr_r0.1_M1,1500,15,1,1,3417,9,7239,19527,7239,0.24024293110314615,1,1,804.3333333333334,3,3.0,1500.0,1500,719.8410318334952,3.580661832986689,0.05069761016715016,0.03056551143527031,0.6586540773091372,0.6415604402133227,4832,2407
questions,rwr,rwr_r0.1_M2,1500,15,2,1,3417,11,12508,37508,9328,0.3095712199654852,2,2,1137.090909090909,6,991.5,1500.0,1500,580.7231314248648,4.9965972824436085,0.0542053086024944,0.03056551143527031,0.7734140885320027,0.8952588380621673,6211,3117
questions,rwr,rwr_r0.15_M1,1500,15,1,1,3417,6,7101,19731,7101,0.235663082437276,1,1,1183.5,2,1199.25,1500.0,1500,548.2960726955222,4.644438580527752,0.05111956062526405,0.03056551143527031,0.6724588670312877,0.8321612593562675,4734,2367
questions,rwr,rwr_r0.15_M2,1500,15,2,1,3417,11,11418,37105,8555,0.28391742997477765,2,2,1038.0,2,456.5,1500.0,1500,655.1067921269853,4.937034646353279,0.05394990366088632,0.03056551143527031,0.7650581039724456,0.8845867799866625,5690,2865
questions,metis,metis_K5,,5,1,1,3417,5,27576,56601,27576,0.9151732377538829,1,1,5515.2,3953,5631.0,5995.0,6028,794.1013537326328,3.950047255650869,0.031621700029010734,0.03056551143527031,0.0345549131732068,0.7077445942682015,18353,9223
questions,metis,metis_K15,,15,1,1,3417,15,29642,45136,29642,0.9837382185052436,1,1,1976.1333333333334,1813,1932.0,2050.0,2068,79.22193860008448,3.0229166190182792,0.030935834289184266,0.03056551143527031,0.01211570939024531,0.5416271648327831,19773,9869
questions,uniform,uniform_K15,1500,15,-1,1,3417,15,2111,2414,1877,0.06229257931766893,5,2,140.73333333333332,75,122.5,160.0,198,31.473728021249016,2.264864440178065,0.07342491710090004,0.03056551143527031,1.4022145762682445,0.40580414879674054,1262,615
questions,bfs_partition,bfs_part_mn32,1500,0,1,1,3417,1383,15844,28700,15844,0.5258197265365724,1,1,11.456254519161243,2,2.0,4.0,1500,101.35456083341396,1.268524459763467,0.0398258015652613,0.03056551143527031,0.3029653257921707,0.22728622494584586,10613,5231
questions,bfs_snowball,bfs_snow_ts1500_mn8_dinf_M1,1500,15,1,1,3417,6,6013,19397,6013,0.19955529005708217,1,1,1002.1666666666666,6,380.25,1500.0,1500,704.0427109834238,4.871492063492064,0.051721270580409116,0.03056551143527031,0.692144778599276,0.8728432727037966,3974,2039
questions,bfs_snowball,bfs_snow_ts1500_mn8_dinf_Minf,1500,15,-1,1,3417,15,22500,185382,9473,0.3143833797955662,15,8,1500.0,1500,1500.0,1500.0,1500,0.0,16.4784,0.08248888888888889,0.03056551143527031,1.6987570308966888,2.9524959493851535,6313,3160
questions,bfs_snowball,bfs_snow_ts1500_mn16_dinf_M1,1500,15,1,1,3417,5,6011,20260,6011,0.19948891543873623,1,1,1202.2,11,1500.0,1500.0,1500,595.6,5.763636363636364,0.05140575611379138,0.03056551143527031,0.6818222139896208,1.0326920706722338,3966,2045
questions,bfs_snowball,bfs_snow_ts1500_mn16_dinf_Minf,1500,15,-1,1,3417,15,22500,170405,10129,0.336154254613036,15,7,1500.0,1500,1500.0,1500.0,1500,0.0,15.14711111111111,0.07555555555555556,0.03056551143527031,1.4719218494204585,2.713963989249102,6748,3381
questions,bfs_snowball,bfs_snow_ts1500_mn32_dinf_M1,1500,15,1,1,3417,8,9009,23274,9009,0.29898446833930703,1,1,1126.125,3,1126.5,1500.0,1500,647.5709299953172,4.252833333333333,0.04872904872904873,0.03056551143527031,0.5942494151371882,0.7619958970577742,6037,2972
questions,bfs_snowball,bfs_snow_ts1500_mn32_dinf_Minf,1500,15,-1,1,3417,15,22500,168723,10275,0.34099960175228994,15,7,1500.0,1500,1500.0,1500.0,1500,0.0,14.997600000000002,0.07542222222222222,0.03056551143527031,1.4675596343920696,2.6871755298147137,6819,3456
questions,bfs_snowball,bfs_snow_tsinf_mn8_d2_M1,,15,1,1,3417,15,284,362,284,0.009425195805124121,1,1,18.933333333333334,3,10.0,19.0,65,17.78563715161447,2.1006011370923656,0.056338028169014086,0.03056551143527031,0.8431894486150893,0.37637248449722405,186,98
questions,bfs_snowball,bfs_snow_tsinf_mn16_d2_M1,,15,1,1,3417,15,504,759,504,0.016726403823178016,1,1,33.6,17,18.0,26.0,109,29.596846678883438,2.536512020993841,0.07738095238095238,0.03056551143527031,1.5316426504043563,0.45447625179332124,341,163
questions,bfs_snowball,bfs_snow_tsinf_mn8_d3_M1,,15,1,1,3417,12,1158,3850,1158,0.03843090402230187,1,1,96.5,7,28.5,93.75,379,118.28038721613994,3.4536086490699973,0.07944732297063903,0.03056551143527031,1.5992472967084979,0.6187958507586112,803,355
questions,bfs_snowball,bfs_snow_tsinf_mn16_d3_M1,,15,1,1,3417,11,3169,12222,3169,0.10517058276914908,1,1,288.09090909090907,6,16.0,510.0,1018,367.96725510083945,3.7145803562517887,0.05837803723572105,0.03056551143527031,0.9099316351813818,0.6655551179422192,2108,1061
questions,bfs_snowball,bfs_snow_ts1500_mn8_d4_M1,1500,15,1,1,3417,11,3294,15329,3294,0.10931899641577061,1,1,299.45454545454544,6,94.0,293.0,1500,398.05033113376817,3.6091028194153547,0.07043108682452945,0.03056551143527031,1.30426659058802,0.6466563170719469,2224,1070
questions,bfs_snowball,bfs_snow_ts1500_mn16_d4_M1,1500,15,1,1,3417,10,3473,16979,3473,0.11525952475773264,1,1,347.3,3,33.75,211.5,1500,530.4607525538529,3.804821591341149,0.06133026202130723,0.03056551143527031,1.006518430132882,0.6817239742067139,2287,1186
questions,forest_fire,ff_b0.3_M1,1500,15,1,2,3427,8,9013,22292,9013,0.286718625735645,1,1,1126.625,5,1127.0,1500.0,1500,646.70490517314,4.13225,0.04382558526572728,0.030666453763842583,0.4291050932468765,0.744362887374791,6069,2944
questions,forest_fire,ff_b0.3_M2,1500,15,2,2,3427,9,12006,37569,9079,0.288818196278034,2,2,1334.0,6,1500.0,1500.0,1500,469.51890270786754,5.750222222222223,0.05422288855572214,0.030666453763842583,0.768149945646923,1.0358163267904943,6089,2990
questions,forest_fire,ff_b0.3_Minf,1500,15,-1,2,3427,15,22500,162852,10050,0.31970733259106093,15,7,1500.0,1500,1500.0,1500.0,1500,0.0,14.475733333333334,0.0756,0.030666453763842583,1.465234506153969,2.6075863417913987,6728,3322
questions,forest_fire,ff_b0.5_M1,1500,15,1,2,3427,7,6016,17918,6016,0.19137903610625098,1,1,859.4285714285714,2,7.0,1500.0,1500,739.6728730889578,4.003549783549783,0.05319148936170213,0.030666453763842583,0.7345171297379611,0.7211794728372765,3998,2018
questions,forest_fire,ff_b0.5_M2,1500,15,2,2,3427,9,13500,37439,10046,0.3195800858915222,2,2,1500.0,1500,1500.0,1500.0,1500,0.0,5.546518518518519,0.05,0.030666453763842583,0.6304461019536833,0.9991221584662574,6686,3360
questions,forest_fire,ff_b0.5_Minf,1500,15,-1,2,3427,15,22500,162330,9792,0.31149992047081276,15,7,1500.0,1500,1500.0,1500.0,1500,0.0,14.42933333333333,0.07555555555555556,0.030666453763842583,1.4637852207300104,2.5992280774138337,6526,3266
questions,forest_fire,ff_b0.7_M1,1500,15,1,2,3427,8,9004,20209,9004,0.28643232066168284,1,1,1125.5,2,1125.5,1500.0,1500,648.6530274345446,3.617833333333333,0.0444247001332741,0.030666453763842583,0.4486415832551607,0.6516984369388987,5964,3040
questions,forest_fire,ff_b0.7_M2,1500,15,2,2,3427,12,16502,39479,12087,0.38450771433115954,2,2,1375.1666666666667,2,1500.0,1500.0,1500,414.0253279960324,4.469777777777778,0.042782693006908255,0.030666453763842583,0.3950975008838935,0.8051634563713094,8075,4012
questions,forest_fire,ff_b0.7_Minf,1500,15,-1,2,3427,15,22500,163839,9184,0.29215842214092574,15,8,1500.0,1500,1500.0,1500.0,1500,0.0,14.563466666666669,0.07368888888888889,0.030666453763842583,1.4029152329237395,2.6233901865052993,6158,3026
questions,rwr,rwr_r0.1_M1,1500,15,1,2,3427,7,6879,20548,6879,0.21883251153173214,1,1,982.7142857142857,2,438.5,1500.0,1500,625.009420337169,4.467700409138396,0.05233318796336677,0.030666453763842583,0.7065288463536155,0.8047892495545504,4590,2289
questions,rwr,rwr_r0.1_M2,1500,15,2,2,3427,9,12002,39893,8980,0.28566884046445046,2,2,1333.5555555555557,2,1500.0,1500.0,1500,470.775981429977,6.021037037037037,0.0563239460089985,0.030666453763842583,0.8366631643404265,1.0845995556608252,5981,2999
questions,rwr,rwr_r0.15_M1,1500,15,1,2,3427,8,7431,21198,7431,0.236392556068077,1,1,928.875,3,201.5,1500.0,1500,643.2894833393439,4.222291451205256,0.05234827075763693,0.030666453763842583,0.7070206800161023,0.7605825049203315,4929,2502
questions,rwr,rwr_r0.15_M2,1500,15,2,2,3427,11,12852,39395,9552,0.30386511849848896,2,2,1168.3636363636363,6,834.5,1500.0,1500,486.13658251514477,5.201372936907939,0.050809212573918454,0.030666453763842583,0.6568336516896283,0.9369493563143299,6383,3169
questions,metis,metis_K5,,5,1,2,3427,5,28940,59187,28940,0.9206298711627167,1,1,5788.0,4330,5862.0,6252.0,6288,744.7061165318839,3.955491056705045,0.03144436765722184,0.030666453763842583,0.025366933502316558,0.7125224136860379,19313,9627
questions,metis,metis_K15,,15,1,2,3427,15,31038,47734,31038,0.987370765070781,1,1,2069.2,1954,2025.5,2126.0,2156,61.44178816842274,3.056101605519048,0.030897609382047813,0.030666453763842583,0.007537735532948231,0.55051088757817,20751,10287
questions,uniform,uniform_K15,1500,15,-1,2,3427,15,1764,2010,1601,0.05093049149037697,4,2,117.6,70,84.5,149.5,184,38.63469942939896,2.2366506344023596,0.0663265306122449,0.030666453763842583,1.162836665856927,0.4028990802280593,1053,548
questions,bfs_partition,bfs_part_mn32,1500,0,1,2,3427,1315,13888,24711,13888,0.44180054079847303,1,1,10.561216730038023,2,2.0,4.0,1500,99.1506125606047,1.2653440020684659,0.04097062211981567,0.030666453763842583,0.33600782259741635,0.22793275210891323,9250,4638
questions,bfs_snowball,bfs_snow_ts1500_mn8_dinf_M1,1500,15,1,2,3427,7,7518,20361,7518,0.23916017178304438,1,1,1074.0,8,755.0,1500.0,1500,673.5653537068885,4.382380952380953,0.051476456504389465,0.030666453763842583,0.6785917569994027,0.7894202285172902,5040,2478
questions,bfs_snowball,bfs_snow_ts1500_mn8_dinf_Minf,1500,15,-1,2,3427,15,21010,178621,9160,0.2913949419436933,14,8,1400.6666666666667,10,1500.0,1500.0,1500,371.6713004195449,15.996622222222223,0.08424559733460257,0.030666453763842583,1.7471581156192477,2.881551674167119,6108,3052
questions,bfs_snowball,bfs_snow_ts1500_mn16_dinf_M1,1500,15,1,2,3427,8,7516,21332,7516,0.23909654843327502,1,1,939.5,2,8.0,1500.0,1500,723.6045190571988,4.100388888888888,0.05508249068653539,0.030666453763842583,0.7961806445152337,0.7386235858655318,4978,2538
questions,bfs_snowball,bfs_snow_ts1500_mn16_dinf_Minf,1500,15,-1,2,3427,15,22500,177664,10044,0.3195164625417528,15,7,1500.0,1500,1500.0,1500.0,1500,0.0,15.792355555555556,0.07964444444444445,0.030666453763842583,1.5971194797342227,2.844756096504968,6708,3336
questions,bfs_snowball,bfs_snow_ts1500_mn32_dinf_M1,1500,15,1,2,3427,7,7506,19469,7506,0.2387784316844282,1,1,1072.2857142857142,3,751.5,1500.0,1500,676.2756653245806,4.088571428571428,0.05275779376498801,0.030666453763842583,0.7203747838360208,0.7364948475550854,4980,2526
questions,bfs_snowball,bfs_snow_ts1500_mn32_dinf_Minf,1500,15,-1,2,3427,15,22500,171733,10174,0.32365198027676156,15,7,1500.0,1500,1500.0,1500.0,1500,0.0,15.265155555555557,0.07924444444444445,0.030666453763842583,1.5840759109185933,2.749788920215056,6790,3384
questions,bfs_snowball,bfs_snow_tsinf_mn8_d2_M1,,15,1,2,3427,15,281,340,281,0.008939080642595833,1,1,18.733333333333334,6,10.0,20.5,73,17.214206019706193,2.092085725373397,0.09252669039145907,0.030666453763842583,2.0171956335085954,0.37685787916377894,177,104
questions,bfs_snowball,bfs_snow_tsinf_mn16_d2_M1,,15,1,2,3427,15,535,1028,535,0.017019246063305234,1,1,35.666666666666664,8,18.0,35.0,160,37.78300617414601,2.5534455562504337,0.07850467289719626,0.030666453763842583,1.5599527582076522,0.459964936052974,366,169
questions,bfs_snowball,bfs_snow_tsinf_mn8_d3_M1,,15,1,2,3427,12,1108,2907,1108,0.03524733577222841,1,1,92.33333333333333,4,27.5,77.5,403,117.49349863810434,3.0434128855471756,0.0776173285198556,0.030666453763842583,1.5310174145851403,0.5482252049027865,751,357
questions,bfs_snowball,bfs_snow_tsinf_mn16_d3_M1,,15,1,2,3427,11,2465,5910,2465,0.07841577859074281,1,1,224.0909090909091,11,75.0,381.5,619,208.41630303769622,3.438820187978759,0.07139959432048681,0.030666453763842583,1.3282638048182416,0.6194519025437933,1653,812
questions,bfs_snowball,bfs_snow_ts1500_mn8_d4_M1,1500,15,1,2,3427,13,3105,8925,3105,0.09877525051693972,1,1,238.84615384615384,2,31.0,253.0,1500,393.3727623736992,3.3329521348848576,0.06924315619967794,0.030666453763842583,1.2579446822546982,0.6003813599382579,2121,984
questions,bfs_snowball,bfs_snow_ts1500_mn16_d4_M1,1500,15,1,2,3427,7,3425,10946,3425,0.10895498648003818,1,1,489.2857142857143,36,146.5,615.0,1500,470.83746491474847,4.522210494394708,0.06627737226277372,0.030666453763842583,1.1612336650714519,0.8146084242057536,2276,1149
questions,forest_fire,ff_b0.3_M1,1500,15,1,3,3437,8,9006,20312,9006,0.29044117647058826,1,1,1125.75,2,1126.0,1500.0,1500,648.2202075683849,3.697166666666667,0.04696868754163891,0.03150799870491028,0.4906909188846451,0.6700903883472447,6029,2977
questions,forest_fire,ff_b0.3_M2,1500,15,2,3,3437,10,15000,38150,11105,0.3581333849329205,2,2,1500.0,1500,1500.0,1500.0,1500,0.0,5.086666666666667,0.05173333333333333,0.03150799870491028,0.6419111165340721,0.921929344649412,7461,3644
questions,forest_fire,ff_b0.3_Minf,1500,15,-1,3,3437,15,22500,152284,9998,0.3224329205366357,15,7,1500.0,1500,1500.0,1500.0,1500,0.0,13.536355555555556,0.07311111111111111,0.03150799870491028,1.3203984421808839,2.4533873013646317,6666,3332
questions,forest_fire,ff_b0.5_M1,1500,15,1,3,3437,8,9013,20459,9013,0.2906669246646027,1,1,1126.625,5,1127.0,1500.0,1500,646.70490517314,3.82675,0.049373127704426936,0.03150799870491028,0.5670029749218097,0.6935766290243389,5982,3031
questions,forest_fire,ff_b0.5_M2,1500,15,2,3,3437,10,12005,34838,9157,0.2953108875128999,2,2,1200.5,2,1500.0,1500.0,1500,599.0000417362256,4.878000000000001,0.05131195335276968,0.03150799870491028,0.628537370251101,0.8841097004980012,6133,3024
questions,forest_fire,ff_b0.5_Minf,1500,15,-1,3,3437,15,22500,164318,9503,0.30646929824561403,15,8,1500.0,1500,1500.0,1500.0,1500,0.0,14.606044444444445,0.07533333333333334,0.03150799870491028,1.3909272702106978,2.647262316367009,6348,3155
questions,forest_fire,ff_b0.7_M1,1500,15,1,3,3437,8,9009,21427,9009,0.2905379256965944,1,1,1126.125,4,1126.25,1500.0,1500,647.5705439371065,3.9575,0.04684204684204684,0.03150799870491028,0.4866715998292481,0.7172743213859859,6083,2926
questions,forest_fire,ff_b0.7_M2,1500,15,2,3,3437,9,12002,36158,9033,0.29131191950464397,2,2,1333.5555555555557,2,1500.0,1500.0,1500,470.775981429977,5.467703703703703,0.051491418096983835,0.03150799870491028,0.6342332173880436,0.9909901360994857,6090,2943
questions,forest_fire,ff_b0.7_Minf,1500,15,-1,3,3437,15,22500,147072,9377,0.302405830753354,15,7,1500.0,1500,1500.0,1500.0,1500,0.0,13.073066666666668,0.07306666666666667,0.03150799870491028,1.3189878656202874,2.369418830516004,6286,3091
questions,rwr,rwr_r0.1_M1,1500,15,1,3,3437,6,7379,20024,7379,0.23797084623323014,1,1,1229.8333333333333,452,1070.25,1500.0,1500,405.93366316294697,4.82023364613862,0.04797398021412116,0.03150799870491028,0.5225968701923547,0.8736398780684712,4883,2496
questions,rwr,rwr_r0.1_M2,1500,15,2,3,3437,10,12007,36852,9011,0.29060242518059853,2,2,1200.7,2,1500.0,1500.0,1500,598.6003758769284,5.172933333333333,0.05521778962272008,0.03150799870491028,0.752500694819275,0.9375646863529026,6027,2984
questions,rwr,rwr_r0.15_M1,1500,15,1,3,3437,6,6258,19060,6258,0.2018188854489164,1,1,1043.0,3,566.25,1500.0,1500,650.3768138548606,4.740509803921569,0.05528922978587408,0.03150799870491028,0.7547680607609548,0.8591903860092119,4138,2120
questions,rwr,rwr_r0.15_M2,1500,15,2,3,3437,8,11909,36784,9068,0.29244066047471623,2,2,1488.625,1409,1500.0,1500.0,1500,30.095421163359717,6.147415661225456,0.051473675371567724,0.03150799870491028,0.6336700992546997,1.114184054752513,6019,3049
questions,metis,metis_K5,,5,1,3,3437,5,28490,57893,28490,0.9187951496388029,1,1,5698.0,3978,5966.0,6180.0,6202,864.1435066006109,3.9228633998012974,0.032116532116532114,0.03150799870491028,0.019313616752402618,0.7109966349923934,18988,9502
questions,metis,metis_K15,,15,1,3,3437,15,29209,46230,29209,0.9419827141382869,1,1,1947.2666666666667,885,1961.5,2093.5,2116,293.14307466188285,3.102783070245147,0.032284569824369204,0.03150799870491028,0.024646792921757532,0.5623617488611531,19451,9758
questions,uniform,uniform_K15,1500,15,-1,3,3437,15,1673,1893,1533,0.04943885448916409,3,2,111.53333333333333,20,88.0,140.0,192,46.9011253122519,2.2181395419910617,0.07172743574417215,0.03150799870491028,1.276483391279116,0.4020251509086697,1018,515
questions,bfs_partition,bfs_part_mn32,1500,0,1,3,3437,1404,15281,26241,15281,0.4928083075335397,1,1,10.883903133903134,2,2.0,4.0,1500,97.98116743073807,1.268001655496568,0.04325633139192461,0.03150799870491028,0.37286826107376503,0.229818073774506,10163,5118
questions,bfs_snowball,bfs_snow_ts1500_mn8_dinf_M1,1500,15,1,3,3437,6,7503,20496,7503,0.24196981424148606,1,1,1250.5,3,1500.0,1500.0,1500,557.8989603861975,4.776444444444444,0.05437824870051979,0.03150799870491028,0.7258553680226401,0.8657033348140873,5002,2501
questions,bfs_snowball,bfs_snow_ts1500_mn8_dinf_Minf,1500,15,-1,3,3437,15,22500,176170,9854,0.3177889576883385,15,8,1500.0,1500,1500.0,1500.0,1500,0.0,15.659555555555556,0.07462222222222223,0.03150799870491028,1.3683580452411577,2.8382052013435897,6601,3253
questions,bfs_snowball,bfs_snow_ts1500_mn16_dinf_M1,1500,15,1,3,3437,8,6028,18300,6028,0.19440144478844168,1,1,753.5,4,7.25,1500.0,1500,746.5025117171408,3.879522727272727,0.05690112806901128,0.03150799870491028,0.805926444326776,0.7031413850931281,4030,1998
questions,bfs_snowball,bfs_snow_ts1500_mn16_dinf_Minf,1500,15,-1,3,3437,15,22500,172653,10023,0.3232391640866873,15,7,1500.0,1500,1500.0,1500.0,1500,0.0,15.346933333333336,0.07773333333333333,0.03150799870491028,1.467098404482897,2.781544205185757,6716,3307
questions,bfs_snowball,bfs_snow_ts1500_mn32_dinf_M1,1500,15,1,3,3437,9,7541,19836,7541,0.24319530443756449,1,1,837.8888888888889,2,2.0,1500.0,1500,740.3240198190165,3.482391534391535,0.05145206206073465,0.03150799870491028,0.6329841365873945,0.6311636196161693,5012,2529
questions,bfs_snowball,bfs_snow_ts1500_mn32_dinf_Minf,1500,15,-1,3,3437,15,22500,177644,9950,0.32088493292053666,15,7,1500.0,1500,1500.0,1500.0,1500,0.0,15.790577777777779,0.0716,0.03150799870491028,1.27243883912061,2.861952232431632,6671,3279
questions,bfs_snowball,bfs_snow_tsinf_mn8_d2_M1,,15,1,3,3437,15,274,301,274,0.008836429308565532,1,1,18.266666666666666,10,10.0,19.0,62,14.793992774846897,2.066444231195099,0.06204379562043796,0.03150799870491028,0.9691442862338606,0.37453124033163604,183,91
questions,bfs_snowball,bfs_snow_tsinf_mn16_d2_M1,,15,1,3,3437,15,321,362,321,0.010352167182662539,1,1,21.4,5,18.0,20.5,49,9.631891472256804,2.163432705415999,0.04672897196261682,0.03150799870491028,0.48308283240263283,0.39210984855123393,224,97
questions,bfs_snowball,bfs_snow_tsinf_mn8_d3_M1,,15,1,3,3437,13,1028,1833,1028,0.03315273477812178,1,1,79.07692307692308,14,29.0,147.0,225,69.85310029842466,2.789003230006408,0.07976653696498054,0.03150799870491028,1.5316281656616146,0.5054909410350394,687,341
questions,bfs_snowball,bfs_snow_tsinf_mn16_d3_M1,,15,1,3,3437,11,2017,4604,2017,0.06504772961816306,1,1,183.36363636363637,22,49.0,170.5,844,234.24395702975707,3.2295054164312416,0.06147744174516609,0.03150799870491028,0.9511693624509798,0.5853294519224471,1376,641
questions,bfs_snowball,bfs_snow_ts1500_mn8_d4_M1,1500,15,1,3,3437,10,2086,4575,2086,0.06727296181630547,1,1,208.6,30,70.25,292.25,446,140.43874109375946,3.5714676995282417,0.07094918504314478,0.03150799870491028,1.2517832918435374,0.6473081669061498,1403,683
questions,bfs_snowball,bfs_snow_ts1500_mn16_d4_M1,1500,15,1,3,3437,9,4433,15416,4433,0.14296310629514963,1,1,492.55555555555554,2,105.0,568.0,1500,561.9780761067921,3.6354771545728974,0.07083239341303857,0.03150799870491028,1.2480765622857501,0.6589095158459961,2935,1498
questions,forest_fire,ff_b0.3_M1,1500,15,1,4,3447,11,9041,21203,9041,0.3026782725142283,1,1,821.9090909090909,2,9.5,1500.0,1500,742.8258641584916,3.2252929292929293,0.04579139475721712,0.03234013915061951,0.41593066572627735,0.5679591319505483,5998,3043
questions,forest_fire,ff_b0.3_M2,1500,15,2,4,3447,10,13502,39175,9948,0.33304318714429193,2,2,1350.2,2,1500.0,1500.0,1500,449.40000000000003,5.3232,0.05243667604799289,0.03234013915061951,0.621411577846857,0.9373908409187379,6693,3255
questions,forest_fire,ff_b0.3_Minf,1500,15,-1,4,3447,15,22500,160928,9625,0.3222296618680951,15,7,1500.0,1500,1500.0,1500.0,1500,0.0,14.304711111111112,0.0784,0.03234013915061951,1.4242319934018641,2.518993308074853,6401,3224
questions,forest_fire,ff_b0.5_M1,1500,15,1,4,3447,7,9002,20885,9002,0.30137261466354204,1,1,1286.0,2,1500.0,1500.0,1500,524.1908049556001,4.120761904761904,0.045767607198400354,0.03234013915061951,0.4151951228547397,0.7256470670143264,6020,2982
questions,forest_fire,ff_b0.5_M2,1500,15,2,4,3447,10,12004,36085,9011,0.3016739203213927,2,2,1200.4,2,1500.0,1500.0,1500,599.2,5.011066666666667,0.05139953348883705,0.03234013915061951,0.5893417542036903,0.882425608011445,6024,2987
questions,forest_fire,ff_b0.5_Minf,1500,15,-1,4,3447,15,22500,163066,9344,0.31282222966186807,15,7,1500.0,1500,1500.0,1500.0,1500,0.0,14.494755555555559,0.07377777777777778,0.03234013915061951,1.2813067511604843,2.5524592536695545,6284,3060
questions,forest_fire,ff_b0.7_M1,1500,15,1,4,3447,8,9015,19407,9015,0.30180783394710414,1,1,1126.875,3,1128.0,1500.0,1500,646.275374260075,3.628166666666667,0.04204104270660011,0.03234013915061951,0.2999648056800268,0.6389033293244667,6051,2964
questions,forest_fire,ff_b0.7_M2,1500,15,2,4,3447,10,13503,36152,9780,0.32741881486441243,2,2,1350.3,3,1500.0,1500.0,1500,449.1,4.953333333333334,0.05028512182477968,0.03234013915061951,0.554882667343638,0.872259035671053,6587,3193
questions,forest_fire,ff_b0.7_Minf,1500,15,-1,4,3447,15,22500,149384,8722,0.2919986608637429,15,8,1500.0,1500,1500.0,1500.0,1500,0.0,13.278577777777778,0.07422222222222222,0.03234013915061951,1.2950495629144632,2.338295985368947,5829,2893
questions,rwr,rwr_r0.1_M1,1500,15,1,4,3447,5,6002,18633,6002,0.2009373953799799,1,1,1200.4,2,1500.0,1500.0,1500,599.2,5.168533333333333,0.05498167277574142,0.03234013915061951,0.7001062524707222,0.9101547579745005,4034,1968
questions,rwr,rwr_r0.1_M2,1500,15,2,4,3447,10,9009,35090,6888,0.23059926347505857,2,2,900.9,2,2.25,1500.0,1500,733.7447035583971,5.1113333333333335,0.060384060384060384,0.03234013915061951,0.867155243297822,0.9000821031615023,4634,2254
questions,rwr,rwr_r0.15_M1,1500,15,1,4,3447,7,6983,19881,6983,0.23377971208570472,1,1,997.5714285714286,3,490.0,1500.0,1500,653.1855691571133,4.295384855581577,0.04868967492481741,0.03234013915061951,0.5055493329219245,0.7563973590778528,4649,2334
questions,rwr,rwr_r0.15_M2,1500,15,2,4,3447,11,12996,37930,9656,0.32326749246735853,2,2,1181.4545454545455,3,1095.5,1500.0,1500,540.5813980649763,4.967573122277102,0.05063096337334565,0.03234013915061951,0.5655765467655931,0.8747665964864467,6412,3244
questions,metis,metis_K5,,5,1,4,3447,5,27405,56483,27405,0.9174757281553398,1,1,5481.0,3860,5792.0,5968.0,5974,814.061422744009,3.972794187662745,0.033059660645867545,0.03234013915061951,0.02224855903980405,0.699590638031683,18306,9099
questions,metis,metis_K15,,15,1,4,3447,15,29408,45148,29408,0.9845329762303314,1,1,1960.5333333333333,1831,1897.0,2019.0,2049,71.79866913034594,3.0502248221402515,0.032712187159956475,0.03234013915061951,0.011504217950461193,0.537130449920585,19629,9779
questions,uniform,uniform_K15,1500,15,-1,4,3447,15,1971,2245,1770,0.059256779377301644,4,2,131.4,84,112.5,154.5,190,31.0328857826661,2.2553574495113486,0.0700152207001522,0.03234013915061951,1.1649634954898143,0.3971579907141913,1167,603
questions,bfs_partition,bfs_part_mn32,1500,0,1,4,3447,1281,14571,27043,14571,0.4878138600602611,1,1,11.374707259953162,2,2.0,4.0,1500,102.85907437231815,1.2656786981239394,0.04056001647107268,0.03234013915061951,0.25416950997552257,0.22288015088054797,9764,4807
questions,bfs_snowball,bfs_snow_ts1500_mn8_dinf_M1,1500,15,1,4,3447,7,7508,20993,7508,0.2513558754603281,1,1,1072.5714285714287,4,752.0,1500.0,1500,675.8239113731279,4.426095238095238,0.05247735748534896,0.03234013915061951,0.6226695018516548,0.7794148514473468,4966,2542
questions,bfs_snowball,bfs_snow_ts1500_mn8_dinf_Minf,1500,15,-1,4,3447,15,22500,191829,9434,0.31583528624037494,15,8,1500.0,1500,1500.0,1500.0,1500,0.0,17.051466666666666,0.08186666666666667,0.03234013915061951,1.5314259250828992,3.002684227074785,6269,3165
questions,bfs_snowball,bfs_snow_ts1500_mn16_dinf_M1,1500,15,1,4,3447,6,4507,16515,4507,0.15088717777033814,1,1,751.1666666666666,2,2.25,1500.0,1500,748.8334075228096,4.224666666666667,0.056134901264699354,0.03234013915061951,0.7357656070451395,0.7439442138691066,3007,1500
questions,bfs_snowball,bfs_snow_ts1500_mn16_dinf_Minf,1500,15,-1,4,3447,15,22500,181114,10040,0.3361232005356545,15,7,1500.0,1500,1500.0,1500.0,1500,0.0,16.09902222222222,0.07866666666666666,0.03234013915061951,1.4324776804542516,2.834963176070472,6752,3288
questions,bfs_snowball,bfs_snow_ts1500_mn32_dinf_M1,1500,15,1,4,3447,8,9005,22802,9005,0.3014730498828256,1,1,1125.625,2,1125.75,1500.0,1500,648.4365692764405,4.0915,0.049305941143809,0.03234013915061951,0.5246051018572842,0.7204941812479366,6062,2943
questions,bfs_snowball,bfs_snow_ts1500_mn32_dinf_Minf,1500,15,-1,4,3447,15,22500,196002,9448,0.3163039839303649,15,8,1500.0,1500,1500.0,1500.0,1500,0.0,17.422399999999996,0.08617777777777778,0.03234013915061951,1.6647311990964937,3.068003867377257,6349,3099
questions,bfs_snowball,bfs_snow_tsinf_mn8_d2_M1,,15,1,4,3447,13,281,505,281,0.009407432206226984,1,1,21.615384615384617,7,10.0,23.0,71,20.90836586903935,2.510755155335682,0.10676156583629894,0.03234013915061951,2.301209229158614,0.44213234265125706,182,99
questions,bfs_snowball,bfs_snow_tsinf_mn16_d2_M1,,15,1,4,3447,15,541,999,541,0.018111817877469034,1,1,36.06666666666667,6,14.0,36.5,168,41.93402225189258,2.487192498153596,0.07948243992606285,0.03234013915061951,1.4577024717143274,0.43798306796118425,363,178
questions,bfs_snowball,bfs_snow_tsinf_mn8_d3_M1,,15,1,4,3447,11,846,3532,846,0.028322731837964514,1,1,76.9090909090909,4,32.5,60.0,440,116.95566723837523,3.4567047785635867,0.09810874704491726,0.03234013915061951,2.033652594628304,0.6087096857502142,566,280
questions,bfs_snowball,bfs_snow_tsinf_mn16_d3_M1,,15,1,4,3447,12,1400,3123,1400,0.04686976899899565,1,1,116.66666666666667,2,39.0,134.5,533,139.8393920022379,3.2082687325775936,0.07142857142857142,0.03234013915061951,1.2086661747465963,0.5649612498354757,938,462
questions,bfs_snowball,bfs_snow_ts1500_mn8_d4_M1,1500,15,1,4,3447,11,3310,10539,3310,0.11081352527619685,1,1,300.90909090909093,2,68.0,328.0,1500,397.340580849833,3.459797847209434,0.06646525679758308,0.03234013915061951,1.0551939027853527,0.6092543607988599,2218,1092
questions,bfs_snowball,bfs_snow_ts1500_mn16_d4_M1,1500,15,1,4,3447,12,3400,7643,3400,0.11382658185470372,1,1,283.3333333333333,3,123.75,421.75,663,200.5506309029108,3.4481841463670886,0.062058823529411763,0.03234013915061951,0.9189411412357193,0.6072092419232239,2268,1132
weibo,forest_fire,ff_b0.3_M1,300,15,1,0,3407,14,4200,30328,4200,0.834326579261025,1,1,300.0,300,300.0,300.0,300,0.0,14.441904761904764,0.09238095238095238,0.10349622368812561,-0.10739784420219878,0.28121174880448613,2784,1416
weibo,forest_fire,ff_b0.3_M2,300,15,2,0,3407,15,4500,46448,3118,0.619388160508542,2,2,300.0,300,300.0,300.0,300,0.0,20.643555555555558,0.08977777777777778,0.10349622368812561,-0.13255020735526402,0.40196985474059355,2088,1030
weibo,forest_fire,ff_b0.3_Minf,300,15,-1,0,3407,15,4500,64245,2609,0.5182757250695272,13,4,300.0,300,300.0,300.0,300,0.0,28.553333333333338,0.03266666666666666,0.10349622368812561,-0.6843685160426332,0.5559884885852875,1739,870
weibo,forest_fire,ff_b0.5_M1,300,15,1,0,3407,15,4202,32916,4202,0.8347238776321018,1,1,280.1333333333333,2,300.0,300.0,300,74.33426008390896,14.695555555555556,0.11137553545930509,0.10349622368812561,0.0761313938846977,0.2861508191310223,2810,1392
weibo,forest_fire,ff_b0.5_M2,300,15,2,0,3407,15,4500,45940,2953,0.5866110448947159,2,2,300.0,300,300.0,300.0,300,0.0,20.41777777777778,0.02,0.10349622368812561,-0.8067562343118162,0.3975735258091385,1976,977
weibo,forest_fire,ff_b0.5_Minf,300,15,-1,0,3407,15,4500,57071,2508,0.49821215733015495,14,4,300.0,300,300.0,300.0,300,0.0,25.364888888888895,0.049555555555555554,0.10349622368812561,-0.5211848916837225,0.4939033237147007,1687,821
weibo,forest_fire,ff_b0.7_M1,300,15,1,0,3407,15,4451,29729,4451,0.8841875248311482,1,1,296.73333333333335,251,300.0,300.0,300,12.222747463461541,13.250804780876491,0.09121545720062907,0.10349622368812561,-0.11865907807905407,0.25801873415800447,2970,1481
weibo,forest_fire,ff_b0.7_M2,300,15,2,0,3407,15,4500,49467,3107,0.6172030194676201,2,2,300.0,300,300.0,300.0,300,0.0,21.985333333333337,0.08755555555555555,0.10349622368812561,-0.15402173687617327,0.4280968567958349,2062,1045
weibo,forest_fire,ff_b0.7_Minf,300,15,-1,0,3407,15,4500,62576,2458,0.488279698053238,11,4,300.0,300,300.0,300.0,300,0.0,27.81155555555556,0.084,0.10349622368812561,-0.1883761841096281,0.5415446441234797,1648,810
weibo,rwr,rwr_r0.1_M1,300,15,1,0,3407,13,3621,18709,3621,0.7193087008343266,1,1,278.53846153846155,21,300.0,300.0,300,74.34495004795643,10.486886446886446,0.11930405965202982,0.10349622368812561,0.15273828745229756,0.2041999117056945,2425,1196
weibo,rwr,rwr_r0.1_M2,300,15,2,0,3407,15,4500,25155,2918,0.5796583234008741,2,2,300.0,300,300.0,300.0,300,0.0,11.180000000000001,0.112,0.10349622368812561,0.08216508785382914,0.21769616982431172,1924,994
weibo,rwr,rwr_r0.15_M1,300,15,1,0,3407,13,3900,22857,3900,0.7747318235995232,1,1,300.0,300,300.0,300.0,300,0.0,11.721538461538463,0.10333333333333333,0.10349622368812561,-0.0015738772777171839,0.22824096847274405,2607,1293
weibo,rwr,rwr_r0.15_M2,300,15,2,0,3407,15,4500,35983,3096,0.6150178784266984,2,2,300.0,300,300.0,300.0,300,0.0,15.992444444444443,0.06155555555555556,0.10349622368812561,-0.40523863227081214,0.31140374791445863,2081,1015
weibo,metis,metis_K5,,5,1,0,3407,5,4900,97614,4900,0.9733810091378625,1,1,980.0,877,1004.0,1007.0,1007,51.513105128695166,39.85530981891428,0.07979591836734694,0.10349622368812561,-0.22899681240734848,0.7760597759158246,3267,1633
weibo,metis,metis_K15,,15,1,0,3407,15,4967,72147,4967,0.9866905045689313,1,1,331.1333333333333,262,326.0,345.0,345,20.382563354222377,29.012795143304267,0.09200724783571572,0.10349622368812561,-0.11100864788101494,0.5649350964753784,3313,1654
weibo,uniform,uniform_K15,300,15,-1,0,3407,15,3243,6920,2330,0.46285260230433056,5,3,216.2,161,197.5,233.0,263,27.77336853894392,4.272935276801956,0.054270736971939564,0.10349622368812561,-0.475625921043473,0.08320229370903139,1548,782
weibo,bfs_partition,bfs_part_mn32,300,0,1,0,3407,47,4452,33136,4452,0.8843861740166865,1,1,94.72340425531915,2,2.0,300.0,300,133.3652323393233,6.720486602635188,0.11590296495956873,0.10349622368812561,0.11987627016063374,0.13086084013857616,2976,1476
weibo,bfs_snowball,bfs_snow_ts300_mn8_dinf_M1,300,15,1,0,3407,13,3602,24407,3602,0.7155343663090982,1,1,277.0769230769231,2,300.0,300.0,300,79.40786779315776,12.592820512820513,0.0966129927817879,0.10349622368812561,-0.06650707302209957,0.24520651099517443,2379,1223
weibo,bfs_snowball,bfs_snow_ts300_mn8_dinf_Minf,300,15,-1,0,3407,15,4500,58256,2714,0.5391338895510528,13,4,300.0,300,300.0,300.0,300,0.0,25.891555555555556,0.14022222222222222,0.10349622368812561,0.35485351276937727,0.5041585398244922,1853,861
weibo,bfs_snowball,bfs_snow_ts300_mn16_dinf_M1,300,15,1,0,3407,13,3618,28493,3618,0.7187127532777116,1,1,278.3076923076923,18,300.0,300.0,300,75.14435811298823,14.748376068376068,0.07269209508015478,0.10349622368812561,-0.2976352905473696,0.2871793364234357,2418,1200
weibo,bfs_snowball,bfs_snow_ts300_mn16_dinf_Minf,300,15,-1,0,3407,15,4500,60592,2909,0.577870480731029,13,3,300.0,300,300.0,300.0,300,0.0,26.929777777777772,0.11666666666666667,0.10349622368812561,0.12725529984773876,0.5243747295565371,1923,986
weibo,bfs_snowball,bfs_snow_ts300_mn32_dinf_M1,300,15,1,0,3407,15,4234,31559,4234,0.8410806515693285,1,1,282.26666666666665,34,300.0,300.0,300,66.35205765879122,14.140967320261439,0.08573452999527634,0.10349622368812561,-0.1716168287103128,0.27535191621034666,2810,1424
weibo,bfs_snowball,bfs_snow_ts300_mn32_dinf_Minf,300,15,-1,0,3407,15,4500,66385,2821,0.5603893524036552,13,3,300.0,300,300.0,300.0,300,0.0,29.50444444444444,0.05266666666666667,0.10349622368812561,-0.49112475035444936,0.574508456918582,1874,947
weibo,bfs_snowball,bfs_snow_tsinf_mn8_d2_M1,,15,1,0,3407,15,979,5554,979,0.19447755264203417,1,1,65.26666666666667,26,63.5,73.0,73,14.101851730259478,11.530603641161909,0.17568947906026558,0.10349622368812561,0.6975448262700514,0.2245230991451887,643,336
weibo,bfs_snowball,bfs_snow_tsinf_mn16_d2_M1,,15,1,0,3407,13,2357,21721,2357,0.4682161303138657,1,1,181.30769230769232,58,128.0,230.0,273,67.4974468068518,15.660462759897367,0.03563852354688163,0.10349622368812561,-0.6556538753116794,0.30493942401663027,1564,793
weibo,bfs_snowball,bfs_snow_tsinf_mn8_d3_M1,,15,1,0,3407,10,2916,36562,2916,0.5792610250297974,1,1,291.6,13,115.5,384.5,562,182.5388725723921,18.692465657091763,0.10219478737997256,0.10349622368812561,-0.01257472264954107,0.3639783701360789,1942,974
weibo,bfs_snowball,bfs_snow_tsinf_mn16_d3_M1,,15,1,0,3407,7,4118,91339,4118,0.8180373460468812,1,1,588.2857142857143,10,126.0,375.0,2782,905.8958808487737,20.7694512360898,0.09834871296745994,0.10349622368812561,-0.049736217779086545,0.4044212865339504,2756,1362
weibo,bfs_snowball,bfs_snow_ts300_mn8_d4_M1,300,15,1,0,3407,11,3063,22146,3063,0.6084624553039333,1,1,278.45454545454544,157,300.0,300.0,300,46.88353778995863,13.916012015523485,0.0940254652301665,0.10349622368812561,-0.09150825141696173,0.2709716024157927,2014,1049
weibo,bfs_snowball,bfs_snow_ts300_mn16_d4_M1,300,15,1,0,3407,13,3474,30839,3474,0.6901072705601907,1,1,267.2307692307692,18,300.0,300.0,300,81.47689983731948,16.252044707429324,0.0800230282095567,0.10349622368812561,-0.22680243435067526,0.31645866588737387,2314,1160
weibo,forest_fire,ff_b0.3_M1,300,15,1,1,3417,13,3900,30987,3900,0.7751937984496124,1,1,300.0,300,300.0,300.0,300,0.0,15.89076923076923,0.10923076923076923,0.10355794429779053,0.054779234673353105,0.2885216355696705,2616,1284
weibo,forest_fire,ff_b0.3_M2,300,15,2,1,3417,15,4500,40755,3104,0.6169747565096402,2,2,300.0,300,300.0,300.0,300,0.0,18.113333333333333,0.0768888888888889,0.10355794429779053,-0.25752785640676945,0.32887574434299327,2066,1038
weibo,forest_fire,ff_b0.3_Minf,300,15,-1,1,3417,15,4500,64986,2579,0.5126217451798847,12,4,300.0,300,300.0,300.0,300,0.0,28.882666666666672,0.06733333333333333,0.10355794429779053,-0.3498004060440786,0.5244097441264572,1733,846
weibo,forest_fire,ff_b0.5_M1,300,15,1,1,3417,15,4276,39379,4276,0.8499304313257802,1,1,285.06666666666666,76,300.0,300.0,300,55.875416975824194,18.43969590643275,0.10757717492984098,0.10355794429779053,0.03881141769763974,0.33480136455759196,2865,1411
weibo,forest_fire,ff_b0.5_M2,300,15,2,1,3417,15,4500,51360,3077,0.6116080302126814,2,2,300.0,300,300.0,300.0,300,0.0,22.826666666666668,0.042888888888888886,0.10355794429779053,-0.5858464632557991,0.4144536432206143,2066,1011
weibo,forest_fire,ff_b0.5_Minf,300,15,-1,1,3417,15,4500,62299,2538,0.5044722719141324,12,4,300.0,300,300.0,300.0,300,0.0,27.688444444444443,0.03333333333333333,0.10355794429779053,-0.6781190128931082,0.5027267819120141,1695,843
weibo,forest_fire,ff_b0.7_M1,300,15,1,1,3417,13,3621,31526,3621,0.7197376267143709,1,1,278.53846153846155,21,300.0,300.0,300,74.34495004795642,17.379926739926738,0.07649820491576913,0.10355794429779053,-0.26130046869420853,0.3155596067291184,2425,1196
weibo,forest_fire,ff_b0.7_M2,300,15,2,1,3417,15,4500,45838,2945,0.5853707016497715,2,2,300.0,300,300.0,300.0,300,0.0,20.372444444444447,0.11288888888888889,0.10355794429779053,0.09010360966867359,0.36989342091017363,1952,993
weibo,forest_fire,ff_b0.7_Minf,300,15,-1,1,3417,15,4500,68704,2511,0.4991055456171735,13,4,300.0,300,300.0,300.0,300,0.0,30.53511111111111,0.06733333333333333,0.10355794429779053,-0.3498004060440786,0.5544124436103792,1669,842
weibo,rwr,rwr_r0.1_M1,300,15,1,1,3417,12,3392,21294,3392,0.6742198370105347,1,1,282.6666666666667,92,300.0,300.0,300,57.48816303282693,12.469323671497584,0.09522405660377359,0.10355794429779053,-0.08047559992164455,0.2263999689317707,2268,1124
weibo,rwr,rwr_r0.1_M2,300,15,2,1,3417,15,4500,34625,3070,0.6102166567282846,2,2,300.0,300,300.0,300.0,300,0.0,15.38888888888889,0.07111111111111111,0.10355794429779053,-0.3133205608386308,0.2794092172218413,2024,1046
weibo,rwr,rwr_r0.15_M1,300,15,1,1,3417,11,3300,23875,3300,0.655933214072749,1,1,300.0,300,300.0,300.0,300,0.0,14.46969696969697,0.058787878787878785,0.10355794429779053,-0.4323189863751181,0.2627198580047835,2208,1092
weibo,rwr,rwr_r0.15_M2,300,15,2,1,3417,12,3600,31613,2616,0.5199761478831246,2,2,300.0,300,300.0,300.0,300,0.0,17.56277777777777,0.10972222222222222,0.10355794429779053,0.05952491589351894,0.31887955177018285,1744,872
weibo,metis,metis_K5,,5,1,1,3417,5,5021,105023,5021,0.9980123235937189,1,1,1004.2,999,1003.0,1006.0,1007,2.9257477676655586,41.80803490724263,0.10376419040031866,0.10355794429779053,0.0019916009720610806,0.7590899116472541,3349,1672
weibo,metis,metis_K15,,15,1,1,3417,15,4892,74157,4892,0.9723712979526933,1,1,326.1333333333333,245,322.5,345.0,345,27.276037509547134,30.189236945908025,0.08360588716271464,0.10355794429779053,-0.19266563536353998,0.5481325600882864,3265,1627
weibo,uniform,uniform_K15,300,15,-1,1,3417,15,3418,7378,2475,0.4919499105545617,5,3,227.86666666666667,176,202.0,255.0,265,29.707163371071893,4.30131156253925,0.05236980690462258,0.10355794429779053,-0.49429464576828297,0.07809700267470845,1664,811
weibo,bfs_partition,bfs_part_mn32,300,0,1,1,3417,48,4545,34825,4545,0.9033989266547406,1,1,94.6875,2,2.0,300.0,300,132.50175411574747,6.981092765897159,0.11375137513751375,0.10355794429779053,0.09843214742087825,0.12675259917437876,3032,1513
weibo,bfs_snowball,bfs_snow_ts300_mn8_dinf_M1,300,15,1,1,3417,15,3910,29587,3910,0.7771814748558935,1,1,260.6666666666667,2,300.0,300.0,300,100.28670012629901,13.362,0.08312020460358056,0.10355794429779053,-0.19735559481018028,0.24260789635136598,2618,1292
weibo,bfs_snowball,bfs_snow_ts300_mn8_dinf_Minf,300,15,-1,1,3417,15,4500,65372,2611,0.518982309679984,15,4,300.0,300,300.0,300.0,300,0.0,29.054222222222222,0.03844444444444445,0.10355794429779053,-0.6287639282033848,0.5275246021148363,1753,858
weibo,bfs_snowball,bfs_snow_ts300_mn16_dinf_M1,300,15,1,1,3417,11,3300,31603,3300,0.655933214072749,1,1,300.0,300,300.0,300.0,300,0.0,19.153333333333332,0.02393939393939394,0.10355794429779053,-0.768830927441414,0.34775856220000717,2205,1095
weibo,bfs_snowball,bfs_snow_ts300_mn16_dinf_Minf,300,15,-1,1,3417,15,4500,75113,2723,0.541244285430332,11,3,300.0,300,300.0,300.0,300,0.0,33.38355555555555,0.050888888888888886,0.10355794429779053,-0.5085950263501452,0.6061303836298675,1777,946
weibo,bfs_snowball,bfs_snow_ts300_mn32_dinf_M1,300,15,1,1,3417,11,3300,29448,3300,0.655933214072749,1,1,300.0,300,300.0,300.0,300,0.0,17.847272727272728,0.0809090909090909,0.10355794429779053,-0.21870705856781725,0.32404500014763826,2213,1087
weibo,bfs_snowball,bfs_snow_ts300_mn32_dinf_Minf,300,15,-1,1,3417,15,4500,73950,2697,0.5360763267740012,11,4,300.0,300,300.0,300.0,300,0.0,32.86666666666666,0.13244444444444445,0.10355794429779053,0.27894045543805013,0.5967454617633259,1799,898
weibo,bfs_snowball,bfs_snow_tsinf_mn8_d2_M1,,15,1,1,3417,15,977,4827,977,0.1941959848936593,1,1,65.13333333333334,36,64.0,73.0,73,13.240678062529712,9.788354864233362,0.0849539406345957,0.10355794429779053,-0.17964825189748146,0.17772280963570697,655,322
weibo,bfs_snowball,bfs_snow_tsinf_mn16_d2_M1,,15,1,1,3417,15,2750,28156,2750,0.5466110117272908,1,1,183.33333333333334,28,120.0,258.5,273,85.38435974397704,17.336377916919343,0.0669090909090909,0.10355794429779053,-0.3538970731527118,0.31476891010148766,1820,930
weibo,bfs_snowball,bfs_snow_tsinf_mn8_d3_M1,,15,1,1,3417,11,3072,34396,3072,0.6106141920095408,1,1,279.27272727272725,5,133.0,452.0,543,186.99445344671247,16.506301433722395,0.07975260416666667,0.10355794429779053,-0.2298745913946436,0.2996975802557197,2076,996
weibo,bfs_snowball,bfs_snow_tsinf_mn16_d3_M1,,15,1,1,3417,13,3898,41638,3898,0.7747962631683561,1,1,299.84615384615387,8,13.0,661.0,1123,379.91250939249085,12.250532262104478,0.11236531554643407,0.10355794429779053,0.08504776053990737,0.22242747053537706,2611,1287
weibo,bfs_snowball,bfs_snow_ts300_mn8_d4_M1,300,15,1,1,3417,14,3412,28335,3412,0.6781951898230968,1,1,243.71428571428572,6,300.0,300.0,300,108.34562986204881,14.496522108843536,0.06946072684642439,0.10355794429779053,-0.32925738032532215,0.26320691013602737,2278,1134
weibo,bfs_snowball,bfs_snow_ts300_mn16_d4_M1,300,15,1,1,3417,12,3557,33187,3557,0.7070164977141722,1,1,296.4166666666667,257,300.0,300.0,300,11.884572165440183,18.51074794638997,0.07646893449536125,0.10355794429779053,-0.2615831164486261,0.33609142487382415,2378,1179
weibo,forest_fire,ff_b0.3_M1,300,15,1,2,3427,15,4204,33939,4204,0.8346237839984118,1,1,280.26666666666665,4,300.0,300.0,300,73.83537243233911,15.182666666666668,0.08372978116079924,0.10343458503484726,-0.19050498310027975,0.26434894364249767,2808,1396
weibo,forest_fire,ff_b0.3_M2,300,15,2,2,3427,15,4500,45552,3057,0.6069088743299583,2,2,300.0,300,300.0,300.0,300,0.0,20.245333333333335,0.042444444444444444,0.10343458503484726,-0.5896493959912456,0.3524962114927272,2036,1021
weibo,forest_fire,ff_b0.3_Minf,300,15,-1,2,3427,15,4500,64636,2720,0.540003970617431,14,4,300.0,300,300.0,300.0,300,0.0,28.727111111111117,0.052,0.10343458503484726,-0.49726679927723283,0.5001744188190183,1816,904
weibo,forest_fire,ff_b0.5_M1,300,15,1,2,3427,15,4232,36621,4232,0.8401826484018264,1,1,282.1333333333333,32,300.0,300.0,300,66.8509453103611,17.307055555555554,0.09593572778827977,0.10343458503484726,-0.07249854817942292,0.30133717311450325,2822,1410
weibo,forest_fire,ff_b0.5_M2,300,15,2,2,3427,15,4500,48145,3029,0.6013500099265435,2,2,300.0,300,300.0,300.0,300,0.0,21.39777777777778,0.06355555555555556,0.10343458503484726,-0.38554831022772895,0.3725616899876482,2021,1008
weibo,forest_fire,ff_b0.5_Minf,300,15,-1,2,3427,15,4500,64479,2589,0.5139964264443121,11,4,300.0,300,300.0,300.0,300,0.0,28.657333333333334,0.051333333333333335,0.10343458503484726,-0.5037120967223965,0.49895950168685366,1715,874
weibo,forest_fire,ff_b0.7_M1,300,15,1,2,3427,14,3975,33329,3975,0.7891602144133413,1,1,283.92857142857144,75,300.0,300.0,300,57.946359784242695,16.878095238095238,0.11270440251572326,0.10343458503484726,0.08962009638993562,0.2938684451713322,2646,1329
weibo,forest_fire,ff_b0.7_M2,300,15,2,2,3427,15,4500,51847,3161,0.6275560849712131,2,2,300.0,300,300.0,300.0,300,0.0,23.043111111111106,0.09644444444444444,0.10343458503484726,-0.06758030293298734,0.4012089716645465,2092,1069
weibo,forest_fire,ff_b0.7_Minf,300,15,-1,2,3427,15,4500,77245,2417,0.4798491165376216,14,4,300.0,300,300.0,300.0,300,0.0,34.33111111111111,0.021555555555555557,0.10343458503484726,-0.7916020492730409,0.5977469673506259,1607,810
weibo,rwr,rwr_r0.1_M1,300,15,1,2,3427,13,3837,19954,3837,0.7617629541393687,1,1,295.15384615384613,237,300.0,300.0,300,16.78756936566758,10.29607270366764,0.09538702111024237,0.10343458503484726,-0.07780341480457098,0.17926731862305012,2564,1273
weibo,rwr,rwr_r0.1_M2,300,15,2,2,3427,15,4500,33459,3095,0.6144530474488783,2,2,300.0,300,300.0,300.0,300,0.0,14.870666666666665,0.07466666666666667,0.10343458503484726,-0.2781266861416676,0.2589166390133289,2079,1016
weibo,rwr,rwr_r0.15_M1,300,15,1,2,3427,10,3000,15175,3000,0.5955926146515783,1,1,300.0,300,300.0,300.0,300,0.0,10.116666666666665,0.10833333333333334,0.10343458503484726,0.047360834839098365,0.1761436383496488,2000,1000
weibo,rwr,rwr_r0.15_M2,300,15,2,2,3427,13,3900,32584,2796,0.5550923168552709,2,2,300.0,300,300.0,300.0,300,0.0,16.709743589743592,0.10564102564102563,0.10343458503484726,0.02133174900286039,0.290937235432009,1869,927
weibo,metis,metis_K5,,5,1,2,3427,5,5022,106569,5022,0.9970220369267421,1,1,1004.4,994,1005.0,1008.0,1008,5.314132102234569,42.44312913538946,0.10374352847471127,0.10343458503484726,0.002986848545483367,0.7389872015339194,3346,1676
weibo,metis,metis_K15,,15,1,2,3427,15,4987,75696,4987,0.9900734564224737,1,1,332.46666666666664,310,326.0,344.5,345,11.89883280923899,30.232988992781205,0.10447162622819331,0.10343458503484726,0.010026058431004126,0.5263936091637594,3329,1658
weibo,uniform,uniform_K15,300,15,-1,2,3427,15,3440,8094,2505,0.4973198332340679,5,3,229.33333333333334,180,207.0,250.0,267,27.581797540326402,4.676940062934731,0.04854651162790698,0.10343458503484726,-0.5306549389495633,0.08143129216097783,1661,844
weibo,bfs_partition,bfs_part_mn32,300,0,1,2,3427,54,4271,32579,4271,0.847925352392297,1,1,79.0925925925926,2,2.0,90.25,300,125.34947716927977,5.911624052539086,0.12128307188012175,0.10343458503484726,0.17255820999582783,0.10292866252087611,2848,1423
weibo,bfs_snowball,bfs_snow_ts300_mn8_dinf_M1,300,15,1,2,3427,11,3012,23244,3012,0.5979749851101847,1,1,273.8181818181818,12,300.0,300.0,300,82.79417873895393,15.047272727272729,0.10590969455511288,0.10343458503484726,0.023929225601202475,0.2619915682459237,2002,1010
weibo,bfs_snowball,bfs_snow_ts300_mn8_dinf_Minf,300,15,-1,2,3427,15,4500,75336,2591,0.5143934881874132,15,4,300.0,300,300.0,300.0,300,0.0,33.48266666666667,0.04711111111111111,0.10343458503484726,-0.5445323138750998,0.5829745036225873,1704,887
weibo,bfs_snowball,bfs_snow_ts300_mn16_dinf_M1,300,15,1,2,3427,11,3300,31850,3300,0.6551518761167362,1,1,300.0,300,300.0,300.0,300,0.0,19.3030303030303,0.09787878787878788,0.10343458503484726,-0.05371314782369574,0.33608955407735897,2198,1102
weibo,bfs_snowball,bfs_snow_ts300_mn16_dinf_Minf,300,15,-1,2,3427,15,4500,71065,2703,0.5366289458010721,13,4,300.0,300,300.0,300.0,300,0.0,31.584444444444443,0.07644444444444444,0.10343458503484726,-0.2609392262878978,0.5499241146323028,1796,907
weibo,bfs_snowball,bfs_snow_ts300_mn32_dinf_M1,300,15,1,2,3427,14,4200,34773,4200,0.8338296605122096,1,1,300.0,300,300.0,300.0,300,0.0,16.55857142857143,0.10761904761904761,0.10343458503484726,0.04045515900499441,0.28830514174310845,2800,1400
weibo,bfs_snowball,bfs_snow_ts300_mn32_dinf_Minf,300,15,-1,2,3427,15,4500,80594,2879,0.5715703791939647,13,3,300.0,300,300.0,300.0,300,0.0,35.81955555555555,0.12644444444444444,0.10343458503484726,0.22245808209937845,0.6236626200615748,1918,961
weibo,bfs_snowball,bfs_snow_tsinf_mn8_d2_M1,,15,1,2,3427,15,988,5671,988,0.19614850109191978,1,1,65.86666666666666,10,73.0,73.0,73,17.001437847690674,10.938621439443358,0.09412955465587045,0.10343458503484726,-0.08996053279318461,0.19045488423786086,655,333
weibo,bfs_snowball,bfs_snow_tsinf_mn16_d2_M1,,15,1,2,3427,15,2634,24323,2634,0.5229303156640858,1,1,175.6,22,119.5,244.0,273,84.68435510765846,15.399457316832175,0.06643887623386484,0.10343458503484726,-0.3576725211254873,0.26812353611831363,1767,867
weibo,bfs_snowball,bfs_snow_tsinf_mn8_d3_M1,,15,1,2,3427,10,2994,34640,2994,0.5944014294222751,1,1,299.4,2,162.0,430.75,566,177.70661214484957,20.267416148277345,0.11055444221776888,0.10343458503484726,0.06883439596652252,0.35288070052428305,1992,1002
weibo,bfs_snowball,bfs_snow_tsinf_mn16_d3_M1,,15,1,2,3427,11,4355,81022,4355,0.8646019456025412,1,1,395.90909090909093,5,66.5,535.0,1917,535.7396678756737,17.755005724213504,0.10057405281285878,0.10343458503484726,-0.02765547153328618,0.30913653777744393,2878,1477
weibo,bfs_snowball,bfs_snow_ts300_mn8_d4_M1,300,15,1,2,3427,13,3448,27360,3448,0.684534445106214,1,1,265.2307692307692,76,260.0,300.0,300,64.49228200234369,15.67280650096309,0.06438515081206496,0.10343458503484726,-0.37752782794677897,0.2728828823950248,2282,1166
weibo,bfs_snowball,bfs_snow_ts300_mn16_d4_M1,300,15,1,2,3427,11,3300,31850,3300,0.6551518761167362,1,1,300.0,300,300.0,300.0,300,0.0,19.3030303030303,0.09787878787878788,0.10343458503484726,-0.05371314782369574,0.33608955407735897,2198,1102
weibo,forest_fire,ff_b0.3_M1,300,15,1,3,3437,14,4200,30233,4200,0.834326579261025,1,1,300.0,300,300.0,300.0,300,0.0,14.396666666666667,0.0869047619047619,0.10349622368812561,-0.16030982766443957,0.2699737002875832,2803,1397
weibo,forest_fire,ff_b0.3_M2,300,15,2,3,3437,15,4500,42569,3118,0.619388160508542,2,2,300.0,300,300.0,300.0,300,0.0,18.919555555555558,0.050888888888888886,0.10349622368812561,-0.5083019739711769,0.3547892397172843,2048,1070
weibo,forest_fire,ff_b0.3_Minf,300,15,-1,3,3437,15,4500,56040,2788,0.5538339292808899,10,3,300.0,300,300.0,300.0,300,0.0,24.90666666666667,0.034666666666666665,0.10349622368812561,-0.6650441394738148,0.4670626275871318,1840,948
weibo,forest_fire,ff_b0.5_M1,300,15,1,3,3437,15,4500,31737,4500,0.8939213349225268,1,1,300.0,300,300.0,300.0,300,0.0,14.10533333333333,0.10155555555555555,0.10349622368812561,-0.01875110089444465,0.2645104677325624,3017,1483
weibo,forest_fire,ff_b0.5_M2,300,15,2,3,3437,14,4200,42700,2939,0.5838299562971792,2,2,300.0,300,300.0,300.0,300,0.0,20.333333333333336,0.03571428571428571,0.10349622368812561,-0.6549218469853861,0.381301127982,1937,1002
weibo,forest_fire,ff_b0.5_Minf,300,15,-1,3,3437,15,4500,64136,2744,0.545093365117203,14,3,300.0,300,300.0,300.0,300,0.0,28.504888888888892,0.03177777777777778,0.10349622368812561,-0.692957127850997,0.5345383419508973,1830,914
weibo,forest_fire,ff_b0.7_M1,300,15,1,3,3437,14,3988,30537,3988,0.7922129519268971,1,1,284.85714285714283,88,300.0,300.0,300,54.598347885597555,15.626666666666665,0.10732196589769308,0.10349622368812561,0.036965041556452416,0.2930392931114124,2649,1339
weibo,forest_fire,ff_b0.7_M2,300,15,2,3,3437,15,4500,45003,2967,0.5893921334922527,2,2,300.0,300,300.0,300.0,300,0.0,20.001333333333335,0.050888888888888886,0.10349622368812561,-0.5083019739711769,0.3750752931710152,1946,1021
weibo,forest_fire,ff_b0.7_Minf,300,15,-1,3,3437,15,4500,68946,2597,0.5158919348430672,14,4,300.0,300,300.0,300.0,300,0.0,30.64266666666667,0.05466666666666667,0.10349622368812561,-0.471800373785631,0.5746270507070377,1712,885
weibo,rwr,rwr_r0.1_M1,300,15,1,3,3437,11,3300,20914,3300,0.6555423122765197,1,1,300.0,300,300.0,300.0,300,0.0,12.675151515151516,0.10454545454545454,0.10349622368812561,0.010137866097324144,0.23769096246246044,2214,1086
weibo,rwr,rwr_r0.1_M2,300,15,2,3,3437,14,4200,28131,2933,0.5826380611839491,2,2,300.0,300,300.0,300.0,300,0.0,13.395714285714286,0.06,0.10349622368812561,-0.4202687029354487,0.25120332625905484,1950,983
weibo,rwr,rwr_r0.15_M1,300,15,1,3,3437,13,3685,18364,3685,0.7320222487087803,1,1,283.46153846153845,85,300.0,300.0,300,57.290911327278245,10.525188536953241,0.09905020352781546,0.10349622368812561,-0.04295828390519574,0.19737375055886,2471,1214
weibo,rwr,rwr_r0.15_M2,300,15,2,3,3437,15,4500,35709,3155,0.6267381803734605,2,2,300.0,300,300.0,300.0,300,0.0,15.870666666666667,0.09844444444444445,0.10349622368812561,-0.04881124222371769,0.2976149066471964,2090,1065
weibo,metis,metis_K5,,5,1,3,3437,5,5026,99783,5026,0.9984108065156932,1,1,1005.2,1001,1004.0,1007.0,1007,2.4,39.70390689083188,0.10366096299243932,0.10349622368812561,0.0015917421761215689,0.744548089316385,3351,1675
weibo,metis,metis_K15,,15,1,3,3437,15,4987,73935,4987,0.9906634882796981,1,1,332.46666666666664,306,323.0,345.0,345,12.515945385343006,29.61489451636761,0.10246641267294967,0.10349622368812561,-0.00995022792598843,0.5553537385651925,3330,1657
weibo,uniform,uniform_K15,300,15,-1,3,3437,15,3341,6446,2456,0.4878823996821613,4,3,222.73333333333332,183,197.0,242.0,267,26.997448439106655,3.8389441961484674,0.06076025142173002,0.10349622368812561,-0.4129230105552034,0.0719898566680998,1644,812
weibo,bfs_partition,bfs_part_mn32,300,0,1,3,3437,59,4330,31823,4330,0.8601509733810091,1,1,73.38983050847457,2,2.0,70.5,300,121.69857413884888,5.495978952552629,0.11963048498845266,0.10349622368812561,0.15589227051361654,0.10306342494952367,2902,1428
weibo,bfs_snowball,bfs_snow_ts300_mn8_dinf_M1,300,15,1,3,3437,13,3900,28771,3900,0.7747318235995232,1,1,300.0,300,300.0,300.0,300,0.0,14.754358974358976,0.11666666666666667,0.10349622368812561,0.12725529984773876,0.2766813304708732,2618,1282
weibo,bfs_snowball,bfs_snow_ts300_mn8_dinf_Minf,300,15,-1,3,3437,15,4500,65132,2643,0.5250297973778307,15,4,300.0,300,300.0,300.0,300,0.0,28.94755555555556,0.08155555555555556,0.10349622368812561,-0.21199486658262834,0.5428394550322104,1745,898
weibo,bfs_snowball,bfs_snow_ts300_mn16_dinf_M1,300,15,1,3,3437,14,3346,26857,3346,0.6646801748112833,1,1,239.0,2,300.0,300.0,300,116.99084213243849,13.634217687074829,0.10460251046025104,0.10349622368812561,0.010689151088827176,0.2556758647492016,2228,1118
weibo,bfs_snowball,bfs_snow_ts300_mn16_dinf_Minf,300,15,-1,3,3437,15,4500,72214,2851,0.5663488279698053,14,3,300.0,300,300.0,300.0,300,0.0,32.09511111111111,0.051333333333333335,0.10349622368812561,-0.5040076680669949,0.6018640361987354,1909,942
weibo,bfs_snowball,bfs_snow_ts300_mn32_dinf_M1,300,15,1,3,3437,13,3900,33393,3900,0.7747318235995232,1,1,300.0,300,300.0,300.0,300,0.0,17.124615384615385,0.09538461538461539,0.10349622368812561,-0.07837588671789275,0.32112959815139785,2597,1303
weibo,bfs_snowball,bfs_snow_ts300_mn32_dinf_Minf,300,15,-1,3,3437,15,4500,77586,2940,0.5840286054827175,14,3,300.0,300,300.0,300.0,300,0.0,34.48266666666667,0.048666666666666664,0.10349622368812561,-0.5297735034920862,0.6466367063521629,1961,979
weibo,bfs_snowball,bfs_snow_tsinf_mn8_d2_M1,,15,1,3,3437,15,1087,6068,1087,0.2159316646801748,1,1,72.46666666666667,67,73.0,73.0,73,1.4996295838935991,11.123335756529379,0.046918123275068994,0.10349622368812561,-0.5466682589651624,0.20859051496166384,708,379
weibo,bfs_snowball,bfs_snow_tsinf_mn16_d2_M1,,15,1,3,3437,15,2672,30260,2672,0.5307906237584425,1,1,178.13333333333333,18,114.5,256.0,273,84.31043167300763,18.107881423567555,0.07934131736526946,0.10349622368812561,-0.23338925288370216,0.339568308795276,1802,870
weibo,bfs_snowball,bfs_snow_tsinf_mn8_d3_M1,,15,1,3,3437,14,3123,29505,3123,0.6203814064362336,1,1,223.07142857142858,4,75.5,242.25,573,184.0669382455797,13.033718864996406,0.07236631444124239,0.10349622368812561,-0.3007830444199563,0.2444150018863968,2084,1039
weibo,bfs_snowball,bfs_snow_tsinf_mn16_d3_M1,,15,1,3,3437,10,3857,91606,3857,0.7661899086213747,1,1,385.7,2,49.0,221.75,2687,774.2007556183345,17.16867725132507,0.07933627171376717,0.10349622368812561,-0.23343800491853473,0.32195586894536815,2590,1267
weibo,bfs_snowball,bfs_snow_ts300_mn8_d4_M1,300,15,1,3,3437,11,2894,24820,2894,0.574890742947954,1,1,263.09090909090907,112,275.0,300.0,300,68.14617250034136,16.519133018496657,0.11541119557705598,0.10349622368812561,0.1151247017942878,0.3097752813067611,1940,954
weibo,bfs_snowball,bfs_snow_ts300_mn16_d4_M1,300,15,1,3,3437,14,3395,27136,3395,0.6744139849026619,1,1,242.5,18,234.75,300.0,300,100.09691732087886,13.734949935864725,0.08689248895434462,0.10349622368812561,-0.16042841122217655,0.2575648477043369,2255,1140
weibo,forest_fire,ff_b0.3_M1,300,15,1,4,3447,13,3900,29413,3900,0.7744241461477362,1,1,300.0,300,300.0,300.0,300,0.0,15.083589743589743,0.08384615384615385,0.10345512628555298,-0.18954084870840693,0.27987943504829643,2605,1295
weibo,forest_fire,ff_b0.3_M2,300,15,2,4,3447,15,4500,43678,3071,0.6098093725178714,2,2,300.0,300,300.0,300.0,300,0.0,19.41244444444444,0.07933333333333334,0.10345512628555298,-0.2331618917137036,0.36020231764302263,2035,1036
weibo,forest_fire,ff_b0.3_Minf,300,15,-1,4,3447,15,4500,55172,2665,0.5291898332009531,13,3,300.0,300,300.0,300.0,300,0.0,24.520888888888887,0.02688888888888889,0.10345512628555298,-0.7400912854267735,0.45499066507168023,1808,857
weibo,forest_fire,ff_b0.5_M1,300,15,1,4,3447,15,4208,31340,4208,0.835583796664019,1,1,280.53333333333336,8,300.0,300.0,300,72.8375971291994,14.38311111111111,0.08531368821292776,0.10345512628555298,-0.17535562251938974,0.2668818948569875,2824,1384
weibo,forest_fire,ff_b0.5_M2,300,15,2,4,3447,15,4500,37107,2946,0.5849880857823669,2,2,300.0,300,300.0,300.0,300,0.0,16.492,0.09555555555555556,0.10345512628555298,-0.07635746060754223,0.3060128073808243,1995,951
weibo,forest_fire,ff_b0.5_Minf,300,15,-1,4,3447,15,4500,62900,2515,0.4994042891183479,14,4,300.0,300,300.0,300.0,300,0.0,27.955555555555556,0.03,0.10345512628555298,-0.7100192027488796,0.5187216855109238,1713,802
weibo,forest_fire,ff_b0.7_M1,300,15,1,4,3447,13,3900,27469,3900,0.7744241461477362,1,1,300.0,300,300.0,300.0,300,0.0,14.086666666666664,0.10923076923076923,0.10345512628555298,0.055827518196387205,0.2613813008309814,2610,1290
weibo,forest_fire,ff_b0.7_M2,300,15,2,4,3447,15,4500,48276,2979,0.5915409054805401,2,2,300.0,300,300.0,300.0,300,0.0,21.456,0.06888888888888889,0.10345512628555298,-0.3341181692752049,0.3981209553215478,1985,994
weibo,forest_fire,ff_b0.7_Minf,300,15,-1,4,3447,15,4500,64642,2573,0.5109213661636219,14,4,300.0,300,300.0,300.0,300,0.0,28.729777777777777,0.03222222222222222,0.10345512628555298,-0.688539143693241,0.5330875547662501,1742,831
weibo,rwr,rwr_r0.1_M1,300,15,1,4,3447,13,3608,19394,3608,0.716441620333598,1,1,277.53846153846155,8,300.0,300.0,300,77.80905166309418,10.469743589743588,0.09700665188470066,0.10345512628555298,-0.06233112492708659,0.19426847128637065,2423,1185
weibo,rwr,rwr_r0.1_M2,300,15,2,4,3447,15,4500,28402,3095,0.6145750595710882,2,2,300.0,300,300.0,300.0,300,0.0,12.623111111111113,0.11511111111111111,0.10345512628555298,0.11266705908207686,0.23422469494246836,2086,1009
weibo,rwr,rwr_r0.15_M1,300,15,1,4,3447,12,3600,20492,3600,0.7148530579825259,1,1,300.0,300,300.0,300.0,300,0.0,11.384444444444446,0.08,0.10345512628555298,-0.22671787399701215,0.21124095348747718,2438,1162
weibo,rwr,rwr_r0.15_M2,300,15,2,4,3447,15,4500,33875,3103,0.6161636219221605,2,2,300.0,300,300.0,300.0,300,0.0,15.055555555555559,0.07711111111111112,0.10345512628555298,-0.25464195076934215,0.2793592543192774,2102,1001
weibo,metis,metis_K5,,5,1,4,3447,5,5021,102252,5021,0.9970214455917394,1,1,1004.2,993,1005.0,1008.0,1008,5.706137047074843,40.7156152689115,0.10376419040031866,0.10345512628555298,0.0029874219467154184,0.755487492886076,3350,1671
weibo,metis,metis_K15,,15,1,4,3447,15,5007,75317,5007,0.994241461477363,1,1,333.8,311,324.5,345.0,345,11.196428001822724,30.06501072575453,0.10405432394647493,0.10345512628555298,0.005791860514171798,0.557863105513142,3340,1667
weibo,uniform,uniform_K15,300,15,-1,4,3447,15,3526,7044,2513,0.4990071485305798,5,3,235.06666666666666,190,228.0,249.0,272,22.702324893181217,3.9762010441912055,0.057005104934770276,0.10345512628555298,-0.44898714078771784,0.07377931386390467,1692,821
weibo,bfs_partition,bfs_part_mn32,300,0,1,4,3447,45,4562,37492,4562,0.9058776806989675,1,1,101.37777777777778,2,2.0,300.0,300,135.33781419328923,7.456573484281163,0.11245067952652346,0.10345512628555298,0.08695125668438397,0.1383584153144733,3030,1532
weibo,bfs_snowball,bfs_snow_ts300_mn8_dinf_M1,300,15,1,4,3447,13,3679,30237,3679,0.7305401111993646,1,1,283.0,79,300.0,300.0,300,58.88972745734183,16.60075300227199,0.10981244903506387,0.10345512628555298,0.06145005064286191,0.30803074404929054,2451,1228
weibo,bfs_snowball,bfs_snow_ts300_mn8_dinf_Minf,300,15,-1,4,3447,15,4500,63249,2401,0.4767672756155679,15,4,300.0,300,300.0,300.0,300,0.0,28.110666666666663,0.05355555555555556,0.10345512628555298,-0.48233057675911084,0.5215998074225822,1615,786
weibo,bfs_snowball,bfs_snow_ts300_mn16_dinf_M1,300,15,1,4,3447,13,3602,28759,3602,0.7152501985702939,1,1,277.0769230769231,2,300.0,300.0,300,79.40786779315776,14.824615384615386,0.0841199333703498,0.10345512628555298,-0.18689448855182778,0.27507410697229645,2412,1190
weibo,bfs_snowball,bfs_snow_ts300_mn16_dinf_Minf,300,15,-1,4,3447,15,4500,73368,2923,0.5804209690230342,12,3,300.0,300,300.0,300.0,300,0.0,32.608,0.054,0.10345512628555298,-0.47803456494798324,0.605048849325365,1957,966
weibo,bfs_snowball,bfs_snow_ts300_mn32_dinf_M1,300,15,1,4,3447,13,3900,34851,3900,0.7744241461477362,1,1,300.0,300,300.0,300.0,300,0.0,17.872307692307693,0.07564102564102564,0.10345512628555298,-0.2688518359907647,0.3316247302508476,2600,1300
weibo,bfs_snowball,bfs_snow_ts300_mn32_dinf_Minf,300,15,-1,4,3447,15,4500,70334,2985,0.5927323272438443,15,3,300.0,300,300.0,300.0,300,0.0,31.259555555555558,0.1131111111111111,0.10345512628555298,0.09333500593200217,0.580028156259544,1999,986
weibo,bfs_snowball,bfs_snow_tsinf_mn8_d2_M1,,15,1,4,3447,15,1041,5106,1041,0.20671167593328038,1,1,69.4,48,73.0,73.0,73,7.795725324389856,9.698111053674504,0.08069164265129683,0.10345512628555298,-0.2200324377491477,0.179950654246055,699,342
weibo,bfs_snowball,bfs_snow_tsinf_mn16_d2_M1,,15,1,4,3447,15,2217,21752,2217,0.44023034154090546,1,1,147.8,9,41.5,263.5,273,106.27524013930369,14.83871953236037,0.08434821831303563,0.10345512628555298,-0.18468788022914573,0.2753358126385077,1507,710
weibo,bfs_snowball,bfs_snow_tsinf_mn8_d3_M1,,15,1,4,3447,13,3191,28647,3191,0.6336378077839555,1,1,245.46153846153845,14,67.0,369.0,585,187.21095274690092,11.977431443568927,0.08649326230021936,0.10345512628555298,-0.16395382804440362,0.2222439619972039,2138,1053
weibo,bfs_snowball,bfs_snow_tsinf_mn16_d3_M1,,15,1,4,3447,10,3581,87961,3581,0.7110802223987291,1,1,358.1,14,27.5,172.25,2716,793.4397834744614,13.807935283969211,0.11477240994135716,0.10345512628555298,0.1093931645742392,0.2562093766905262,2404,1177
weibo,bfs_snowball,bfs_snow_ts300_mn8_d4_M1,300,15,1,4,3447,12,3459,29021,3459,0.6868546465448769,1,1,288.25,159,300.0,300.0,300,38.970341286675946,16.33610062893082,0.07921364556230125,0.10345512628555298,-0.23431879688920687,0.3031200591265322,2305,1154
weibo,bfs_snowball,bfs_snow_ts300_mn16_d4_M1,300,15,1,4,3447,13,3624,28780,3624,0.7196187450357426,1,1,278.7692307692308,24,300.0,300.0,300,73.54554198292463,15.283846153846154,0.08609271523178808,0.10345512628555298,-0.1678255266524138,0.28359523824369853,2431,1193
