== grid run | datasets=['tolokers'] | device=cuda ==
   utility CSV: /home/eirik/progg/master/SynBench/experiments/subsample_search/artifacts/grid/utility.csv
   structure CSV: /home/eirik/progg/master/SynBench/experiments/subsample_search/artifacts/grid/structure.csv
   resume: 45 (dataset, tag, split, model) rows already done

=== tolokers: 17 configs × 3 trials × 5 models ===

[load] tolokers split 0
  Split 0: kept 8818 train+val nodes; LCC = 8675 (98.4%); dropped 143 (126 components)

[tolokers | ff_b0.3_M1 | split 0 | seed 3407]
  forest_fire: 11/15 subgraphs (n: min=500 med=500 max=500 | m: min=653 med=1951 max=26779)
  Combined: N=5500 M=137780 train=3634 val=1866 unique_origs=5500
  Epoch 0, Loss 0.6949, Val AUROC 0.6173 AUPRC 0.3267 | Test AUROC 0.5168 AUPRC 0.2303
  Epoch 1, Loss 0.6832, Val AUROC 0.6231 AUPRC 0.3341 | Test AUROC 0.5191 AUPRC 0.2301
  Epoch 2, Loss 0.6777, Val AUROC 0.6445 AUPRC 0.3473 | Test AUROC 0.5423 AUPRC 0.2384
  Epoch 3, Loss 0.6707, Val AUROC 0.6595 AUPRC 0.3640 | Test AUROC 0.5894 AUPRC 0.2672
  Epoch 4, Loss 0.6616, Val AUROC 0.6627 AUPRC 0.3678 | Test AUROC 0.6629 AUPRC 0.3425
  Epoch 5, Loss 0.6522, Val AUROC 0.6640 AUPRC 0.3687 | Test AUROC 0.6777 AUPRC 0.3598
  Epoch 6, Loss 0.6447, Val AUROC 0.6646 AUPRC 0.3703 | Test AUROC 0.6809 AUPRC 0.3626
  Epoch 10, Loss 0.6190, Val AUROC 0.6706 AUPRC 0.3708 | Test AUROC 0.6817 AUPRC 0.3599
  Epoch 11, Loss 0.6160, Val AUROC 0.6724 AUPRC 0.3721 | Test AUROC 0.6854 AUPRC 0.3627
  Epoch 12, Loss 0.6156, Val AUROC 0.6743 AUPRC 0.3733 | Test AUROC 0.6839 AUPRC 0.3596
  Epoch 14, Loss 0.6121, Val AUROC 0.6789 AUPRC 0.3746 | Test AUROC 0.6865 AUPRC 0.3597
  Epoch 17, Loss 0.6034, Val AUROC 0.6867 AUPRC 0.3753 | Test AUROC 0.6889 AUPRC 0.3588
  Epoch 18, Loss 0.6027, Val AUROC 0.6896 AUPRC 0.3756 | Test AUROC 0.6977 AUPRC 0.3650
  Epoch 20, Loss 0.6008, Val AUROC 0.6926 AUPRC 0.3761 | Test AUROC 0.7009 AUPRC 0.3677
  Epoch 27, Loss 0.5914, Val AUROC 0.6991 AUPRC 0.3763 | Test AUROC 0.7083 AUPRC 0.3767
  Epoch 28, Loss 0.5903, Val AUROC 0.7008 AUPRC 0.3779 | Test AUROC 0.7101 AUPRC 0.3779
  Epoch 29, Loss 0.5889, Val AUROC 0.7017 AUPRC 0.3786 | Test AUROC 0.7109 AUPRC 0.3782
  Epoch 30, Loss 0.5880, Val AUROC 0.7022 AUPRC 0.3799 | Test AUROC 0.7102 AUPRC 0.3769
  Epoch 31, Loss 0.5872, Val AUROC 0.7028 AUPRC 0.3804 | Test AUROC 0.7138 AUPRC 0.3799
  Epoch 32, Loss 0.5861, Val AUROC 0.7036 AUPRC 0.3821 | Test AUROC 0.7151 AUPRC 0.3810
  Epoch 33, Loss 0.5848, Val AUROC 0.7041 AUPRC 0.3835 | Test AUROC 0.7169 AUPRC 0.3828
  Epoch 34, Loss 0.5839, Val AUROC 0.7043 AUPRC 0.3845 | Test AUROC 0.7200 AUPRC 0.3864
  Epoch 35, Loss 0.5832, Val AUROC 0.7050 AUPRC 0.3863 | Test AUROC 0.7213 AUPRC 0.3877
  Epoch 36, Loss 0.5823, Val AUROC 0.7055 AUPRC 0.3876 | Test AUROC 0.7226 AUPRC 0.3889
  Epoch 37, Loss 0.5813, Val AUROC 0.7062 AUPRC 0.3887 | Test AUROC 0.7240 AUPRC 0.3902
  Epoch 38, Loss 0.5805, Val AUROC 0.7073 AUPRC 0.3903 | Test AUROC 0.7243 AUPRC 0.3906
  Epoch 39, Loss 0.5795, Val AUROC 0.7077 AUPRC 0.3917 | Test AUROC 0.7253 AUPRC 0.3921
  Epoch 40, Loss 0.5785, Val AUROC 0.7084 AUPRC 0.3937 | Test AUROC 0.7260 AUPRC 0.3926
  Epoch 41, Loss 0.5776, Val AUROC 0.7092 AUPRC 0.3948 | Test AUROC 0.7266 AUPRC 0.3937
  Epoch 42, Loss 0.5769, Val AUROC 0.7095 AUPRC 0.3949 | Test AUROC 0.7275 AUPRC 0.3952
  Epoch 43, Loss 0.5762, Val AUROC 0.7105 AUPRC 0.3958 | Test AUROC 0.7278 AUPRC 0.3954
  Epoch 44, Loss 0.5754, Val AUROC 0.7114 AUPRC 0.3966 | Test AUROC 0.7283 AUPRC 0.3963
  Epoch 45, Loss 0.5746, Val AUROC 0.7123 AUPRC 0.3987 | Test AUROC 0.7288 AUPRC 0.3977
  Epoch 46, Loss 0.5738, Val AUROC 0.7137 AUPRC 0.4015 | Test AUROC 0.7292 AUPRC 0.3984
  Epoch 47, Loss 0.5730, Val AUROC 0.7142 AUPRC 0.4024 | Test AUROC 0.7294 AUPRC 0.4000
  Epoch 48, Loss 0.5722, Val AUROC 0.7151 AUPRC 0.4037 | Test AUROC 0.7298 AUPRC 0.4003
  Epoch 49, Loss 0.5715, Val AUROC 0.7154 AUPRC 0.4042 | Test AUROC 0.7300 AUPRC 0.4011
  Epoch 50, Loss 0.5708, Val AUROC 0.7159 AUPRC 0.4062 | Test AUROC 0.7300 AUPRC 0.4018
  Epoch 51, Loss 0.5703, Val AUROC 0.7166 AUPRC 0.4069 | Test AUROC 0.7299 AUPRC 0.4022
  Epoch 52, Loss 0.5697, Val AUROC 0.7167 AUPRC 0.4076 | Test AUROC 0.7295 AUPRC 0.4027
  Epoch 53, Loss 0.5691, Val AUROC 0.7177 AUPRC 0.4080 | Test AUROC 0.7295 AUPRC 0.4027
  Epoch 55, Loss 0.5679, Val AUROC 0.7186 AUPRC 0.4088 | Test AUROC 0.7288 AUPRC 0.4027
  Epoch 56, Loss 0.5674, Val AUROC 0.7182 AUPRC 0.4090 | Test AUROC 0.7283 AUPRC 0.4030
  Epoch 57, Loss 0.5667, Val AUROC 0.7192 AUPRC 0.4104 | Test AUROC 0.7282 AUPRC 0.4030
  Epoch 58, Loss 0.5661, Val AUROC 0.7189 AUPRC 0.4108 | Test AUROC 0.7276 AUPRC 0.4034
  Epoch 59, Loss 0.5654, Val AUROC 0.7200 AUPRC 0.4119 | Test AUROC 0.7276 AUPRC 0.4031
  Epoch 61, Loss 0.5643, Val AUROC 0.7205 AUPRC 0.4123 | Test AUROC 0.7268 AUPRC 0.4036
  Epoch 62, Loss 0.5638, Val AUROC 0.7193 AUPRC 0.4128 | Test AUROC 0.7253 AUPRC 0.4026
  Epoch 63, Loss 0.5633, Val AUROC 0.7207 AUPRC 0.4131 | Test AUROC 0.7259 AUPRC 0.4035
  Epoch 65, Loss 0.5624, Val AUROC 0.7207 AUPRC 0.4140 | Test AUROC 0.7248 AUPRC 0.4033
  Epoch 66, Loss 0.5618, Val AUROC 0.7195 AUPRC 0.4143 | Test AUROC 0.7226 AUPRC 0.4014
  Epoch 67, Loss 0.5612, Val AUROC 0.7208 AUPRC 0.4155 | Test AUROC 0.7235 AUPRC 0.4023
  Epoch 70, Loss 0.5593, Val AUROC 0.7211 AUPRC 0.4161 | Test AUROC 0.7224 AUPRC 0.4014
  Epoch 71, Loss 0.5588, Val AUROC 0.7206 AUPRC 0.4163 | Test AUROC 0.7213 AUPRC 0.4003
  Epoch 72, Loss 0.5585, Val AUROC 0.7222 AUPRC 0.4171 | Test AUROC 0.7226 AUPRC 0.4015
  Epoch 74, Loss 0.5585, Val AUROC 0.7231 AUPRC 0.4173 | Test AUROC 0.7224 AUPRC 0.4014
  Epoch 75, Loss 0.5586, Val AUROC 0.7207 AUPRC 0.4173 | Test AUROC 0.7188 AUPRC 0.3987
  Epoch 76, Loss 0.5578, Val AUROC 0.7230 AUPRC 0.4190 | Test AUROC 0.7208 AUPRC 0.3997
  Epoch 77, Loss 0.5562, Val AUROC 0.7232 AUPRC 0.4192 | Test AUROC 0.7200 AUPRC 0.3990
  Epoch 78, Loss 0.5556, Val AUROC 0.7220 AUPRC 0.4197 | Test AUROC 0.7172 AUPRC 0.3970
  Epoch 79, Loss 0.5562, Val AUROC 0.7241 AUPRC 0.4202 | Test AUROC 0.7201 AUPRC 0.3988
  Epoch 81, Loss 0.5545, Val AUROC 0.7234 AUPRC 0.4204 | Test AUROC 0.7178 AUPRC 0.3975
  Epoch 82, Loss 0.5539, Val AUROC 0.7244 AUPRC 0.4204 | Test AUROC 0.7192 AUPRC 0.3983
  Epoch 84, Loss 0.5541, Val AUROC 0.7243 AUPRC 0.4205 | Test AUROC 0.7185 AUPRC 0.3973
  Epoch 86, Loss 0.5524, Val AUROC 0.7233 AUPRC 0.4209 | Test AUROC 0.7163 AUPRC 0.3968
  Epoch 87, Loss 0.5524, Val AUROC 0.7243 AUPRC 0.4212 | Test AUROC 0.7179 AUPRC 0.3966
  Epoch 88, Loss 0.5523, Val AUROC 0.7229 AUPRC 0.4213 | Test AUROC 0.7151 AUPRC 0.3956
  Epoch 104, Loss 0.5462, Val AUROC 0.7235 AUPRC 0.4215 | Test AUROC 0.7097 AUPRC 0.3914
  Epoch 105, Loss 0.5457, Val AUROC 0.7234 AUPRC 0.4219 | Test AUROC 0.7087 AUPRC 0.3912
  Epoch 106, Loss 0.5457, Val AUROC 0.7245 AUPRC 0.4226 | Test AUROC 0.7108 AUPRC 0.3927
  Epoch 108, Loss 0.5460, Val AUROC 0.7253 AUPRC 0.4233 | Test AUROC 0.7099 AUPRC 0.3921
  Epoch 110, Loss 0.5448, Val AUROC 0.7254 AUPRC 0.4236 | Test AUROC 0.7089 AUPRC 0.3909
  Epoch 111, Loss 0.5440, Val AUROC 0.7255 AUPRC 0.4238 | Test AUROC 0.7080 AUPRC 0.3904
  Epoch 112, Loss 0.5436, Val AUROC 0.7253 AUPRC 0.4242 | Test AUROC 0.7063 AUPRC 0.3894
  Epoch 113, Loss 0.5436, Val AUROC 0.7263 AUPRC 0.4249 | Test AUROC 0.7079 AUPRC 0.3898
  Epoch 115, Loss 0.5437, Val AUROC 0.7267 AUPRC 0.4252 | Test AUROC 0.7074 AUPRC 0.3894
  Epoch 117, Loss 0.5426, Val AUROC 0.7267 AUPRC 0.4253 | Test AUROC 0.7057 AUPRC 0.3883
  Epoch 118, Loss 0.5419, Val AUROC 0.7269 AUPRC 0.4257 | Test AUROC 0.7054 AUPRC 0.3883
  Epoch 119, Loss 0.5416, Val AUROC 0.7267 AUPRC 0.4259 | Test AUROC 0.7039 AUPRC 0.3870
  Epoch 120, Loss 0.5416, Val AUROC 0.7274 AUPRC 0.4263 | Test AUROC 0.7057 AUPRC 0.3887
  Epoch 122, Loss 0.5421, Val AUROC 0.7277 AUPRC 0.4269 | Test AUROC 0.7056 AUPRC 0.3882
  Epoch 124, Loss 0.5420, Val AUROC 0.7280 AUPRC 0.4270 | Test AUROC 0.7043 AUPRC 0.3873
  Epoch 125, Loss 0.5407, Val AUROC 0.7276 AUPRC 0.4274 | Test AUROC 0.7019 AUPRC 0.3853
  Epoch 126, Loss 0.5396, Val AUROC 0.7276 AUPRC 0.4276 | Test AUROC 0.7012 AUPRC 0.3845
  Epoch 143, Loss 0.5351, Val AUROC 0.7280 AUPRC 0.4280 | Test AUROC 0.6983 AUPRC 0.3831
  Epoch 147, Loss 0.5347, Val AUROC 0.7273 AUPRC 0.4283 | Test AUROC 0.6965 AUPRC 0.3817
  Epoch 148, Loss 0.5344, Val AUROC 0.7277 AUPRC 0.4284 | Test AUROC 0.6973 AUPRC 0.3825
  Epoch 150, Loss 0.5333, Val AUROC 0.7280 AUPRC 0.4288 | Test AUROC 0.6965 AUPRC 0.3819
  Epoch 151, Loss 0.5329, Val AUROC 0.7281 AUPRC 0.4289 | Test AUROC 0.6964 AUPRC 0.3820
  Epoch 153, Loss 0.5324, Val AUROC 0.7285 AUPRC 0.4290 | Test AUROC 0.6956 AUPRC 0.3814
  Epoch 154, Loss 0.5322, Val AUROC 0.7286 AUPRC 0.4294 | Test AUROC 0.6947 AUPRC 0.3806
  Epoch 155, Loss 0.5320, Val AUROC 0.7291 AUPRC 0.4301 | Test AUROC 0.6958 AUPRC 0.3813
  Epoch 157, Loss 0.5324, Val AUROC 0.7293 AUPRC 0.4307 | Test AUROC 0.6958 AUPRC 0.3805
  Epoch 167, Loss 0.5290, Val AUROC 0.7295 AUPRC 0.4312 | Test AUROC 0.6951 AUPRC 0.3806
  Epoch 172, Loss 0.5284, Val AUROC 0.7297 AUPRC 0.4317 | Test AUROC 0.6952 AUPRC 0.3804
  Epoch 177, Loss 0.5278, Val AUROC 0.7297 AUPRC 0.4319 | Test AUROC 0.6946 AUPRC 0.3802
  Epoch 179, Loss 0.5274, Val AUROC 0.7298 AUPRC 0.4319 | Test AUROC 0.6931 AUPRC 0.3789
  Epoch 180, Loss 0.5266, Val AUROC 0.7299 AUPRC 0.4319 | Test AUROC 0.6931 AUPRC 0.3788
  Epoch 187, Loss 0.5253, Val AUROC 0.7301 AUPRC 0.4323 | Test AUROC 0.6932 AUPRC 0.3797
  Epoch 0, Loss 0.7403, Val AUROC 0.3570 AUPRC 0.1894 | Test AUROC 0.3746 AUPRC 0.1695
  Epoch 1, Loss 0.7258, Val AUROC 0.4671 AUPRC 0.2322 | Test AUROC 0.5291 AUPRC 0.2299
  Epoch 2, Loss 0.7004, Val AUROC 0.6520 AUPRC 0.3308 | Test AUROC 0.6990 AUPRC 0.3251
  Epoch 3, Loss 0.6785, Val AUROC 0.6673 AUPRC 0.3503 | Test AUROC 0.7021 AUPRC 0.3297
  Epoch 4, Loss 0.6654, Val AUROC 0.6684 AUPRC 0.3528 | Test AUROC 0.7012 AUPRC 0.3318
  Epoch 5, Loss 0.6523, Val AUROC 0.6697 AUPRC 0.3571 | Test AUROC 0.7012 AUPRC 0.3350
  Epoch 6, Loss 0.6397, Val AUROC 0.6712 AUPRC 0.3607 | Test AUROC 0.7016 AUPRC 0.3379
  Epoch 7, Loss 0.6332, Val AUROC 0.6722 AUPRC 0.3615 | Test AUROC 0.7016 AUPRC 0.3378
  Epoch 9, Loss 0.6197, Val AUROC 0.6755 AUPRC 0.3646 | Test AUROC 0.7038 AUPRC 0.3388
  Epoch 10, Loss 0.6169, Val AUROC 0.6775 AUPRC 0.3659 | Test AUROC 0.7063 AUPRC 0.3408
  Epoch 14, Loss 0.6081, Val AUROC 0.6850 AUPRC 0.3664 | Test AUROC 0.7181 AUPRC 0.3538
  Epoch 24, Loss 0.5921, Val AUROC 0.6983 AUPRC 0.3689 | Test AUROC 0.7384 AUPRC 0.3712
  Epoch 25, Loss 0.5909, Val AUROC 0.6987 AUPRC 0.3720 | Test AUROC 0.7383 AUPRC 0.3696
  Epoch 26, Loss 0.5903, Val AUROC 0.6995 AUPRC 0.3748 | Test AUROC 0.7382 AUPRC 0.3678
  Epoch 27, Loss 0.5892, Val AUROC 0.7003 AUPRC 0.3757 | Test AUROC 0.7382 AUPRC 0.3665
  Epoch 28, Loss 0.5879, Val AUROC 0.7016 AUPRC 0.3788 | Test AUROC 0.7383 AUPRC 0.3639
  Epoch 29, Loss 0.5862, Val AUROC 0.7033 AUPRC 0.3836 | Test AUROC 0.7386 AUPRC 0.3633
  Epoch 30, Loss 0.5842, Val AUROC 0.7050 AUPRC 0.3880 | Test AUROC 0.7384 AUPRC 0.3637
  Epoch 31, Loss 0.5833, Val AUROC 0.7056 AUPRC 0.3891 | Test AUROC 0.7384 AUPRC 0.3637
  Epoch 32, Loss 0.5821, Val AUROC 0.7066 AUPRC 0.3915 | Test AUROC 0.7383 AUPRC 0.3648
  Epoch 33, Loss 0.5800, Val AUROC 0.7070 AUPRC 0.3917 | Test AUROC 0.7378 AUPRC 0.3664
  Epoch 49, Loss 0.5657, Val AUROC 0.7159 AUPRC 0.3920 | Test AUROC 0.7305 AUPRC 0.3496
  Epoch 50, Loss 0.5653, Val AUROC 0.7162 AUPRC 0.3925 | Test AUROC 0.7301 AUPRC 0.3491
  Epoch 51, Loss 0.5649, Val AUROC 0.7163 AUPRC 0.3932 | Test AUROC 0.7294 AUPRC 0.3477
  Epoch 54, Loss 0.5639, Val AUROC 0.7177 AUPRC 0.3937 | Test AUROC 0.7283 AUPRC 0.3457
  Epoch 55, Loss 0.5636, Val AUROC 0.7181 AUPRC 0.3940 | Test AUROC 0.7284 AUPRC 0.3457
  Epoch 56, Loss 0.5634, Val AUROC 0.7183 AUPRC 0.3941 | Test AUROC 0.7287 AUPRC 0.3465
  Epoch 57, Loss 0.5631, Val AUROC 0.7183 AUPRC 0.3942 | Test AUROC 0.7285 AUPRC 0.3464
  Epoch 59, Loss 0.5628, Val AUROC 0.7185 AUPRC 0.3948 | Test AUROC 0.7274 AUPRC 0.3451
  Epoch 60, Loss 0.5625, Val AUROC 0.7186 AUPRC 0.3957 | Test AUROC 0.7270 AUPRC 0.3444
  Epoch 0, Loss 1.0051, Val AUROC 0.4714 AUPRC 0.2309 | Test AUROC 0.5164 AUPRC 0.2224
  Epoch 1, Loss 0.6982, Val AUROC 0.5173 AUPRC 0.2422 | Test AUROC 0.5415 AUPRC 0.2260
  Epoch 2, Loss 0.7335, Val AUROC 0.5840 AUPRC 0.2865 | Test AUROC 0.6156 AUPRC 0.2711
  Epoch 3, Loss 0.7244, Val AUROC 0.6204 AUPRC 0.3173 | Test AUROC 0.6628 AUPRC 0.3089
  Epoch 4, Loss 0.6887, Val AUROC 0.6301 AUPRC 0.3230 | Test AUROC 0.6732 AUPRC 0.3220
  Epoch 5, Loss 0.6662, Val AUROC 0.6340 AUPRC 0.3269 | Test AUROC 0.6717 AUPRC 0.3256
  Epoch 6, Loss 0.6624, Val AUROC 0.6371 AUPRC 0.3312 | Test AUROC 0.6717 AUPRC 0.3268
  Epoch 7, Loss 0.6690, Val AUROC 0.6407 AUPRC 0.3332 | Test AUROC 0.6732 AUPRC 0.3286
  Epoch 10, Loss 0.6529, Val AUROC 0.6498 AUPRC 0.3348 | Test AUROC 0.6775 AUPRC 0.3221
  Epoch 11, Loss 0.6466, Val AUROC 0.6553 AUPRC 0.3376 | Test AUROC 0.6814 AUPRC 0.3230
  Epoch 12, Loss 0.6466, Val AUROC 0.6606 AUPRC 0.3400 | Test AUROC 0.6852 AUPRC 0.3259
  Epoch 13, Loss 0.6445, Val AUROC 0.6652 AUPRC 0.3422 | Test AUROC 0.6889 AUPRC 0.3292
  Epoch 14, Loss 0.6366, Val AUROC 0.6686 AUPRC 0.3438 | Test AUROC 0.6922 AUPRC 0.3309
  Epoch 15, Loss 0.6285, Val AUROC 0.6720 AUPRC 0.3516 | Test AUROC 0.6956 AUPRC 0.3378
  Epoch 16, Loss 0.6280, Val AUROC 0.6750 AUPRC 0.3550 | Test AUROC 0.6992 AUPRC 0.3411
  Epoch 18, Loss 0.6180, Val AUROC 0.6789 AUPRC 0.3552 | Test AUROC 0.7047 AUPRC 0.3403
  Epoch 19, Loss 0.6131, Val AUROC 0.6818 AUPRC 0.3562 | Test AUROC 0.7076 AUPRC 0.3424
  Epoch 20, Loss 0.6112, Val AUROC 0.6849 AUPRC 0.3577 | Test AUROC 0.7100 AUPRC 0.3447
  Epoch 21, Loss 0.6061, Val AUROC 0.6890 AUPRC 0.3592 | Test AUROC 0.7125 AUPRC 0.3464
  Epoch 22, Loss 0.5991, Val AUROC 0.6934 AUPRC 0.3614 | Test AUROC 0.7150 AUPRC 0.3487
  Epoch 23, Loss 0.5958, Val AUROC 0.6973 AUPRC 0.3649 | Test AUROC 0.7165 AUPRC 0.3503
  Epoch 24, Loss 0.5933, Val AUROC 0.7000 AUPRC 0.3673 | Test AUROC 0.7180 AUPRC 0.3515
  Epoch 25, Loss 0.5874, Val AUROC 0.7021 AUPRC 0.3697 | Test AUROC 0.7190 AUPRC 0.3506
  Epoch 26, Loss 0.5846, Val AUROC 0.7041 AUPRC 0.3732 | Test AUROC 0.7207 AUPRC 0.3518
  Epoch 27, Loss 0.5822, Val AUROC 0.7062 AUPRC 0.3772 | Test AUROC 0.7236 AUPRC 0.3536
  Epoch 28, Loss 0.5762, Val AUROC 0.7090 AUPRC 0.3797 | Test AUROC 0.7272 AUPRC 0.3564
  Epoch 29, Loss 0.5733, Val AUROC 0.7116 AUPRC 0.3813 | Test AUROC 0.7298 AUPRC 0.3590
  Epoch 30, Loss 0.5702, Val AUROC 0.7136 AUPRC 0.3839 | Test AUROC 0.7315 AUPRC 0.3594
  Epoch 31, Loss 0.5655, Val AUROC 0.7161 AUPRC 0.3867 | Test AUROC 0.7329 AUPRC 0.3613
  Epoch 32, Loss 0.5643, Val AUROC 0.7190 AUPRC 0.3874 | Test AUROC 0.7350 AUPRC 0.3638
  Epoch 33, Loss 0.5605, Val AUROC 0.7227 AUPRC 0.3906 | Test AUROC 0.7360 AUPRC 0.3654
  Epoch 34, Loss 0.5582, Val AUROC 0.7263 AUPRC 0.3927 | Test AUROC 0.7360 AUPRC 0.3657
  Epoch 35, Loss 0.5558, Val AUROC 0.7288 AUPRC 0.3941 | Test AUROC 0.7357 AUPRC 0.3655
  Epoch 36, Loss 0.5529, Val AUROC 0.7307 AUPRC 0.3968 | Test AUROC 0.7358 AUPRC 0.3655
  Epoch 37, Loss 0.5511, Val AUROC 0.7333 AUPRC 0.4014 | Test AUROC 0.7371 AUPRC 0.3666
  Epoch 38, Loss 0.5479, Val AUROC 0.7353 AUPRC 0.4055 | Test AUROC 0.7382 AUPRC 0.3678
  Epoch 39, Loss 0.5464, Val AUROC 0.7360 AUPRC 0.4081 | Test AUROC 0.7392 AUPRC 0.3689
  Epoch 40, Loss 0.5440, Val AUROC 0.7376 AUPRC 0.4110 | Test AUROC 0.7401 AUPRC 0.3707
  Epoch 41, Loss 0.5421, Val AUROC 0.7404 AUPRC 0.4162 | Test AUROC 0.7404 AUPRC 0.3728
  Epoch 42, Loss 0.5399, Val AUROC 0.7420 AUPRC 0.4202 | Test AUROC 0.7403 AUPRC 0.3756
  Epoch 43, Loss 0.5371, Val AUROC 0.7424 AUPRC 0.4217 | Test AUROC 0.7401 AUPRC 0.3774
  Epoch 44, Loss 0.5359, Val AUROC 0.7444 AUPRC 0.4251 | Test AUROC 0.7404 AUPRC 0.3814
  Epoch 45, Loss 0.5330, Val AUROC 0.7457 AUPRC 0.4284 | Test AUROC 0.7413 AUPRC 0.3864
  Epoch 46, Loss 0.5314, Val AUROC 0.7457 AUPRC 0.4303 | Test AUROC 0.7425 AUPRC 0.3884
  Epoch 47, Loss 0.5299, Val AUROC 0.7476 AUPRC 0.4339 | Test AUROC 0.7423 AUPRC 0.3904
  Epoch 48, Loss 0.5274, Val AUROC 0.7490 AUPRC 0.4370 | Test AUROC 0.7417 AUPRC 0.3917
  Epoch 49, Loss 0.5259, Val AUROC 0.7487 AUPRC 0.4404 | Test AUROC 0.7418 AUPRC 0.3924
  Epoch 50, Loss 0.5244, Val AUROC 0.7502 AUPRC 0.4435 | Test AUROC 0.7415 AUPRC 0.3949
  Epoch 51, Loss 0.5219, Val AUROC 0.7511 AUPRC 0.4460 | Test AUROC 0.7423 AUPRC 0.3970
  Epoch 52, Loss 0.5202, Val AUROC 0.7514 AUPRC 0.4469 | Test AUROC 0.7439 AUPRC 0.3984
  Epoch 53, Loss 0.5189, Val AUROC 0.7528 AUPRC 0.4487 | Test AUROC 0.7442 AUPRC 0.4002
  Epoch 54, Loss 0.5168, Val AUROC 0.7537 AUPRC 0.4511 | Test AUROC 0.7448 AUPRC 0.4005
  Epoch 55, Loss 0.5148, Val AUROC 0.7541 AUPRC 0.4522 | Test AUROC 0.7458 AUPRC 0.4013
  Epoch 56, Loss 0.5133, Val AUROC 0.7559 AUPRC 0.4544 | Test AUROC 0.7458 AUPRC 0.4018
  Epoch 57, Loss 0.5115, Val AUROC 0.7566 AUPRC 0.4551 | Test AUROC 0.7464 AUPRC 0.4020
  Epoch 58, Loss 0.5094, Val AUROC 0.7578 AUPRC 0.4572 | Test AUROC 0.7465 AUPRC 0.4015
  Epoch 59, Loss 0.5077, Val AUROC 0.7592 AUPRC 0.4608 | Test AUROC 0.7462 AUPRC 0.4010
  Epoch 60, Loss 0.5062, Val AUROC 0.7597 AUPRC 0.4616 | Test AUROC 0.7468 AUPRC 0.4023
  Epoch 61, Loss 0.5046, Val AUROC 0.7606 AUPRC 0.4628 | Test AUROC 0.7459 AUPRC 0.4016
  Epoch 62, Loss 0.5031, Val AUROC 0.7609 AUPRC 0.4637 | Test AUROC 0.7468 AUPRC 0.4028
  Epoch 63, Loss 0.5013, Val AUROC 0.7619 AUPRC 0.4644 | Test AUROC 0.7457 AUPRC 0.4005
  Epoch 68, Loss 0.4955, Val AUROC 0.7624 AUPRC 0.4655 | Test AUROC 0.7476 AUPRC 0.4022
  Epoch 69, Loss 0.4961, Val AUROC 0.7635 AUPRC 0.4657 | Test AUROC 0.7449 AUPRC 0.4021
  Epoch 70, Loss 0.4943, Val AUROC 0.7627 AUPRC 0.4680 | Test AUROC 0.7472 AUPRC 0.4038
  Epoch 71, Loss 0.4894, Val AUROC 0.7635 AUPRC 0.4695 | Test AUROC 0.7463 AUPRC 0.4041
  Epoch 72, Loss 0.4857, Val AUROC 0.7638 AUPRC 0.4695 | Test AUROC 0.7456 AUPRC 0.4042
  Epoch 73, Loss 0.4861, Val AUROC 0.7638 AUPRC 0.4736 | Test AUROC 0.7478 AUPRC 0.4067
  Epoch 75, Loss 0.4848, Val AUROC 0.7646 AUPRC 0.4752 | Test AUROC 0.7470 AUPRC 0.4061
  Epoch 76, Loss 0.4805, Val AUROC 0.7651 AUPRC 0.4759 | Test AUROC 0.7462 AUPRC 0.4052
  Epoch 78, Loss 0.4777, Val AUROC 0.7648 AUPRC 0.4766 | Test AUROC 0.7468 AUPRC 0.4050
tensor([[0.0000, 0.0000, 0.3333,  ..., 0.4792, 1.0000, 0.9945],
        [0.0000, 0.5000, 0.5000,  ..., 0.4726, 1.0000, 0.9968],
        [0.6531, 0.0000, 0.0204,  ..., 0.4461, 1.0000, 0.9951],
        ...,
        [0.9896, 0.0000, 0.0039,  ..., 1.0000, 1.0000, 1.0000],
        [0.7049, 0.0656, 0.0164,  ..., 1.0000, 1.0000, 0.8056],
        [0.5644, 0.0000, 0.0099,  ..., 1.0000, 1.0000, 0.8333]],
       device='cuda:0')
tensor([[0.8070, 0.0322, 0.0221,  ..., 1.0000, 1.0000, 1.0000],
        [0.0000, 0.0000, 0.0000,  ..., 0.0000, 1.0000, 1.0000],
        [0.0000, 0.0000, 0.2000,  ..., 0.0000, 1.0000, 1.0000],
        ...,
        [0.0784, 0.0000, 0.0000,  ..., 0.8407, 0.9986, 0.8435],
        [0.9828, 0.0000, 0.0172,  ..., 0.7935, 0.9991, 0.8339],
        [0.4715, 0.0000, 0.0366,  ..., 0.8006, 0.9991, 0.8334]],
       device='cuda:0')
/home/eirik/miniconda3/envs/GADBench/lib/python3.10/site-packages/xgboost/training.py:200: UserWarning: [17:11:55] WARNING: /__w/xgboost/xgboost/src/learner.cc:782: 
Parameters: { "drop_rate", "h_feats", "lr", "num_layers", "verbose" } are not used.

  bst.update(dtrain, iteration=i, fobj=obj)
/home/eirik/miniconda3/envs/GADBench/lib/python3.10/site-packages/xgboost/training.py:200: UserWarning: [17:11:56] WARNING: /__w/xgboost/xgboost/src/learner.cc:782: 
Parameters: { "verbose" } are not used.

  bst.update(dtrain, iteration=i, fobj=obj)

[tolokers | ff_b0.3_M2 | split 0 | seed 3407]
  forest_fire: 15/15 subgraphs (n: min=500 med=500 max=500 | m: min=1298 med=5665 max=16105)
  Combined: N=7500 M=210774 train=3126 val=1572 unique_origs=4698
  Epoch 0, Loss 0.6968, Val AUROC 0.6276 AUPRC 0.3233 | Test AUROC 0.5192 AUPRC 0.2320
  Epoch 2, Loss 0.6824, Val AUROC 0.6417 AUPRC 0.3346 | Test AUROC 0.5340 AUPRC 0.2363
  Epoch 3, Loss 0.6768, Val AUROC 0.6584 AUPRC 0.3487 | Test AUROC 0.5820 AUPRC 0.2611
  Epoch 4, Loss 0.6694, Val AUROC 0.6675 AUPRC 0.3628 | Test AUROC 0.6629 AUPRC 0.3421
  Epoch 5, Loss 0.6614, Val AUROC 0.6696 AUPRC 0.3659 | Test AUROC 0.6771 AUPRC 0.3597
  Epoch 17, Loss 0.6170, Val AUROC 0.6874 AUPRC 0.3673 | Test AUROC 0.6895 AUPRC 0.3615
  Epoch 18, Loss 0.6137, Val AUROC 0.6915 AUPRC 0.3696 | Test AUROC 0.6882 AUPRC 0.3595
  Epoch 19, Loss 0.6114, Val AUROC 0.6961 AUPRC 0.3718 | Test AUROC 0.6893 AUPRC 0.3589
  Epoch 20, Loss 0.6104, Val AUROC 0.6995 AUPRC 0.3724 | Test AUROC 0.6953 AUPRC 0.3629
  Epoch 21, Loss 0.6094, Val AUROC 0.7015 AUPRC 0.3724 | Test AUROC 0.6996 AUPRC 0.3658
  Epoch 39, Loss 0.5847, Val AUROC 0.7091 AUPRC 0.3730 | Test AUROC 0.7136 AUPRC 0.3795
  Epoch 41, Loss 0.5833, Val AUROC 0.7092 AUPRC 0.3739 | Test AUROC 0.7167 AUPRC 0.3826
  Epoch 43, Loss 0.5800, Val AUROC 0.7101 AUPRC 0.3739 | Test AUROC 0.7202 AUPRC 0.3860
  Epoch 44, Loss 0.5789, Val AUROC 0.7111 AUPRC 0.3764 | Test AUROC 0.7201 AUPRC 0.3869
  Epoch 46, Loss 0.5773, Val AUROC 0.7116 AUPRC 0.3772 | Test AUROC 0.7203 AUPRC 0.3870
  Epoch 47, Loss 0.5759, Val AUROC 0.7118 AUPRC 0.3780 | Test AUROC 0.7206 AUPRC 0.3874
  Epoch 49, Loss 0.5745, Val AUROC 0.7122 AUPRC 0.3794 | Test AUROC 0.7212 AUPRC 0.3885
  Epoch 51, Loss 0.5725, Val AUROC 0.7127 AUPRC 0.3795 | Test AUROC 0.7218 AUPRC 0.3897
  Epoch 52, Loss 0.5715, Val AUROC 0.7140 AUPRC 0.3810 | Test AUROC 0.7218 AUPRC 0.3908
  Epoch 54, Loss 0.5704, Val AUROC 0.7153 AUPRC 0.3824 | Test AUROC 0.7219 AUPRC 0.3922
  Epoch 56, Loss 0.5693, Val AUROC 0.7155 AUPRC 0.3829 | Test AUROC 0.7219 AUPRC 0.3936
  Epoch 63, Loss 0.5649, Val AUROC 0.7166 AUPRC 0.3844 | Test AUROC 0.7208 AUPRC 0.3946
  Epoch 71, Loss 0.5615, Val AUROC 0.7174 AUPRC 0.3846 | Test AUROC 0.7164 AUPRC 0.3943
  Epoch 74, Loss 0.5592, Val AUROC 0.7172 AUPRC 0.3846 | Test AUROC 0.7163 AUPRC 0.3958
  Epoch 77, Loss 0.5575, Val AUROC 0.7173 AUPRC 0.3856 | Test AUROC 0.7137 AUPRC 0.3946
  Epoch 82, Loss 0.5566, Val AUROC 0.7182 AUPRC 0.3858 | Test AUROC 0.7121 AUPRC 0.3938
  Epoch 0, Loss 0.7370, Val AUROC 0.3621 AUPRC 0.1973 | Test AUROC 0.3791 AUPRC 0.1719
  Epoch 1, Loss 0.7232, Val AUROC 0.4974 AUPRC 0.2509 | Test AUROC 0.5385 AUPRC 0.2358
  Epoch 2, Loss 0.6979, Val AUROC 0.6712 AUPRC 0.3348 | Test AUROC 0.6968 AUPRC 0.3252
  Epoch 3, Loss 0.6765, Val AUROC 0.6805 AUPRC 0.3411 | Test AUROC 0.7004 AUPRC 0.3290
  Epoch 4, Loss 0.6632, Val AUROC 0.6796 AUPRC 0.3444 | Test AUROC 0.6995 AUPRC 0.3299
  Epoch 5, Loss 0.6497, Val AUROC 0.6779 AUPRC 0.3454 | Test AUROC 0.6983 AUPRC 0.3310
  Epoch 6, Loss 0.6363, Val AUROC 0.6780 AUPRC 0.3470 | Test AUROC 0.6978 AUPRC 0.3323
  Epoch 7, Loss 0.6297, Val AUROC 0.6794 AUPRC 0.3523 | Test AUROC 0.6987 AUPRC 0.3331
  Epoch 8, Loss 0.6241, Val AUROC 0.6813 AUPRC 0.3544 | Test AUROC 0.7003 AUPRC 0.3333
  Epoch 10, Loss 0.6163, Val AUROC 0.6863 AUPRC 0.3550 | Test AUROC 0.7056 AUPRC 0.3378
  Epoch 15, Loss 0.6046, Val AUROC 0.6975 AUPRC 0.3554 | Test AUROC 0.7228 AUPRC 0.3523
  Epoch 18, Loss 0.5979, Val AUROC 0.7043 AUPRC 0.3569 | Test AUROC 0.7309 AUPRC 0.3598
  Epoch 19, Loss 0.5960, Val AUROC 0.7068 AUPRC 0.3585 | Test AUROC 0.7327 AUPRC 0.3615
  Epoch 20, Loss 0.5955, Val AUROC 0.7089 AUPRC 0.3598 | Test AUROC 0.7339 AUPRC 0.3628
  Epoch 21, Loss 0.5940, Val AUROC 0.7109 AUPRC 0.3618 | Test AUROC 0.7345 AUPRC 0.3644
  Epoch 22, Loss 0.5939, Val AUROC 0.7123 AUPRC 0.3637 | Test AUROC 0.7350 AUPRC 0.3646
  Epoch 23, Loss 0.5918, Val AUROC 0.7133 AUPRC 0.3647 | Test AUROC 0.7353 AUPRC 0.3650
  Epoch 24, Loss 0.5914, Val AUROC 0.7143 AUPRC 0.3653 | Test AUROC 0.7356 AUPRC 0.3655
  Epoch 25, Loss 0.5898, Val AUROC 0.7154 AUPRC 0.3668 | Test AUROC 0.7358 AUPRC 0.3659
  Epoch 26, Loss 0.5890, Val AUROC 0.7162 AUPRC 0.3678 | Test AUROC 0.7355 AUPRC 0.3652
  Epoch 27, Loss 0.5877, Val AUROC 0.7174 AUPRC 0.3698 | Test AUROC 0.7355 AUPRC 0.3651
  Epoch 28, Loss 0.5866, Val AUROC 0.7191 AUPRC 0.3723 | Test AUROC 0.7356 AUPRC 0.3659
  Epoch 29, Loss 0.5855, Val AUROC 0.7207 AUPRC 0.3747 | Test AUROC 0.7352 AUPRC 0.3656
  Epoch 30, Loss 0.5841, Val AUROC 0.7224 AUPRC 0.3789 | Test AUROC 0.7347 AUPRC 0.3651
  Epoch 31, Loss 0.5832, Val AUROC 0.7240 AUPRC 0.3812 | Test AUROC 0.7345 AUPRC 0.3657
  Epoch 32, Loss 0.5818, Val AUROC 0.7254 AUPRC 0.3847 | Test AUROC 0.7343 AUPRC 0.3668
  Epoch 33, Loss 0.5813, Val AUROC 0.7269 AUPRC 0.3878 | Test AUROC 0.7336 AUPRC 0.3663
  Epoch 34, Loss 0.5801, Val AUROC 0.7280 AUPRC 0.3903 | Test AUROC 0.7331 AUPRC 0.3668
  Epoch 35, Loss 0.5793, Val AUROC 0.7293 AUPRC 0.3940 | Test AUROC 0.7327 AUPRC 0.3673
  Epoch 36, Loss 0.5786, Val AUROC 0.7305 AUPRC 0.3960 | Test AUROC 0.7323 AUPRC 0.3668
  Epoch 37, Loss 0.5773, Val AUROC 0.7316 AUPRC 0.3988 | Test AUROC 0.7320 AUPRC 0.3665
  Epoch 38, Loss 0.5766, Val AUROC 0.7325 AUPRC 0.4010 | Test AUROC 0.7318 AUPRC 0.3667
  Epoch 39, Loss 0.5756, Val AUROC 0.7334 AUPRC 0.4028 | Test AUROC 0.7317 AUPRC 0.3667
  Epoch 40, Loss 0.5748, Val AUROC 0.7342 AUPRC 0.4038 | Test AUROC 0.7317 AUPRC 0.3682
  Epoch 41, Loss 0.5741, Val AUROC 0.7353 AUPRC 0.4061 | Test AUROC 0.7318 AUPRC 0.3689
  Epoch 42, Loss 0.5731, Val AUROC 0.7361 AUPRC 0.4093 | Test AUROC 0.7317 AUPRC 0.3699
  Epoch 43, Loss 0.5723, Val AUROC 0.7369 AUPRC 0.4112 | Test AUROC 0.7317 AUPRC 0.3698
  Epoch 44, Loss 0.5714, Val AUROC 0.7379 AUPRC 0.4142 | Test AUROC 0.7316 AUPRC 0.3695
  Epoch 45, Loss 0.5706, Val AUROC 0.7385 AUPRC 0.4178 | Test AUROC 0.7314 AUPRC 0.3691
  Epoch 46, Loss 0.5700, Val AUROC 0.7388 AUPRC 0.4187 | Test AUROC 0.7315 AUPRC 0.3691
  Epoch 47, Loss 0.5693, Val AUROC 0.7391 AUPRC 0.4216 | Test AUROC 0.7314 AUPRC 0.3686
  Epoch 48, Loss 0.5686, Val AUROC 0.7393 AUPRC 0.4250 | Test AUROC 0.7310 AUPRC 0.3682
  Epoch 49, Loss 0.5681, Val AUROC 0.7394 AUPRC 0.4271 | Test AUROC 0.7305 AUPRC 0.3666
  Epoch 50, Loss 0.5675, Val AUROC 0.7396 AUPRC 0.4304 | Test AUROC 0.7297 AUPRC 0.3639
  Epoch 51, Loss 0.5668, Val AUROC 0.7397 AUPRC 0.4333 | Test AUROC 0.7292 AUPRC 0.3619
  Epoch 52, Loss 0.5663, Val AUROC 0.7396 AUPRC 0.4357 | Test AUROC 0.7291 AUPRC 0.3608
  Epoch 53, Loss 0.5658, Val AUROC 0.7395 AUPRC 0.4361 | Test AUROC 0.7291 AUPRC 0.3600
  Epoch 54, Loss 0.5652, Val AUROC 0.7396 AUPRC 0.4371 | Test AUROC 0.7293 AUPRC 0.3593
  Epoch 55, Loss 0.5647, Val AUROC 0.7396 AUPRC 0.4373 | Test AUROC 0.7299 AUPRC 0.3597
  Epoch 56, Loss 0.5642, Val AUROC 0.7395 AUPRC 0.4382 | Test AUROC 0.7300 AUPRC 0.3593
  Epoch 57, Loss 0.5638, Val AUROC 0.7394 AUPRC 0.4384 | Test AUROC 0.7302 AUPRC 0.3590
  Epoch 0, Loss 1.0440, Val AUROC 0.5296 AUPRC 0.2650 | Test AUROC 0.5109 AUPRC 0.2177
  Epoch 1, Loss 0.6984, Val AUROC 0.5834 AUPRC 0.2944 | Test AUROC 0.5293 AUPRC 0.2202
  Epoch 2, Loss 0.7371, Val AUROC 0.6350 AUPRC 0.3366 | Test AUROC 0.6037 AUPRC 0.2630
  Epoch 3, Loss 0.7273, Val AUROC 0.6585 AUPRC 0.3589 | Test AUROC 0.6584 AUPRC 0.3050
  Epoch 4, Loss 0.6888, Val AUROC 0.6576 AUPRC 0.3625 | Test AUROC 0.6730 AUPRC 0.3204
  Epoch 9, Loss 0.6657, Val AUROC 0.6550 AUPRC 0.3632 | Test AUROC 0.6788 AUPRC 0.3318
  Epoch 13, Loss 0.6393, Val AUROC 0.6738 AUPRC 0.3640 | Test AUROC 0.6917 AUPRC 0.3315
  Epoch 14, Loss 0.6351, Val AUROC 0.6785 AUPRC 0.3657 | Test AUROC 0.6950 AUPRC 0.3343
  Epoch 15, Loss 0.6276, Val AUROC 0.6814 AUPRC 0.3674 | Test AUROC 0.6976 AUPRC 0.3368
  Epoch 16, Loss 0.6210, Val AUROC 0.6842 AUPRC 0.3706 | Test AUROC 0.6994 AUPRC 0.3375
  Epoch 17, Loss 0.6188, Val AUROC 0.6873 AUPRC 0.3709 | Test AUROC 0.7007 AUPRC 0.3376
  Epoch 18, Loss 0.6176, Val AUROC 0.6912 AUPRC 0.3728 | Test AUROC 0.7029 AUPRC 0.3374
  Epoch 22, Loss 0.6018, Val AUROC 0.7041 AUPRC 0.3739 | Test AUROC 0.7139 AUPRC 0.3406
  Epoch 23, Loss 0.5951, Val AUROC 0.7062 AUPRC 0.3771 | Test AUROC 0.7151 AUPRC 0.3407
  Epoch 24, Loss 0.5908, Val AUROC 0.7093 AUPRC 0.3790 | Test AUROC 0.7162 AUPRC 0.3407
  Epoch 25, Loss 0.5887, Val AUROC 0.7127 AUPRC 0.3829 | Test AUROC 0.7169 AUPRC 0.3395
  Epoch 26, Loss 0.5828, Val AUROC 0.7164 AUPRC 0.3862 | Test AUROC 0.7168 AUPRC 0.3378
  Epoch 27, Loss 0.5797, Val AUROC 0.7194 AUPRC 0.3908 | Test AUROC 0.7178 AUPRC 0.3386
  Epoch 28, Loss 0.5776, Val AUROC 0.7205 AUPRC 0.3926 | Test AUROC 0.7204 AUPRC 0.3428
  Epoch 30, Loss 0.5697, Val AUROC 0.7242 AUPRC 0.3949 | Test AUROC 0.7241 AUPRC 0.3508
  Epoch 31, Loss 0.5656, Val AUROC 0.7269 AUPRC 0.3986 | Test AUROC 0.7249 AUPRC 0.3492
  Epoch 32, Loss 0.5625, Val AUROC 0.7295 AUPRC 0.4019 | Test AUROC 0.7261 AUPRC 0.3513
  Epoch 33, Loss 0.5599, Val AUROC 0.7317 AUPRC 0.4044 | Test AUROC 0.7276 AUPRC 0.3534
  Epoch 34, Loss 0.5564, Val AUROC 0.7340 AUPRC 0.4081 | Test AUROC 0.7283 AUPRC 0.3536
  Epoch 35, Loss 0.5542, Val AUROC 0.7376 AUPRC 0.4123 | Test AUROC 0.7278 AUPRC 0.3512
  Epoch 36, Loss 0.5516, Val AUROC 0.7392 AUPRC 0.4149 | Test AUROC 0.7292 AUPRC 0.3532
  Epoch 37, Loss 0.5480, Val AUROC 0.7396 AUPRC 0.4166 | Test AUROC 0.7309 AUPRC 0.3565
  Epoch 38, Loss 0.5475, Val AUROC 0.7419 AUPRC 0.4209 | Test AUROC 0.7316 AUPRC 0.3585
  Epoch 39, Loss 0.5436, Val AUROC 0.7434 AUPRC 0.4241 | Test AUROC 0.7326 AUPRC 0.3610
  Epoch 40, Loss 0.5414, Val AUROC 0.7440 AUPRC 0.4263 | Test AUROC 0.7339 AUPRC 0.3636
  Epoch 41, Loss 0.5409, Val AUROC 0.7465 AUPRC 0.4303 | Test AUROC 0.7340 AUPRC 0.3649
  Epoch 42, Loss 0.5379, Val AUROC 0.7477 AUPRC 0.4333 | Test AUROC 0.7352 AUPRC 0.3669
  Epoch 43, Loss 0.5345, Val AUROC 0.7491 AUPRC 0.4366 | Test AUROC 0.7364 AUPRC 0.3677
  Epoch 44, Loss 0.5333, Val AUROC 0.7506 AUPRC 0.4403 | Test AUROC 0.7374 AUPRC 0.3711
  Epoch 45, Loss 0.5320, Val AUROC 0.7513 AUPRC 0.4422 | Test AUROC 0.7392 AUPRC 0.3737
  Epoch 46, Loss 0.5295, Val AUROC 0.7524 AUPRC 0.4445 | Test AUROC 0.7400 AUPRC 0.3763
  Epoch 47, Loss 0.5263, Val AUROC 0.7531 AUPRC 0.4455 | Test AUROC 0.7405 AUPRC 0.3788
  Epoch 48, Loss 0.5245, Val AUROC 0.7538 AUPRC 0.4478 | Test AUROC 0.7413 AUPRC 0.3807
  Epoch 49, Loss 0.5237, Val AUROC 0.7547 AUPRC 0.4490 | Test AUROC 0.7407 AUPRC 0.3824
  Epoch 50, Loss 0.5226, Val AUROC 0.7553 AUPRC 0.4512 | Test AUROC 0.7414 AUPRC 0.3833
  Epoch 53, Loss 0.5148, Val AUROC 0.7576 AUPRC 0.4527 | Test AUROC 0.7421 AUPRC 0.3873
  Epoch 68, Loss 0.4952, Val AUROC 0.7629 AUPRC 0.4542 | Test AUROC 0.7439 AUPRC 0.4040
  Epoch 69, Loss 0.4934, Val AUROC 0.7637 AUPRC 0.4542 | Test AUROC 0.7448 AUPRC 0.4059
  Epoch 70, Loss 0.4953, Val AUROC 0.7634 AUPRC 0.4553 | Test AUROC 0.7436 AUPRC 0.4044
  Epoch 71, Loss 0.4922, Val AUROC 0.7641 AUPRC 0.4553 | Test AUROC 0.7445 AUPRC 0.4056
  Epoch 73, Loss 0.4899, Val AUROC 0.7641 AUPRC 0.4565 | Test AUROC 0.7445 AUPRC 0.4059
  Epoch 75, Loss 0.4867, Val AUROC 0.7645 AUPRC 0.4573 | Test AUROC 0.7445 AUPRC 0.4056
  Epoch 76, Loss 0.4846, Val AUROC 0.7641 AUPRC 0.4589 | Test AUROC 0.7438 AUPRC 0.4050
  Epoch 92, Loss 0.4710, Val AUROC 0.7665 AUPRC 0.4595 | Test AUROC 0.7486 AUPRC 0.4150
  Epoch 93, Loss 0.4771, Val AUROC 0.7653 AUPRC 0.4602 | Test AUROC 0.7451 AUPRC 0.4117
  Epoch 98, Loss 0.4620, Val AUROC 0.7674 AUPRC 0.4636 | Test AUROC 0.7464 AUPRC 0.4145
  Epoch 99, Loss 0.4628, Val AUROC 0.7663 AUPRC 0.4639 | Test AUROC 0.7444 AUPRC 0.4142
  Epoch 109, Loss 0.4522, Val AUROC 0.7643 AUPRC 0.4643 | Test AUROC 0.7436 AUPRC 0.4115
tensor([[0.0000, 0.0000, 0.3333,  ..., 0.4792, 1.0000, 0.9945],
        [0.0000, 0.5000, 0.5000,  ..., 0.4726, 1.0000, 0.9968],
        [0.6531, 0.0000, 0.0204,  ..., 0.4461, 1.0000, 0.9951],
        ...,
        [0.9375, 0.0078, 0.0156,  ..., 0.6465, 1.0000, 0.8283],
        [0.8098, 0.0859, 0.0429,  ..., 0.6136, 1.0000, 0.7045],
        [0.6462, 0.0000, 0.0154,  ..., 0.7421, 1.0000, 0.8968]],
       device='cuda:0')
tensor([[0.8070, 0.0322, 0.0221,  ..., 1.0000, 1.0000, 1.0000],
        [0.0000, 0.0000, 0.0000,  ..., 0.0000, 1.0000, 1.0000],
        [0.0000, 0.0000, 0.2000,  ..., 0.0000, 1.0000, 1.0000],
        ...,
        [0.0784, 0.0000, 0.0000,  ..., 0.8407, 0.9986, 0.8435],
        [0.9828, 0.0000, 0.0172,  ..., 0.7935, 0.9991, 0.8339],
        [0.4715, 0.0000, 0.0366,  ..., 0.8006, 0.9991, 0.8334]],
       device='cuda:0')
/home/eirik/miniconda3/envs/GADBench/lib/python3.10/site-packages/xgboost/training.py:200: UserWarning: [17:12:13] WARNING: /__w/xgboost/xgboost/src/learner.cc:782: 
Parameters: { "drop_rate", "h_feats", "lr", "num_layers", "verbose" } are not used.

  bst.update(dtrain, iteration=i, fobj=obj)
/home/eirik/miniconda3/envs/GADBench/lib/python3.10/site-packages/xgboost/training.py:200: UserWarning: [17:12:14] WARNING: /__w/xgboost/xgboost/src/learner.cc:782: 
Parameters: { "verbose" } are not used.

  bst.update(dtrain, iteration=i, fobj=obj)

[tolokers | ff_b0.3_Minf | split 0 | seed 3407]
  forest_fire: 15/15 subgraphs (n: min=500 med=500 max=500 | m: min=10840 med=16399 max=29557)
  Combined: N=7500 M=513788 train=2247 val=1164 unique_origs=3411
  Epoch 0, Loss 0.6978, Val AUROC 0.6022 AUPRC 0.3039 | Test AUROC 0.5141 AUPRC 0.2296
  Epoch 1, Loss 0.6892, Val AUROC 0.6056 AUPRC 0.3044 | Test AUROC 0.5182 AUPRC 0.2300
  Epoch 2, Loss 0.6844, Val AUROC 0.6240 AUPRC 0.3247 | Test AUROC 0.5526 AUPRC 0.2473
  Epoch 3, Loss 0.6779, Val AUROC 0.6632 AUPRC 0.3685 | Test AUROC 0.6272 AUPRC 0.2995
  Epoch 4, Loss 0.6698, Val AUROC 0.6709 AUPRC 0.3736 | Test AUROC 0.6678 AUPRC 0.3515
  Epoch 5, Loss 0.6617, Val AUROC 0.6752 AUPRC 0.3760 | Test AUROC 0.6765 AUPRC 0.3604
  Epoch 13, Loss 0.6103, Val AUROC 0.6810 AUPRC 0.3762 | Test AUROC 0.6783 AUPRC 0.3588
  Epoch 14, Loss 0.6110, Val AUROC 0.6834 AUPRC 0.3769 | Test AUROC 0.6803 AUPRC 0.3600
  Epoch 15, Loss 0.6109, Val AUROC 0.6859 AUPRC 0.3777 | Test AUROC 0.6822 AUPRC 0.3609
  Epoch 16, Loss 0.6102, Val AUROC 0.6875 AUPRC 0.3785 | Test AUROC 0.6807 AUPRC 0.3594
  Epoch 17, Loss 0.6083, Val AUROC 0.6905 AUPRC 0.3799 | Test AUROC 0.6804 AUPRC 0.3591
  Epoch 18, Loss 0.6056, Val AUROC 0.6955 AUPRC 0.3821 | Test AUROC 0.6825 AUPRC 0.3605
  Epoch 19, Loss 0.6027, Val AUROC 0.6997 AUPRC 0.3836 | Test AUROC 0.6825 AUPRC 0.3604
  Epoch 20, Loss 0.6007, Val AUROC 0.7042 AUPRC 0.3857 | Test AUROC 0.6823 AUPRC 0.3602
  Epoch 21, Loss 0.6002, Val AUROC 0.7052 AUPRC 0.3865 | Test AUROC 0.6875 AUPRC 0.3624
  Epoch 22, Loss 0.6007, Val AUROC 0.7064 AUPRC 0.3871 | Test AUROC 0.6873 AUPRC 0.3615
  Epoch 25, Loss 0.5989, Val AUROC 0.7098 AUPRC 0.3880 | Test AUROC 0.6926 AUPRC 0.3643
  Epoch 51, Loss 0.5830, Val AUROC 0.7112 AUPRC 0.3883 | Test AUROC 0.7024 AUPRC 0.3728
  Epoch 53, Loss 0.5828, Val AUROC 0.7112 AUPRC 0.3886 | Test AUROC 0.7033 AUPRC 0.3723
  Epoch 54, Loss 0.5824, Val AUROC 0.7115 AUPRC 0.3891 | Test AUROC 0.7011 AUPRC 0.3709
  Epoch 55, Loss 0.5810, Val AUROC 0.7117 AUPRC 0.3897 | Test AUROC 0.7022 AUPRC 0.3714
  Epoch 56, Loss 0.5800, Val AUROC 0.7116 AUPRC 0.3898 | Test AUROC 0.7036 AUPRC 0.3721
  Epoch 57, Loss 0.5799, Val AUROC 0.7124 AUPRC 0.3915 | Test AUROC 0.7016 AUPRC 0.3699
  Epoch 60, Loss 0.5778, Val AUROC 0.7125 AUPRC 0.3932 | Test AUROC 0.7015 AUPRC 0.3686
  Epoch 70, Loss 0.5723, Val AUROC 0.7116 AUPRC 0.3966 | Test AUROC 0.7012 AUPRC 0.3665
  Epoch 72, Loss 0.5733, Val AUROC 0.7128 AUPRC 0.3966 | Test AUROC 0.6998 AUPRC 0.3643
  Epoch 87, Loss 0.5675, Val AUROC 0.7130 AUPRC 0.3970 | Test AUROC 0.6999 AUPRC 0.3640
  Epoch 92, Loss 0.5665, Val AUROC 0.7128 AUPRC 0.3971 | Test AUROC 0.7004 AUPRC 0.3648
  Epoch 108, Loss 0.5624, Val AUROC 0.7132 AUPRC 0.3982 | Test AUROC 0.6984 AUPRC 0.3636
  Epoch 117, Loss 0.5606, Val AUROC 0.7136 AUPRC 0.3986 | Test AUROC 0.6975 AUPRC 0.3623
  Epoch 141, Loss 0.5580, Val AUROC 0.7152 AUPRC 0.3990 | Test AUROC 0.6960 AUPRC 0.3602
  Epoch 154, Loss 0.5543, Val AUROC 0.7151 AUPRC 0.3994 | Test AUROC 0.6959 AUPRC 0.3608
  Epoch 0, Loss 0.7302, Val AUROC 0.3708 AUPRC 0.1921 | Test AUROC 0.3883 AUPRC 0.1776
  Epoch 1, Loss 0.7163, Val AUROC 0.5572 AUPRC 0.2722 | Test AUROC 0.5592 AUPRC 0.2455
  Epoch 2, Loss 0.6930, Val AUROC 0.6819 AUPRC 0.3393 | Test AUROC 0.6919 AUPRC 0.3211
  Epoch 3, Loss 0.6744, Val AUROC 0.6921 AUPRC 0.3446 | Test AUROC 0.6974 AUPRC 0.3255
  Epoch 7, Loss 0.6272, Val AUROC 0.6843 AUPRC 0.3464 | Test AUROC 0.6922 AUPRC 0.3269
  Epoch 8, Loss 0.6189, Val AUROC 0.6850 AUPRC 0.3475 | Test AUROC 0.6930 AUPRC 0.3266
  Epoch 9, Loss 0.6120, Val AUROC 0.6862 AUPRC 0.3490 | Test AUROC 0.6943 AUPRC 0.3265
  Epoch 10, Loss 0.6093, Val AUROC 0.6864 AUPRC 0.3497 | Test AUROC 0.6957 AUPRC 0.3281
  Epoch 19, Loss 0.5991, Val AUROC 0.7006 AUPRC 0.3506 | Test AUROC 0.7189 AUPRC 0.3463
  Epoch 20, Loss 0.5962, Val AUROC 0.7022 AUPRC 0.3520 | Test AUROC 0.7215 AUPRC 0.3478
  Epoch 21, Loss 0.5955, Val AUROC 0.7044 AUPRC 0.3539 | Test AUROC 0.7231 AUPRC 0.3479
  Epoch 22, Loss 0.5932, Val AUROC 0.7069 AUPRC 0.3553 | Test AUROC 0.7242 AUPRC 0.3484
  Epoch 23, Loss 0.5928, Val AUROC 0.7092 AUPRC 0.3573 | Test AUROC 0.7254 AUPRC 0.3492
  Epoch 24, Loss 0.5912, Val AUROC 0.7115 AUPRC 0.3593 | Test AUROC 0.7262 AUPRC 0.3502
  Epoch 25, Loss 0.5919, Val AUROC 0.7130 AUPRC 0.3608 | Test AUROC 0.7262 AUPRC 0.3500
  Epoch 26, Loss 0.5913, Val AUROC 0.7144 AUPRC 0.3624 | Test AUROC 0.7264 AUPRC 0.3504
  Epoch 27, Loss 0.5906, Val AUROC 0.7157 AUPRC 0.3636 | Test AUROC 0.7271 AUPRC 0.3515
  Epoch 28, Loss 0.5907, Val AUROC 0.7164 AUPRC 0.3647 | Test AUROC 0.7268 AUPRC 0.3511
  Epoch 29, Loss 0.5889, Val AUROC 0.7166 AUPRC 0.3654 | Test AUROC 0.7264 AUPRC 0.3507
  Epoch 30, Loss 0.5890, Val AUROC 0.7172 AUPRC 0.3675 | Test AUROC 0.7265 AUPRC 0.3513
  Epoch 31, Loss 0.5872, Val AUROC 0.7173 AUPRC 0.3681 | Test AUROC 0.7262 AUPRC 0.3516
  Epoch 32, Loss 0.5871, Val AUROC 0.7174 AUPRC 0.3687 | Test AUROC 0.7256 AUPRC 0.3514
  Epoch 33, Loss 0.5857, Val AUROC 0.7177 AUPRC 0.3698 | Test AUROC 0.7252 AUPRC 0.3513
  Epoch 34, Loss 0.5853, Val AUROC 0.7183 AUPRC 0.3702 | Test AUROC 0.7250 AUPRC 0.3519
  Epoch 35, Loss 0.5846, Val AUROC 0.7189 AUPRC 0.3709 | Test AUROC 0.7247 AUPRC 0.3521
  Epoch 36, Loss 0.5840, Val AUROC 0.7191 AUPRC 0.3714 | Test AUROC 0.7244 AUPRC 0.3518
  Epoch 37, Loss 0.5837, Val AUROC 0.7198 AUPRC 0.3720 | Test AUROC 0.7245 AUPRC 0.3523
  Epoch 38, Loss 0.5829, Val AUROC 0.7207 AUPRC 0.3730 | Test AUROC 0.7249 AUPRC 0.3532
  Epoch 39, Loss 0.5828, Val AUROC 0.7213 AUPRC 0.3739 | Test AUROC 0.7249 AUPRC 0.3534
  Epoch 40, Loss 0.5818, Val AUROC 0.7217 AUPRC 0.3743 | Test AUROC 0.7250 AUPRC 0.3538
  Epoch 41, Loss 0.5816, Val AUROC 0.7226 AUPRC 0.3753 | Test AUROC 0.7254 AUPRC 0.3546
  Epoch 42, Loss 0.5808, Val AUROC 0.7234 AUPRC 0.3762 | Test AUROC 0.7256 AUPRC 0.3554
  Epoch 43, Loss 0.5802, Val AUROC 0.7238 AUPRC 0.3767 | Test AUROC 0.7256 AUPRC 0.3555
  Epoch 44, Loss 0.5798, Val AUROC 0.7244 AUPRC 0.3775 | Test AUROC 0.7260 AUPRC 0.3564
  Epoch 45, Loss 0.5790, Val AUROC 0.7250 AUPRC 0.3784 | Test AUROC 0.7264 AUPRC 0.3573
  Epoch 46, Loss 0.5787, Val AUROC 0.7254 AUPRC 0.3790 | Test AUROC 0.7265 AUPRC 0.3574
  Epoch 47, Loss 0.5781, Val AUROC 0.7259 AUPRC 0.3794 | Test AUROC 0.7266 AUPRC 0.3579
  Epoch 48, Loss 0.5776, Val AUROC 0.7266 AUPRC 0.3802 | Test AUROC 0.7268 AUPRC 0.3581
  Epoch 49, Loss 0.5773, Val AUROC 0.7270 AUPRC 0.3808 | Test AUROC 0.7266 AUPRC 0.3577
  Epoch 50, Loss 0.5766, Val AUROC 0.7273 AUPRC 0.3809 | Test AUROC 0.7264 AUPRC 0.3573
  Epoch 51, Loss 0.5762, Val AUROC 0.7277 AUPRC 0.3811 | Test AUROC 0.7264 AUPRC 0.3576
  Epoch 52, Loss 0.5759, Val AUROC 0.7278 AUPRC 0.3812 | Test AUROC 0.7261 AUPRC 0.3570
  Epoch 53, Loss 0.5753, Val AUROC 0.7279 AUPRC 0.3815 | Test AUROC 0.7258 AUPRC 0.3565
  Epoch 54, Loss 0.5750, Val AUROC 0.7283 AUPRC 0.3820 | Test AUROC 0.7259 AUPRC 0.3572
  Epoch 55, Loss 0.5747, Val AUROC 0.7282 AUPRC 0.3824 | Test AUROC 0.7255 AUPRC 0.3565
  Epoch 58, Loss 0.5735, Val AUROC 0.7281 AUPRC 0.3824 | Test AUROC 0.7245 AUPRC 0.3553
  Epoch 60, Loss 0.5727, Val AUROC 0.7279 AUPRC 0.3826 | Test AUROC 0.7239 AUPRC 0.3560
  Epoch 61, Loss 0.5725, Val AUROC 0.7274 AUPRC 0.3828 | Test AUROC 0.7235 AUPRC 0.3552
  Epoch 62, Loss 0.5723, Val AUROC 0.7274 AUPRC 0.3839 | Test AUROC 0.7234 AUPRC 0.3551
  Epoch 63, Loss 0.5720, Val AUROC 0.7274 AUPRC 0.3855 | Test AUROC 0.7232 AUPRC 0.3546
  Epoch 64, Loss 0.5717, Val AUROC 0.7276 AUPRC 0.3870 | Test AUROC 0.7230 AUPRC 0.3542
  Epoch 65, Loss 0.5715, Val AUROC 0.7279 AUPRC 0.3874 | Test AUROC 0.7231 AUPRC 0.3538
  Epoch 66, Loss 0.5713, Val AUROC 0.7279 AUPRC 0.3896 | Test AUROC 0.7230 AUPRC 0.3533
  Epoch 70, Loss 0.5705, Val AUROC 0.7286 AUPRC 0.3897 | Test AUROC 0.7236 AUPRC 0.3538
  Epoch 72, Loss 0.5703, Val AUROC 0.7290 AUPRC 0.3899 | Test AUROC 0.7239 AUPRC 0.3540
  Epoch 73, Loss 0.5702, Val AUROC 0.7288 AUPRC 0.3900 | Test AUROC 0.7238 AUPRC 0.3537
  Epoch 74, Loss 0.5700, Val AUROC 0.7292 AUPRC 0.3905 | Test AUROC 0.7241 AUPRC 0.3542
  Epoch 78, Loss 0.5700, Val AUROC 0.7300 AUPRC 0.3913 | Test AUROC 0.7245 AUPRC 0.3549
  Epoch 80, Loss 0.5704, Val AUROC 0.7303 AUPRC 0.3921 | Test AUROC 0.7247 AUPRC 0.3551
  Epoch 82, Loss 0.5699, Val AUROC 0.7302 AUPRC 0.3921 | Test AUROC 0.7245 AUPRC 0.3547
  Epoch 83, Loss 0.5693, Val AUROC 0.7304 AUPRC 0.3925 | Test AUROC 0.7245 AUPRC 0.3547
  Epoch 85, Loss 0.5695, Val AUROC 0.7310 AUPRC 0.3935 | Test AUROC 0.7248 AUPRC 0.3552
  Epoch 87, Loss 0.5697, Val AUROC 0.7312 AUPRC 0.3940 | Test AUROC 0.7248 AUPRC 0.3551
  Epoch 88, Loss 0.5693, Val AUROC 0.7309 AUPRC 0.3943 | Test AUROC 0.7247 AUPRC 0.3549
  Epoch 90, Loss 0.5689, Val AUROC 0.7316 AUPRC 0.3949 | Test AUROC 0.7249 AUPRC 0.3553
  Epoch 92, Loss 0.5692, Val AUROC 0.7318 AUPRC 0.3950 | Test AUROC 0.7251 AUPRC 0.3559
  Epoch 93, Loss 0.5691, Val AUROC 0.7312 AUPRC 0.3951 | Test AUROC 0.7247 AUPRC 0.3550
  Epoch 94, Loss 0.5689, Val AUROC 0.7317 AUPRC 0.3954 | Test AUROC 0.7250 AUPRC 0.3559
  Epoch 96, Loss 0.5686, Val AUROC 0.7318 AUPRC 0.3956 | Test AUROC 0.7250 AUPRC 0.3559
  Epoch 97, Loss 0.5687, Val AUROC 0.7322 AUPRC 0.3957 | Test AUROC 0.7254 AUPRC 0.3570
  Epoch 99, Loss 0.5687, Val AUROC 0.7324 AUPRC 0.3957 | Test AUROC 0.7256 AUPRC 0.3573
  Epoch 106, Loss 0.5684, Val AUROC 0.7327 AUPRC 0.3963 | Test AUROC 0.7259 AUPRC 0.3581
  Epoch 123, Loss 0.5685, Val AUROC 0.7322 AUPRC 0.3967 | Test AUROC 0.7262 AUPRC 0.3611
  Epoch 126, Loss 0.5673, Val AUROC 0.7316 AUPRC 0.3975 | Test AUROC 0.7262 AUPRC 0.3619
  Epoch 128, Loss 0.5676, Val AUROC 0.7322 AUPRC 0.3976 | Test AUROC 0.7268 AUPRC 0.3633
  Epoch 129, Loss 0.5678, Val AUROC 0.7316 AUPRC 0.3977 | Test AUROC 0.7264 AUPRC 0.3623
  Epoch 130, Loss 0.5677, Val AUROC 0.7324 AUPRC 0.3983 | Test AUROC 0.7268 AUPRC 0.3634
  Epoch 132, Loss 0.5672, Val AUROC 0.7326 AUPRC 0.3991 | Test AUROC 0.7269 AUPRC 0.3635
  Epoch 133, Loss 0.5670, Val AUROC 0.7327 AUPRC 0.3994 | Test AUROC 0.7269 AUPRC 0.3637
  Epoch 137, Loss 0.5672, Val AUROC 0.7324 AUPRC 0.3998 | Test AUROC 0.7272 AUPRC 0.3642
  Epoch 139, Loss 0.5671, Val AUROC 0.7321 AUPRC 0.4005 | Test AUROC 0.7272 AUPRC 0.3646
  Epoch 144, Loss 0.5665, Val AUROC 0.7320 AUPRC 0.4006 | Test AUROC 0.7272 AUPRC 0.3653
  Epoch 146, Loss 0.5666, Val AUROC 0.7323 AUPRC 0.4015 | Test AUROC 0.7272 AUPRC 0.3656
  Epoch 148, Loss 0.5668, Val AUROC 0.7326 AUPRC 0.4020 | Test AUROC 0.7273 AUPRC 0.3659
  Epoch 150, Loss 0.5668, Val AUROC 0.7328 AUPRC 0.4027 | Test AUROC 0.7273 AUPRC 0.3663
  Epoch 154, Loss 0.5662, Val AUROC 0.7324 AUPRC 0.4028 | Test AUROC 0.7271 AUPRC 0.3660
  Epoch 155, Loss 0.5660, Val AUROC 0.7323 AUPRC 0.4031 | Test AUROC 0.7271 AUPRC 0.3661
  Epoch 156, Loss 0.5660, Val AUROC 0.7325 AUPRC 0.4040 | Test AUROC 0.7272 AUPRC 0.3664
  Epoch 157, Loss 0.5659, Val AUROC 0.7328 AUPRC 0.4052 | Test AUROC 0.7273 AUPRC 0.3665
  Epoch 158, Loss 0.5658, Val AUROC 0.7328 AUPRC 0.4053 | Test AUROC 0.7273 AUPRC 0.3664
  Epoch 159, Loss 0.5658, Val AUROC 0.7332 AUPRC 0.4057 | Test AUROC 0.7274 AUPRC 0.3669
  Epoch 163, Loss 0.5659, Val AUROC 0.7335 AUPRC 0.4060 | Test AUROC 0.7273 AUPRC 0.3669
  Epoch 165, Loss 0.5668, Val AUROC 0.7337 AUPRC 0.4071 | Test AUROC 0.7274 AUPRC 0.3671
  Epoch 167, Loss 0.5691, Val AUROC 0.7338 AUPRC 0.4077 | Test AUROC 0.7274 AUPRC 0.3671
  Epoch 180, Loss 0.5654, Val AUROC 0.7341 AUPRC 0.4081 | Test AUROC 0.7270 AUPRC 0.3660
  Epoch 185, Loss 0.5651, Val AUROC 0.7343 AUPRC 0.4094 | Test AUROC 0.7274 AUPRC 0.3670
  Epoch 195, Loss 0.5643, Val AUROC 0.7343 AUPRC 0.4098 | Test AUROC 0.7276 AUPRC 0.3687
  Epoch 0, Loss 1.1036, Val AUROC 0.5405 AUPRC 0.2725 | Test AUROC 0.5066 AUPRC 0.2145
  Epoch 1, Loss 0.6941, Val AUROC 0.6116 AUPRC 0.3076 | Test AUROC 0.5228 AUPRC 0.2192
  Epoch 2, Loss 0.7403, Val AUROC 0.6709 AUPRC 0.3518 | Test AUROC 0.6000 AUPRC 0.2624
  Epoch 3, Loss 0.7235, Val AUROC 0.6848 AUPRC 0.3595 | Test AUROC 0.6634 AUPRC 0.3161
  Epoch 4, Loss 0.6768, Val AUROC 0.6881 AUPRC 0.3609 | Test AUROC 0.6887 AUPRC 0.3392
  Epoch 5, Loss 0.6517, Val AUROC 0.6932 AUPRC 0.3643 | Test AUROC 0.6879 AUPRC 0.3421
  Epoch 9, Loss 0.6338, Val AUROC 0.6952 AUPRC 0.3657 | Test AUROC 0.6883 AUPRC 0.3299
  Epoch 10, Loss 0.6313, Val AUROC 0.6965 AUPRC 0.3696 | Test AUROC 0.6884 AUPRC 0.3284
  Epoch 11, Loss 0.6323, Val AUROC 0.6982 AUPRC 0.3760 | Test AUROC 0.6888 AUPRC 0.3294
  Epoch 18, Loss 0.6025, Val AUROC 0.7071 AUPRC 0.3779 | Test AUROC 0.6978 AUPRC 0.3409
  Epoch 19, Loss 0.6036, Val AUROC 0.7088 AUPRC 0.3814 | Test AUROC 0.6989 AUPRC 0.3412
  Epoch 20, Loss 0.5992, Val AUROC 0.7105 AUPRC 0.3860 | Test AUROC 0.6995 AUPRC 0.3431
  Epoch 21, Loss 0.5964, Val AUROC 0.7120 AUPRC 0.3899 | Test AUROC 0.7003 AUPRC 0.3450
  Epoch 22, Loss 0.5973, Val AUROC 0.7141 AUPRC 0.3937 | Test AUROC 0.7021 AUPRC 0.3453
  Epoch 23, Loss 0.5942, Val AUROC 0.7161 AUPRC 0.3948 | Test AUROC 0.7047 AUPRC 0.3463
  Epoch 24, Loss 0.5904, Val AUROC 0.7183 AUPRC 0.3969 | Test AUROC 0.7071 AUPRC 0.3479
  Epoch 25, Loss 0.5905, Val AUROC 0.7204 AUPRC 0.4000 | Test AUROC 0.7089 AUPRC 0.3497
  Epoch 26, Loss 0.5882, Val AUROC 0.7222 AUPRC 0.4025 | Test AUROC 0.7099 AUPRC 0.3529
  Epoch 27, Loss 0.5847, Val AUROC 0.7242 AUPRC 0.4076 | Test AUROC 0.7111 AUPRC 0.3580
  Epoch 28, Loss 0.5842, Val AUROC 0.7269 AUPRC 0.4125 | Test AUROC 0.7138 AUPRC 0.3621
  Epoch 29, Loss 0.5816, Val AUROC 0.7307 AUPRC 0.4170 | Test AUROC 0.7174 AUPRC 0.3663
  Epoch 30, Loss 0.5787, Val AUROC 0.7336 AUPRC 0.4196 | Test AUROC 0.7204 AUPRC 0.3696
  Epoch 35, Loss 0.5675, Val AUROC 0.7384 AUPRC 0.4206 | Test AUROC 0.7315 AUPRC 0.3814
  Epoch 36, Loss 0.5632, Val AUROC 0.7405 AUPRC 0.4237 | Test AUROC 0.7332 AUPRC 0.3831
  Epoch 37, Loss 0.5614, Val AUROC 0.7432 AUPRC 0.4277 | Test AUROC 0.7362 AUPRC 0.3849
  Epoch 38, Loss 0.5573, Val AUROC 0.7463 AUPRC 0.4301 | Test AUROC 0.7391 AUPRC 0.3881
  Epoch 39, Loss 0.5562, Val AUROC 0.7481 AUPRC 0.4321 | Test AUROC 0.7401 AUPRC 0.3896
  Epoch 40, Loss 0.5521, Val AUROC 0.7497 AUPRC 0.4335 | Test AUROC 0.7411 AUPRC 0.3910
  Epoch 41, Loss 0.5508, Val AUROC 0.7516 AUPRC 0.4347 | Test AUROC 0.7435 AUPRC 0.3936
  Epoch 42, Loss 0.5475, Val AUROC 0.7527 AUPRC 0.4351 | Test AUROC 0.7441 AUPRC 0.3954
  Epoch 43, Loss 0.5441, Val AUROC 0.7538 AUPRC 0.4364 | Test AUROC 0.7443 AUPRC 0.3966
  Epoch 44, Loss 0.5426, Val AUROC 0.7550 AUPRC 0.4374 | Test AUROC 0.7452 AUPRC 0.3974
  Epoch 45, Loss 0.5390, Val AUROC 0.7558 AUPRC 0.4378 | Test AUROC 0.7455 AUPRC 0.3989
  Epoch 46, Loss 0.5352, Val AUROC 0.7570 AUPRC 0.4392 | Test AUROC 0.7461 AUPRC 0.4002
  Epoch 47, Loss 0.5333, Val AUROC 0.7594 AUPRC 0.4434 | Test AUROC 0.7469 AUPRC 0.4000
  Epoch 48, Loss 0.5317, Val AUROC 0.7605 AUPRC 0.4452 | Test AUROC 0.7472 AUPRC 0.4023
  Epoch 49, Loss 0.5292, Val AUROC 0.7629 AUPRC 0.4522 | Test AUROC 0.7477 AUPRC 0.4012
  Epoch 50, Loss 0.5254, Val AUROC 0.7643 AUPRC 0.4556 | Test AUROC 0.7475 AUPRC 0.4027
  Epoch 51, Loss 0.5220, Val AUROC 0.7661 AUPRC 0.4586 | Test AUROC 0.7477 AUPRC 0.4025
  Epoch 52, Loss 0.5192, Val AUROC 0.7671 AUPRC 0.4631 | Test AUROC 0.7478 AUPRC 0.4029
  Epoch 53, Loss 0.5168, Val AUROC 0.7677 AUPRC 0.4659 | Test AUROC 0.7478 AUPRC 0.4034
  Epoch 54, Loss 0.5145, Val AUROC 0.7680 AUPRC 0.4677 | Test AUROC 0.7470 AUPRC 0.4022
  Epoch 56, Loss 0.5131, Val AUROC 0.7688 AUPRC 0.4750 | Test AUROC 0.7442 AUPRC 0.3976
  Epoch 59, Loss 0.5087, Val AUROC 0.7703 AUPRC 0.4762 | Test AUROC 0.7429 AUPRC 0.3975
  Epoch 66, Loss 0.5059, Val AUROC 0.7712 AUPRC 0.4779 | Test AUROC 0.7415 AUPRC 0.4022
  Epoch 67, Loss 0.5020, Val AUROC 0.7711 AUPRC 0.4789 | Test AUROC 0.7414 AUPRC 0.4025
  Epoch 70, Loss 0.4998, Val AUROC 0.7713 AUPRC 0.4826 | Test AUROC 0.7415 AUPRC 0.4049
  Epoch 71, Loss 0.4941, Val AUROC 0.7715 AUPRC 0.4849 | Test AUROC 0.7416 AUPRC 0.4042
  Epoch 90, Loss 0.4717, Val AUROC 0.7689 AUPRC 0.4850 | Test AUROC 0.7433 AUPRC 0.4142
  Epoch 92, Loss 0.4702, Val AUROC 0.7686 AUPRC 0.4850 | Test AUROC 0.7428 AUPRC 0.4139
  Epoch 93, Loss 0.4676, Val AUROC 0.7686 AUPRC 0.4852 | Test AUROC 0.7426 AUPRC 0.4135
tensor([[0.0000, 0.0000, 0.3333,  ..., 0.4792, 1.0000, 0.9945],
        [0.0000, 0.5000, 0.5000,  ..., 0.4726, 1.0000, 0.9968],
        [0.6531, 0.0000, 0.0204,  ..., 0.4461, 1.0000, 0.9951],
        ...,
        [0.9048, 0.0604, 0.0030,  ..., 0.8200, 0.9993, 0.8599],
        [0.4477, 0.4248, 0.0588,  ..., 0.8125, 0.9993, 0.8546],
        [0.7753, 0.0000, 0.0000,  ..., 0.7997, 0.9994, 0.8677]],
       device='cuda:0')
tensor([[0.8070, 0.0322, 0.0221,  ..., 1.0000, 1.0000, 1.0000],
        [0.0000, 0.0000, 0.0000,  ..., 0.0000, 1.0000, 1.0000],
        [0.0000, 0.0000, 0.2000,  ..., 0.0000, 1.0000, 1.0000],
        ...,
        [0.0784, 0.0000, 0.0000,  ..., 0.8407, 0.9986, 0.8435],
        [0.9828, 0.0000, 0.0172,  ..., 0.7935, 0.9991, 0.8339],
        [0.4715, 0.0000, 0.0366,  ..., 0.8006, 0.9991, 0.8334]],
       device='cuda:0')
/home/eirik/miniconda3/envs/GADBench/lib/python3.10/site-packages/xgboost/training.py:200: UserWarning: [17:12:48] WARNING: /__w/xgboost/xgboost/src/learner.cc:782: 
Parameters: { "drop_rate", "h_feats", "lr", "num_layers", "verbose" } are not used.

  bst.update(dtrain, iteration=i, fobj=obj)
/home/eirik/miniconda3/envs/GADBench/lib/python3.10/site-packages/xgboost/training.py:200: UserWarning: [17:12:48] WARNING: /__w/xgboost/xgboost/src/learner.cc:782: 
Parameters: { "verbose" } are not used.

  bst.update(dtrain, iteration=i, fobj=obj)

[tolokers | ff_b0.5_M1 | split 0 | seed 3407]
  forest_fire: 10/15 subgraphs (n: min=500 med=500 max=500 | m: min=917 med=5935 max=17436)
  Combined: N=5000 M=149074 train=3366 val=1634 unique_origs=5000
  Epoch 0, Loss 0.6946, Val AUROC 0.6284 AUPRC 0.3150 | Test AUROC 0.5170 AUPRC 0.2294
  Epoch 2, Loss 0.6784, Val AUROC 0.6434 AUPRC 0.3270 | Test AUROC 0.5356 AUPRC 0.2341
  Epoch 3, Loss 0.6721, Val AUROC 0.6644 AUPRC 0.3593 | Test AUROC 0.5888 AUPRC 0.2658
  Epoch 4, Loss 0.6640, Val AUROC 0.6765 AUPRC 0.3847 | Test AUROC 0.6662 AUPRC 0.3479
  Epoch 9, Loss 0.6291, Val AUROC 0.6821 AUPRC 0.3847 | Test AUROC 0.6806 AUPRC 0.3621
  Epoch 30, Loss 0.5913, Val AUROC 0.7115 AUPRC 0.3861 | Test AUROC 0.7193 AUPRC 0.3893
  Epoch 31, Loss 0.5900, Val AUROC 0.7125 AUPRC 0.3877 | Test AUROC 0.7207 AUPRC 0.3905
  Epoch 32, Loss 0.5888, Val AUROC 0.7136 AUPRC 0.3885 | Test AUROC 0.7216 AUPRC 0.3916
  Epoch 33, Loss 0.5878, Val AUROC 0.7142 AUPRC 0.3899 | Test AUROC 0.7211 AUPRC 0.3916
  Epoch 38, Loss 0.5828, Val AUROC 0.7162 AUPRC 0.3900 | Test AUROC 0.7232 AUPRC 0.3940
  Epoch 40, Loss 0.5809, Val AUROC 0.7168 AUPRC 0.3909 | Test AUROC 0.7226 AUPRC 0.3948
  Epoch 41, Loss 0.5804, Val AUROC 0.7171 AUPRC 0.3918 | Test AUROC 0.7225 AUPRC 0.3954
  Epoch 42, Loss 0.5798, Val AUROC 0.7177 AUPRC 0.3925 | Test AUROC 0.7223 AUPRC 0.3956
  Epoch 44, Loss 0.5784, Val AUROC 0.7192 AUPRC 0.3932 | Test AUROC 0.7211 AUPRC 0.3963
  Epoch 46, Loss 0.5787, Val AUROC 0.7202 AUPRC 0.3966 | Test AUROC 0.7148 AUPRC 0.3922
  Epoch 48, Loss 0.5813, Val AUROC 0.7211 AUPRC 0.3974 | Test AUROC 0.7214 AUPRC 0.3973
  Epoch 49, Loss 0.5756, Val AUROC 0.7217 AUPRC 0.3988 | Test AUROC 0.7150 AUPRC 0.3916
  Epoch 53, Loss 0.5760, Val AUROC 0.7226 AUPRC 0.3989 | Test AUROC 0.7195 AUPRC 0.3937
  Epoch 55, Loss 0.5754, Val AUROC 0.7229 AUPRC 0.3994 | Test AUROC 0.7222 AUPRC 0.3964
  Epoch 57, Loss 0.5746, Val AUROC 0.7233 AUPRC 0.4003 | Test AUROC 0.7218 AUPRC 0.3961
  Epoch 59, Loss 0.5733, Val AUROC 0.7238 AUPRC 0.4006 | Test AUROC 0.7202 AUPRC 0.3940
  Epoch 61, Loss 0.5719, Val AUROC 0.7240 AUPRC 0.4010 | Test AUROC 0.7234 AUPRC 0.3981
  Epoch 62, Loss 0.5712, Val AUROC 0.7244 AUPRC 0.4014 | Test AUROC 0.7230 AUPRC 0.3977
  Epoch 64, Loss 0.5708, Val AUROC 0.7249 AUPRC 0.4018 | Test AUROC 0.7221 AUPRC 0.3964
  Epoch 65, Loss 0.5693, Val AUROC 0.7249 AUPRC 0.4027 | Test AUROC 0.7240 AUPRC 0.3991
  Epoch 68, Loss 0.5689, Val AUROC 0.7253 AUPRC 0.4030 | Test AUROC 0.7233 AUPRC 0.3981
  Epoch 69, Loss 0.5682, Val AUROC 0.7252 AUPRC 0.4030 | Test AUROC 0.7231 AUPRC 0.3978
  Epoch 73, Loss 0.5668, Val AUROC 0.7259 AUPRC 0.4031 | Test AUROC 0.7224 AUPRC 0.3970
  Epoch 74, Loss 0.5660, Val AUROC 0.7261 AUPRC 0.4035 | Test AUROC 0.7221 AUPRC 0.3963
  Epoch 75, Loss 0.5657, Val AUROC 0.7263 AUPRC 0.4040 | Test AUROC 0.7239 AUPRC 0.3985
  Epoch 76, Loss 0.5654, Val AUROC 0.7266 AUPRC 0.4046 | Test AUROC 0.7231 AUPRC 0.3973
  Epoch 78, Loss 0.5646, Val AUROC 0.7271 AUPRC 0.4050 | Test AUROC 0.7235 AUPRC 0.3975
  Epoch 79, Loss 0.5640, Val AUROC 0.7272 AUPRC 0.4052 | Test AUROC 0.7233 AUPRC 0.3968
  Epoch 81, Loss 0.5633, Val AUROC 0.7276 AUPRC 0.4059 | Test AUROC 0.7235 AUPRC 0.3973
  Epoch 82, Loss 0.5626, Val AUROC 0.7278 AUPRC 0.4061 | Test AUROC 0.7231 AUPRC 0.3967
  Epoch 84, Loss 0.5619, Val AUROC 0.7282 AUPRC 0.4064 | Test AUROC 0.7227 AUPRC 0.3956
  Epoch 85, Loss 0.5614, Val AUROC 0.7284 AUPRC 0.4065 | Test AUROC 0.7225 AUPRC 0.3951
  Epoch 86, Loss 0.5610, Val AUROC 0.7286 AUPRC 0.4073 | Test AUROC 0.7212 AUPRC 0.3934
  Epoch 88, Loss 0.5601, Val AUROC 0.7289 AUPRC 0.4075 | Test AUROC 0.7219 AUPRC 0.3939
  Epoch 90, Loss 0.5593, Val AUROC 0.7292 AUPRC 0.4077 | Test AUROC 0.7221 AUPRC 0.3937
  Epoch 91, Loss 0.5589, Val AUROC 0.7291 AUPRC 0.4082 | Test AUROC 0.7208 AUPRC 0.3919
  Epoch 92, Loss 0.5583, Val AUROC 0.7293 AUPRC 0.4086 | Test AUROC 0.7210 AUPRC 0.3918
  Epoch 93, Loss 0.5579, Val AUROC 0.7294 AUPRC 0.4091 | Test AUROC 0.7214 AUPRC 0.3920
  Epoch 94, Loss 0.5574, Val AUROC 0.7296 AUPRC 0.4093 | Test AUROC 0.7201 AUPRC 0.3900
  Epoch 95, Loss 0.5570, Val AUROC 0.7301 AUPRC 0.4100 | Test AUROC 0.7210 AUPRC 0.3909
  Epoch 96, Loss 0.5566, Val AUROC 0.7302 AUPRC 0.4102 | Test AUROC 0.7201 AUPRC 0.3893
  Epoch 97, Loss 0.5561, Val AUROC 0.7306 AUPRC 0.4107 | Test AUROC 0.7200 AUPRC 0.3886
  Epoch 98, Loss 0.5556, Val AUROC 0.7309 AUPRC 0.4112 | Test AUROC 0.7201 AUPRC 0.3882
  Epoch 99, Loss 0.5551, Val AUROC 0.7312 AUPRC 0.4117 | Test AUROC 0.7195 AUPRC 0.3869
  Epoch 100, Loss 0.5547, Val AUROC 0.7316 AUPRC 0.4122 | Test AUROC 0.7195 AUPRC 0.3866
  Epoch 101, Loss 0.5542, Val AUROC 0.7322 AUPRC 0.4131 | Test AUROC 0.7189 AUPRC 0.3858
  Epoch 102, Loss 0.5538, Val AUROC 0.7326 AUPRC 0.4135 | Test AUROC 0.7188 AUPRC 0.3858
  Epoch 103, Loss 0.5533, Val AUROC 0.7330 AUPRC 0.4141 | Test AUROC 0.7182 AUPRC 0.3849
  Epoch 104, Loss 0.5529, Val AUROC 0.7332 AUPRC 0.4142 | Test AUROC 0.7184 AUPRC 0.3849
  Epoch 105, Loss 0.5524, Val AUROC 0.7336 AUPRC 0.4150 | Test AUROC 0.7178 AUPRC 0.3839
  Epoch 107, Loss 0.5517, Val AUROC 0.7343 AUPRC 0.4157 | Test AUROC 0.7167 AUPRC 0.3821
  Epoch 109, Loss 0.5512, Val AUROC 0.7343 AUPRC 0.4162 | Test AUROC 0.7146 AUPRC 0.3791
  Epoch 111, Loss 0.5521, Val AUROC 0.7347 AUPRC 0.4181 | Test AUROC 0.7130 AUPRC 0.3757
  Epoch 113, Loss 0.5514, Val AUROC 0.7355 AUPRC 0.4181 | Test AUROC 0.7147 AUPRC 0.3774
  Epoch 114, Loss 0.5493, Val AUROC 0.7358 AUPRC 0.4182 | Test AUROC 0.7148 AUPRC 0.3776
  Epoch 116, Loss 0.5495, Val AUROC 0.7353 AUPRC 0.4194 | Test AUROC 0.7117 AUPRC 0.3722
  Epoch 118, Loss 0.5497, Val AUROC 0.7363 AUPRC 0.4207 | Test AUROC 0.7138 AUPRC 0.3756
  Epoch 119, Loss 0.5474, Val AUROC 0.7364 AUPRC 0.4214 | Test AUROC 0.7125 AUPRC 0.3738
  Epoch 122, Loss 0.5486, Val AUROC 0.7374 AUPRC 0.4216 | Test AUROC 0.7142 AUPRC 0.3759
  Epoch 123, Loss 0.5464, Val AUROC 0.7375 AUPRC 0.4222 | Test AUROC 0.7138 AUPRC 0.3749
  Epoch 124, Loss 0.5458, Val AUROC 0.7373 AUPRC 0.4242 | Test AUROC 0.7108 AUPRC 0.3703
  Epoch 127, Loss 0.5447, Val AUROC 0.7377 AUPRC 0.4247 | Test AUROC 0.7103 AUPRC 0.3703
  Epoch 129, Loss 0.5449, Val AUROC 0.7380 AUPRC 0.4261 | Test AUROC 0.7094 AUPRC 0.3691
  Epoch 134, Loss 0.5433, Val AUROC 0.7382 AUPRC 0.4263 | Test AUROC 0.7075 AUPRC 0.3658
  Epoch 135, Loss 0.5427, Val AUROC 0.7388 AUPRC 0.4266 | Test AUROC 0.7081 AUPRC 0.3687
  Epoch 136, Loss 0.5420, Val AUROC 0.7387 AUPRC 0.4268 | Test AUROC 0.7076 AUPRC 0.3680
  Epoch 139, Loss 0.5418, Val AUROC 0.7390 AUPRC 0.4281 | Test AUROC 0.7055 AUPRC 0.3635
  Epoch 140, Loss 0.5419, Val AUROC 0.7394 AUPRC 0.4283 | Test AUROC 0.7067 AUPRC 0.3678
  Epoch 141, Loss 0.5418, Val AUROC 0.7394 AUPRC 0.4289 | Test AUROC 0.7054 AUPRC 0.3640
  Epoch 142, Loss 0.5409, Val AUROC 0.7397 AUPRC 0.4291 | Test AUROC 0.7053 AUPRC 0.3653
  Epoch 143, Loss 0.5401, Val AUROC 0.7398 AUPRC 0.4292 | Test AUROC 0.7050 AUPRC 0.3647
  Epoch 144, Loss 0.5400, Val AUROC 0.7395 AUPRC 0.4295 | Test AUROC 0.7039 AUPRC 0.3613
  Epoch 146, Loss 0.5412, Val AUROC 0.7401 AUPRC 0.4311 | Test AUROC 0.7034 AUPRC 0.3600
  Epoch 148, Loss 0.5396, Val AUROC 0.7407 AUPRC 0.4318 | Test AUROC 0.7030 AUPRC 0.3619
  Epoch 149, Loss 0.5385, Val AUROC 0.7405 AUPRC 0.4324 | Test AUROC 0.7021 AUPRC 0.3599
  Epoch 151, Loss 0.5396, Val AUROC 0.7406 AUPRC 0.4342 | Test AUROC 0.7023 AUPRC 0.3588
  Epoch 154, Loss 0.5374, Val AUROC 0.7408 AUPRC 0.4343 | Test AUROC 0.7003 AUPRC 0.3568
  Epoch 156, Loss 0.5380, Val AUROC 0.7413 AUPRC 0.4364 | Test AUROC 0.7006 AUPRC 0.3582
  Epoch 163, Loss 0.5367, Val AUROC 0.7406 AUPRC 0.4369 | Test AUROC 0.7000 AUPRC 0.3558
  Epoch 168, Loss 0.5357, Val AUROC 0.7408 AUPRC 0.4379 | Test AUROC 0.6986 AUPRC 0.3541
  Epoch 174, Loss 0.5347, Val AUROC 0.7445 AUPRC 0.4383 | Test AUROC 0.6993 AUPRC 0.3570
  Epoch 175, Loss 0.5342, Val AUROC 0.7439 AUPRC 0.4393 | Test AUROC 0.6979 AUPRC 0.3547
  Epoch 180, Loss 0.5339, Val AUROC 0.7448 AUPRC 0.4404 | Test AUROC 0.6975 AUPRC 0.3526
  Epoch 185, Loss 0.5320, Val AUROC 0.7447 AUPRC 0.4408 | Test AUROC 0.6970 AUPRC 0.3534
  Epoch 189, Loss 0.5305, Val AUROC 0.7456 AUPRC 0.4411 | Test AUROC 0.6969 AUPRC 0.3534
  Epoch 194, Loss 0.5295, Val AUROC 0.7469 AUPRC 0.4413 | Test AUROC 0.6966 AUPRC 0.3537
  Epoch 195, Loss 0.5295, Val AUROC 0.7465 AUPRC 0.4420 | Test AUROC 0.6964 AUPRC 0.3525
  Epoch 199, Loss 0.5303, Val AUROC 0.7456 AUPRC 0.4441 | Test AUROC 0.6960 AUPRC 0.3518
  Epoch 0, Loss 0.7401, Val AUROC 0.3690 AUPRC 0.1906 | Test AUROC 0.3687 AUPRC 0.1677
  Epoch 1, Loss 0.7261, Val AUROC 0.4757 AUPRC 0.2316 | Test AUROC 0.5070 AUPRC 0.2196
  Epoch 2, Loss 0.7005, Val AUROC 0.6608 AUPRC 0.3307 | Test AUROC 0.6912 AUPRC 0.3199
  Epoch 3, Loss 0.6776, Val AUROC 0.6700 AUPRC 0.3335 | Test AUROC 0.6972 AUPRC 0.3269
  Epoch 4, Loss 0.6642, Val AUROC 0.6671 AUPRC 0.3349 | Test AUROC 0.6974 AUPRC 0.3296
  Epoch 5, Loss 0.6519, Val AUROC 0.6664 AUPRC 0.3386 | Test AUROC 0.6970 AUPRC 0.3327
  Epoch 6, Loss 0.6396, Val AUROC 0.6677 AUPRC 0.3427 | Test AUROC 0.6969 AUPRC 0.3347
  Epoch 7, Loss 0.6334, Val AUROC 0.6698 AUPRC 0.3462 | Test AUROC 0.6984 AUPRC 0.3363
  Epoch 8, Loss 0.6281, Val AUROC 0.6724 AUPRC 0.3479 | Test AUROC 0.7007 AUPRC 0.3376
  Epoch 9, Loss 0.6217, Val AUROC 0.6759 AUPRC 0.3508 | Test AUROC 0.7036 AUPRC 0.3389
  Epoch 10, Loss 0.6191, Val AUROC 0.6803 AUPRC 0.3537 | Test AUROC 0.7069 AUPRC 0.3415
  Epoch 11, Loss 0.6166, Val AUROC 0.6839 AUPRC 0.3592 | Test AUROC 0.7103 AUPRC 0.3448
  Epoch 12, Loss 0.6130, Val AUROC 0.6875 AUPRC 0.3613 | Test AUROC 0.7140 AUPRC 0.3492
  Epoch 13, Loss 0.6118, Val AUROC 0.6909 AUPRC 0.3625 | Test AUROC 0.7177 AUPRC 0.3522
  Epoch 14, Loss 0.6081, Val AUROC 0.6943 AUPRC 0.3629 | Test AUROC 0.7215 AUPRC 0.3548
  Epoch 15, Loss 0.6051, Val AUROC 0.6977 AUPRC 0.3645 | Test AUROC 0.7253 AUPRC 0.3585
  Epoch 18, Loss 0.5994, Val AUROC 0.7083 AUPRC 0.3659 | Test AUROC 0.7341 AUPRC 0.3673
  Epoch 19, Loss 0.5976, Val AUROC 0.7116 AUPRC 0.3674 | Test AUROC 0.7355 AUPRC 0.3678
  Epoch 20, Loss 0.5968, Val AUROC 0.7133 AUPRC 0.3694 | Test AUROC 0.7363 AUPRC 0.3695
  Epoch 21, Loss 0.5951, Val AUROC 0.7140 AUPRC 0.3698 | Test AUROC 0.7368 AUPRC 0.3716
  Epoch 22, Loss 0.5953, Val AUROC 0.7143 AUPRC 0.3701 | Test AUROC 0.7371 AUPRC 0.3714
  Epoch 23, Loss 0.5932, Val AUROC 0.7143 AUPRC 0.3703 | Test AUROC 0.7371 AUPRC 0.3707
  Epoch 24, Loss 0.5928, Val AUROC 0.7145 AUPRC 0.3705 | Test AUROC 0.7372 AUPRC 0.3712
  Epoch 25, Loss 0.5909, Val AUROC 0.7152 AUPRC 0.3718 | Test AUROC 0.7373 AUPRC 0.3720
  Epoch 26, Loss 0.5905, Val AUROC 0.7160 AUPRC 0.3731 | Test AUROC 0.7374 AUPRC 0.3721
  Epoch 27, Loss 0.5888, Val AUROC 0.7167 AUPRC 0.3741 | Test AUROC 0.7376 AUPRC 0.3725
  Epoch 28, Loss 0.5886, Val AUROC 0.7178 AUPRC 0.3753 | Test AUROC 0.7378 AUPRC 0.3736
  Epoch 29, Loss 0.5869, Val AUROC 0.7185 AUPRC 0.3770 | Test AUROC 0.7379 AUPRC 0.3752
  Epoch 30, Loss 0.5861, Val AUROC 0.7191 AUPRC 0.3787 | Test AUROC 0.7377 AUPRC 0.3753
  Epoch 31, Loss 0.5843, Val AUROC 0.7189 AUPRC 0.3802 | Test AUROC 0.7367 AUPRC 0.3733
  Epoch 32, Loss 0.5837, Val AUROC 0.7191 AUPRC 0.3814 | Test AUROC 0.7353 AUPRC 0.3713
  Epoch 33, Loss 0.5826, Val AUROC 0.7196 AUPRC 0.3822 | Test AUROC 0.7343 AUPRC 0.3689
  Epoch 34, Loss 0.5818, Val AUROC 0.7210 AUPRC 0.3839 | Test AUROC 0.7337 AUPRC 0.3668
  Epoch 35, Loss 0.5812, Val AUROC 0.7214 AUPRC 0.3841 | Test AUROC 0.7336 AUPRC 0.3665
  Epoch 36, Loss 0.5795, Val AUROC 0.7224 AUPRC 0.3845 | Test AUROC 0.7341 AUPRC 0.3673
  Epoch 37, Loss 0.5787, Val AUROC 0.7238 AUPRC 0.3860 | Test AUROC 0.7350 AUPRC 0.3681
  Epoch 38, Loss 0.5774, Val AUROC 0.7245 AUPRC 0.3866 | Test AUROC 0.7356 AUPRC 0.3683
  Epoch 39, Loss 0.5763, Val AUROC 0.7249 AUPRC 0.3876 | Test AUROC 0.7359 AUPRC 0.3680
  Epoch 40, Loss 0.5754, Val AUROC 0.7252 AUPRC 0.3880 | Test AUROC 0.7361 AUPRC 0.3673
  Epoch 41, Loss 0.5742, Val AUROC 0.7258 AUPRC 0.3898 | Test AUROC 0.7357 AUPRC 0.3650
  Epoch 43, Loss 0.5725, Val AUROC 0.7258 AUPRC 0.3906 | Test AUROC 0.7349 AUPRC 0.3622
  Epoch 44, Loss 0.5718, Val AUROC 0.7264 AUPRC 0.3918 | Test AUROC 0.7344 AUPRC 0.3610
  Epoch 45, Loss 0.5710, Val AUROC 0.7267 AUPRC 0.3944 | Test AUROC 0.7340 AUPRC 0.3605
  Epoch 46, Loss 0.5701, Val AUROC 0.7265 AUPRC 0.3955 | Test AUROC 0.7339 AUPRC 0.3603
  Epoch 48, Loss 0.5688, Val AUROC 0.7262 AUPRC 0.3956 | Test AUROC 0.7338 AUPRC 0.3595
  Epoch 72, Loss 0.5620, Val AUROC 0.7274 AUPRC 0.3956 | Test AUROC 0.7310 AUPRC 0.3485
  Epoch 74, Loss 0.5616, Val AUROC 0.7277 AUPRC 0.3962 | Test AUROC 0.7309 AUPRC 0.3490
  Epoch 75, Loss 0.5614, Val AUROC 0.7280 AUPRC 0.3976 | Test AUROC 0.7312 AUPRC 0.3499
  Epoch 76, Loss 0.5612, Val AUROC 0.7283 AUPRC 0.3988 | Test AUROC 0.7318 AUPRC 0.3511
  Epoch 77, Loss 0.5610, Val AUROC 0.7288 AUPRC 0.3992 | Test AUROC 0.7323 AUPRC 0.3516
  Epoch 84, Loss 0.5597, Val AUROC 0.7299 AUPRC 0.3994 | Test AUROC 0.7332 AUPRC 0.3527
  Epoch 85, Loss 0.5596, Val AUROC 0.7301 AUPRC 0.4003 | Test AUROC 0.7332 AUPRC 0.3524
  Epoch 88, Loss 0.5592, Val AUROC 0.7306 AUPRC 0.4004 | Test AUROC 0.7331 AUPRC 0.3522
  Epoch 90, Loss 0.5589, Val AUROC 0.7315 AUPRC 0.4008 | Test AUROC 0.7332 AUPRC 0.3524
  Epoch 91, Loss 0.5588, Val AUROC 0.7318 AUPRC 0.4013 | Test AUROC 0.7335 AUPRC 0.3529
  Epoch 92, Loss 0.5587, Val AUROC 0.7321 AUPRC 0.4023 | Test AUROC 0.7336 AUPRC 0.3531
  Epoch 93, Loss 0.5585, Val AUROC 0.7324 AUPRC 0.4029 | Test AUROC 0.7338 AUPRC 0.3534
  Epoch 94, Loss 0.5584, Val AUROC 0.7327 AUPRC 0.4034 | Test AUROC 0.7339 AUPRC 0.3534
  Epoch 95, Loss 0.5583, Val AUROC 0.7332 AUPRC 0.4047 | Test AUROC 0.7341 AUPRC 0.3537
  Epoch 96, Loss 0.5582, Val AUROC 0.7333 AUPRC 0.4049 | Test AUROC 0.7342 AUPRC 0.3539
  Epoch 97, Loss 0.5581, Val AUROC 0.7335 AUPRC 0.4049 | Test AUROC 0.7342 AUPRC 0.3538
  Epoch 98, Loss 0.5579, Val AUROC 0.7336 AUPRC 0.4050 | Test AUROC 0.7341 AUPRC 0.3537
  Epoch 100, Loss 0.5577, Val AUROC 0.7338 AUPRC 0.4050 | Test AUROC 0.7341 AUPRC 0.3537
  Epoch 101, Loss 0.5576, Val AUROC 0.7338 AUPRC 0.4052 | Test AUROC 0.7342 AUPRC 0.3538
  Epoch 102, Loss 0.5575, Val AUROC 0.7340 AUPRC 0.4055 | Test AUROC 0.7342 AUPRC 0.3535
  Epoch 103, Loss 0.5574, Val AUROC 0.7342 AUPRC 0.4058 | Test AUROC 0.7340 AUPRC 0.3530
  Epoch 105, Loss 0.5571, Val AUROC 0.7346 AUPRC 0.4063 | Test AUROC 0.7340 AUPRC 0.3529
  Epoch 106, Loss 0.5570, Val AUROC 0.7349 AUPRC 0.4075 | Test AUROC 0.7342 AUPRC 0.3532
  Epoch 107, Loss 0.5569, Val AUROC 0.7350 AUPRC 0.4081 | Test AUROC 0.7340 AUPRC 0.3535
  Epoch 108, Loss 0.5568, Val AUROC 0.7352 AUPRC 0.4087 | Test AUROC 0.7339 AUPRC 0.3535
  Epoch 110, Loss 0.5567, Val AUROC 0.7355 AUPRC 0.4090 | Test AUROC 0.7335 AUPRC 0.3530
  Epoch 112, Loss 0.5572, Val AUROC 0.7359 AUPRC 0.4116 | Test AUROC 0.7343 AUPRC 0.3539
  Epoch 114, Loss 0.5593, Val AUROC 0.7361 AUPRC 0.4136 | Test AUROC 0.7349 AUPRC 0.3547
  Epoch 122, Loss 0.5562, Val AUROC 0.7369 AUPRC 0.4136 | Test AUROC 0.7339 AUPRC 0.3539
  Epoch 123, Loss 0.5554, Val AUROC 0.7372 AUPRC 0.4152 | Test AUROC 0.7345 AUPRC 0.3550
  Epoch 129, Loss 0.5550, Val AUROC 0.7376 AUPRC 0.4162 | Test AUROC 0.7344 AUPRC 0.3544
  Epoch 131, Loss 0.5552, Val AUROC 0.7377 AUPRC 0.4162 | Test AUROC 0.7343 AUPRC 0.3544
  Epoch 132, Loss 0.5548, Val AUROC 0.7377 AUPRC 0.4163 | Test AUROC 0.7344 AUPRC 0.3544
  Epoch 134, Loss 0.5549, Val AUROC 0.7378 AUPRC 0.4166 | Test AUROC 0.7343 AUPRC 0.3537
  Epoch 135, Loss 0.5547, Val AUROC 0.7378 AUPRC 0.4167 | Test AUROC 0.7343 AUPRC 0.3537
  Epoch 143, Loss 0.5541, Val AUROC 0.7382 AUPRC 0.4171 | Test AUROC 0.7345 AUPRC 0.3543
  Epoch 148, Loss 0.5538, Val AUROC 0.7384 AUPRC 0.4174 | Test AUROC 0.7345 AUPRC 0.3537
  Epoch 149, Loss 0.5537, Val AUROC 0.7384 AUPRC 0.4176 | Test AUROC 0.7344 AUPRC 0.3535
  Epoch 150, Loss 0.5536, Val AUROC 0.7386 AUPRC 0.4197 | Test AUROC 0.7344 AUPRC 0.3535
  Epoch 151, Loss 0.5536, Val AUROC 0.7387 AUPRC 0.4201 | Test AUROC 0.7347 AUPRC 0.3539
  Epoch 154, Loss 0.5533, Val AUROC 0.7388 AUPRC 0.4204 | Test AUROC 0.7346 AUPRC 0.3536
  Epoch 155, Loss 0.5532, Val AUROC 0.7387 AUPRC 0.4205 | Test AUROC 0.7345 AUPRC 0.3533
  Epoch 156, Loss 0.5532, Val AUROC 0.7388 AUPRC 0.4215 | Test AUROC 0.7349 AUPRC 0.3537
  Epoch 158, Loss 0.5530, Val AUROC 0.7391 AUPRC 0.4218 | Test AUROC 0.7350 AUPRC 0.3540
  Epoch 159, Loss 0.5529, Val AUROC 0.7391 AUPRC 0.4218 | Test AUROC 0.7351 AUPRC 0.3542
  Epoch 161, Loss 0.5528, Val AUROC 0.7393 AUPRC 0.4224 | Test AUROC 0.7350 AUPRC 0.3541
  Epoch 164, Loss 0.5526, Val AUROC 0.7391 AUPRC 0.4226 | Test AUROC 0.7356 AUPRC 0.3548
  Epoch 172, Loss 0.5519, Val AUROC 0.7399 AUPRC 0.4227 | Test AUROC 0.7356 AUPRC 0.3549
  Epoch 173, Loss 0.5519, Val AUROC 0.7397 AUPRC 0.4233 | Test AUROC 0.7357 AUPRC 0.3549
  Epoch 175, Loss 0.5518, Val AUROC 0.7397 AUPRC 0.4234 | Test AUROC 0.7355 AUPRC 0.3544
  Epoch 183, Loss 0.5514, Val AUROC 0.7406 AUPRC 0.4236 | Test AUROC 0.7359 AUPRC 0.3548
  Epoch 185, Loss 0.5514, Val AUROC 0.7405 AUPRC 0.4238 | Test AUROC 0.7359 AUPRC 0.3546
  Epoch 187, Loss 0.5517, Val AUROC 0.7405 AUPRC 0.4239 | Test AUROC 0.7362 AUPRC 0.3552
  Epoch 189, Loss 0.5523, Val AUROC 0.7405 AUPRC 0.4245 | Test AUROC 0.7367 AUPRC 0.3562
  Epoch 194, Loss 0.5507, Val AUROC 0.7409 AUPRC 0.4248 | Test AUROC 0.7358 AUPRC 0.3548
  Epoch 196, Loss 0.5511, Val AUROC 0.7411 AUPRC 0.4253 | Test AUROC 0.7358 AUPRC 0.3547
  Epoch 197, Loss 0.5508, Val AUROC 0.7415 AUPRC 0.4253 | Test AUROC 0.7352 AUPRC 0.3536
  Epoch 198, Loss 0.5504, Val AUROC 0.7415 AUPRC 0.4260 | Test AUROC 0.7357 AUPRC 0.3543
  Epoch 0, Loss 1.0245, Val AUROC 0.5302 AUPRC 0.2637 | Test AUROC 0.5145 AUPRC 0.2212
  Epoch 2, Loss 0.7369, Val AUROC 0.6128 AUPRC 0.3270 | Test AUROC 0.6125 AUPRC 0.2696
  Epoch 3, Loss 0.7267, Val AUROC 0.6494 AUPRC 0.3566 | Test AUROC 0.6649 AUPRC 0.3126
  Epoch 7, Loss 0.6693, Val AUROC 0.6621 AUPRC 0.3594 | Test AUROC 0.6706 AUPRC 0.3319
  Epoch 8, Loss 0.6720, Val AUROC 0.6646 AUPRC 0.3613 | Test AUROC 0.6736 AUPRC 0.3350
  Epoch 9, Loss 0.6654, Val AUROC 0.6674 AUPRC 0.3632 | Test AUROC 0.6769 AUPRC 0.3355
  Epoch 10, Loss 0.6546, Val AUROC 0.6707 AUPRC 0.3670 | Test AUROC 0.6814 AUPRC 0.3360
  Epoch 11, Loss 0.6467, Val AUROC 0.6747 AUPRC 0.3700 | Test AUROC 0.6853 AUPRC 0.3368
  Epoch 12, Loss 0.6440, Val AUROC 0.6796 AUPRC 0.3725 | Test AUROC 0.6891 AUPRC 0.3385
  Epoch 13, Loss 0.6433, Val AUROC 0.6843 AUPRC 0.3750 | Test AUROC 0.6931 AUPRC 0.3402
  Epoch 14, Loss 0.6395, Val AUROC 0.6885 AUPRC 0.3765 | Test AUROC 0.6972 AUPRC 0.3430
  Epoch 15, Loss 0.6321, Val AUROC 0.6910 AUPRC 0.3780 | Test AUROC 0.7003 AUPRC 0.3455
  Epoch 16, Loss 0.6259, Val AUROC 0.6928 AUPRC 0.3815 | Test AUROC 0.7020 AUPRC 0.3470
  Epoch 17, Loss 0.6245, Val AUROC 0.6949 AUPRC 0.3841 | Test AUROC 0.7045 AUPRC 0.3476
  Epoch 18, Loss 0.6237, Val AUROC 0.6983 AUPRC 0.3860 | Test AUROC 0.7079 AUPRC 0.3466
  Epoch 20, Loss 0.6116, Val AUROC 0.7058 AUPRC 0.3871 | Test AUROC 0.7147 AUPRC 0.3477
  Epoch 21, Loss 0.6089, Val AUROC 0.7092 AUPRC 0.3893 | Test AUROC 0.7176 AUPRC 0.3478
  Epoch 22, Loss 0.6070, Val AUROC 0.7132 AUPRC 0.3959 | Test AUROC 0.7210 AUPRC 0.3489
  Epoch 23, Loss 0.6016, Val AUROC 0.7176 AUPRC 0.4033 | Test AUROC 0.7248 AUPRC 0.3511
  Epoch 24, Loss 0.5948, Val AUROC 0.7224 AUPRC 0.4118 | Test AUROC 0.7292 AUPRC 0.3563
  Epoch 25, Loss 0.5909, Val AUROC 0.7270 AUPRC 0.4180 | Test AUROC 0.7332 AUPRC 0.3612
  Epoch 26, Loss 0.5883, Val AUROC 0.7310 AUPRC 0.4230 | Test AUROC 0.7360 AUPRC 0.3635
  Epoch 28, Loss 0.5810, Val AUROC 0.7331 AUPRC 0.4259 | Test AUROC 0.7385 AUPRC 0.3660
  Epoch 29, Loss 0.5774, Val AUROC 0.7369 AUPRC 0.4327 | Test AUROC 0.7421 AUPRC 0.3686
  Epoch 30, Loss 0.5733, Val AUROC 0.7395 AUPRC 0.4371 | Test AUROC 0.7454 AUPRC 0.3715
  Epoch 31, Loss 0.5712, Val AUROC 0.7415 AUPRC 0.4451 | Test AUROC 0.7475 AUPRC 0.3742
  Epoch 32, Loss 0.5672, Val AUROC 0.7429 AUPRC 0.4480 | Test AUROC 0.7494 AUPRC 0.3764
  Epoch 33, Loss 0.5655, Val AUROC 0.7452 AUPRC 0.4502 | Test AUROC 0.7524 AUPRC 0.3814
  Epoch 34, Loss 0.5616, Val AUROC 0.7480 AUPRC 0.4522 | Test AUROC 0.7547 AUPRC 0.3861
  Epoch 35, Loss 0.5590, Val AUROC 0.7502 AUPRC 0.4556 | Test AUROC 0.7556 AUPRC 0.3884
  Epoch 38, Loss 0.5511, Val AUROC 0.7550 AUPRC 0.4581 | Test AUROC 0.7552 AUPRC 0.3910
  Epoch 39, Loss 0.5490, Val AUROC 0.7558 AUPRC 0.4600 | Test AUROC 0.7546 AUPRC 0.3922
  Epoch 40, Loss 0.5472, Val AUROC 0.7567 AUPRC 0.4624 | Test AUROC 0.7542 AUPRC 0.3934
  Epoch 41, Loss 0.5449, Val AUROC 0.7581 AUPRC 0.4658 | Test AUROC 0.7550 AUPRC 0.3967
  Epoch 42, Loss 0.5428, Val AUROC 0.7592 AUPRC 0.4663 | Test AUROC 0.7564 AUPRC 0.4017
  Epoch 43, Loss 0.5406, Val AUROC 0.7606 AUPRC 0.4696 | Test AUROC 0.7573 AUPRC 0.4055
  Epoch 44, Loss 0.5385, Val AUROC 0.7622 AUPRC 0.4721 | Test AUROC 0.7575 AUPRC 0.4077
  Epoch 45, Loss 0.5369, Val AUROC 0.7638 AUPRC 0.4752 | Test AUROC 0.7577 AUPRC 0.4110
  Epoch 46, Loss 0.5345, Val AUROC 0.7649 AUPRC 0.4785 | Test AUROC 0.7571 AUPRC 0.4137
  Epoch 47, Loss 0.5327, Val AUROC 0.7650 AUPRC 0.4802 | Test AUROC 0.7560 AUPRC 0.4154
  Epoch 48, Loss 0.5304, Val AUROC 0.7650 AUPRC 0.4824 | Test AUROC 0.7552 AUPRC 0.4181
  Epoch 49, Loss 0.5281, Val AUROC 0.7656 AUPRC 0.4849 | Test AUROC 0.7550 AUPRC 0.4201
  Epoch 50, Loss 0.5262, Val AUROC 0.7661 AUPRC 0.4869 | Test AUROC 0.7551 AUPRC 0.4224
  Epoch 51, Loss 0.5242, Val AUROC 0.7677 AUPRC 0.4901 | Test AUROC 0.7560 AUPRC 0.4255
  Epoch 52, Loss 0.5219, Val AUROC 0.7688 AUPRC 0.4907 | Test AUROC 0.7577 AUPRC 0.4301
  Epoch 53, Loss 0.5200, Val AUROC 0.7697 AUPRC 0.4913 | Test AUROC 0.7581 AUPRC 0.4334
  Epoch 54, Loss 0.5180, Val AUROC 0.7699 AUPRC 0.4928 | Test AUROC 0.7569 AUPRC 0.4339
  Epoch 56, Loss 0.5145, Val AUROC 0.7692 AUPRC 0.4931 | Test AUROC 0.7534 AUPRC 0.4304
  Epoch 57, Loss 0.5142, Val AUROC 0.7693 AUPRC 0.4933 | Test AUROC 0.7552 AUPRC 0.4345
  Epoch 58, Loss 0.5157, Val AUROC 0.7718 AUPRC 0.4961 | Test AUROC 0.7535 AUPRC 0.4305
  Epoch 59, Loss 0.5161, Val AUROC 0.7730 AUPRC 0.4982 | Test AUROC 0.7568 AUPRC 0.4377
  Epoch 60, Loss 0.5081, Val AUROC 0.7740 AUPRC 0.4995 | Test AUROC 0.7574 AUPRC 0.4390
  Epoch 61, Loss 0.5077, Val AUROC 0.7751 AUPRC 0.5017 | Test AUROC 0.7554 AUPRC 0.4366
  Epoch 62, Loss 0.5101, Val AUROC 0.7749 AUPRC 0.5018 | Test AUROC 0.7574 AUPRC 0.4399
  Epoch 63, Loss 0.5034, Val AUROC 0.7744 AUPRC 0.5032 | Test AUROC 0.7577 AUPRC 0.4393
  Epoch 65, Loss 0.5046, Val AUROC 0.7751 AUPRC 0.5069 | Test AUROC 0.7581 AUPRC 0.4379
  Epoch 66, Loss 0.4988, Val AUROC 0.7761 AUPRC 0.5100 | Test AUROC 0.7588 AUPRC 0.4384
  Epoch 68, Loss 0.4997, Val AUROC 0.7785 AUPRC 0.5127 | Test AUROC 0.7592 AUPRC 0.4382
  Epoch 69, Loss 0.4947, Val AUROC 0.7785 AUPRC 0.5137 | Test AUROC 0.7592 AUPRC 0.4369
  Epoch 71, Loss 0.4956, Val AUROC 0.7780 AUPRC 0.5165 | Test AUROC 0.7564 AUPRC 0.4314
  Epoch 72, Loss 0.4910, Val AUROC 0.7779 AUPRC 0.5172 | Test AUROC 0.7557 AUPRC 0.4309
  Epoch 74, Loss 0.4909, Val AUROC 0.7789 AUPRC 0.5176 | Test AUROC 0.7571 AUPRC 0.4327
  Epoch 75, Loss 0.4883, Val AUROC 0.7800 AUPRC 0.5195 | Test AUROC 0.7563 AUPRC 0.4324
  Epoch 76, Loss 0.4849, Val AUROC 0.7806 AUPRC 0.5215 | Test AUROC 0.7556 AUPRC 0.4315
  Epoch 77, Loss 0.4843, Val AUROC 0.7801 AUPRC 0.5219 | Test AUROC 0.7565 AUPRC 0.4315
  Epoch 78, Loss 0.4846, Val AUROC 0.7807 AUPRC 0.5226 | Test AUROC 0.7531 AUPRC 0.4281
  Epoch 79, Loss 0.4830, Val AUROC 0.7804 AUPRC 0.5238 | Test AUROC 0.7541 AUPRC 0.4292
  Epoch 80, Loss 0.4794, Val AUROC 0.7810 AUPRC 0.5250 | Test AUROC 0.7539 AUPRC 0.4288
  Epoch 81, Loss 0.4776, Val AUROC 0.7819 AUPRC 0.5264 | Test AUROC 0.7528 AUPRC 0.4269
  Epoch 83, Loss 0.4778, Val AUROC 0.7824 AUPRC 0.5274 | Test AUROC 0.7518 AUPRC 0.4250
  Epoch 87, Loss 0.4686, Val AUROC 0.7811 AUPRC 0.5281 | Test AUROC 0.7519 AUPRC 0.4224
  Epoch 88, Loss 0.4674, Val AUROC 0.7818 AUPRC 0.5282 | Test AUROC 0.7508 AUPRC 0.4210
  Epoch 99, Loss 0.4631, Val AUROC 0.7807 AUPRC 0.5290 | Test AUROC 0.7481 AUPRC 0.4129
  Epoch 100, Loss 0.4547, Val AUROC 0.7808 AUPRC 0.5296 | Test AUROC 0.7463 AUPRC 0.4101
  Epoch 102, Loss 0.4556, Val AUROC 0.7800 AUPRC 0.5300 | Test AUROC 0.7446 AUPRC 0.4054
  Epoch 105, Loss 0.4464, Val AUROC 0.7801 AUPRC 0.5308 | Test AUROC 0.7436 AUPRC 0.4019
tensor([[0.0000, 0.0000, 0.3333,  ..., 0.6205, 1.0000, 0.9896],
        [0.7000, 0.1517, 0.0759,  ..., 0.6717, 1.0000, 0.9844],
        [0.1176, 0.0000, 0.0000,  ..., 0.6570, 1.0000, 0.9803],
        ...,
        [0.7731, 0.1429, 0.0084,  ..., 0.8556, 1.0000, 0.8972],
        [1.0000, 0.0000, 0.0000,  ..., 0.6667, 1.0000, 0.9167],
        [1.0000, 0.0000, 0.0000,  ..., 0.9167, 1.0000, 0.9167]],
       device='cuda:0')
tensor([[0.8070, 0.0322, 0.0221,  ..., 1.0000, 1.0000, 1.0000],
        [0.0000, 0.0000, 0.0000,  ..., 0.0000, 1.0000, 1.0000],
        [0.0000, 0.0000, 0.2000,  ..., 0.0000, 1.0000, 1.0000],
        ...,
        [0.0784, 0.0000, 0.0000,  ..., 0.8407, 0.9986, 0.8435],
        [0.9828, 0.0000, 0.0172,  ..., 0.7935, 0.9991, 0.8339],
        [0.4715, 0.0000, 0.0366,  ..., 0.8006, 0.9991, 0.8334]],
       device='cuda:0')
/home/eirik/miniconda3/envs/GADBench/lib/python3.10/site-packages/xgboost/training.py:200: UserWarning: [17:13:09] WARNING: /__w/xgboost/xgboost/src/learner.cc:782: 
Parameters: { "drop_rate", "h_feats", "lr", "num_layers", "verbose" } are not used.

  bst.update(dtrain, iteration=i, fobj=obj)
/home/eirik/miniconda3/envs/GADBench/lib/python3.10/site-packages/xgboost/training.py:200: UserWarning: [17:13:10] WARNING: /__w/xgboost/xgboost/src/learner.cc:782: 
Parameters: { "verbose" } are not used.

  bst.update(dtrain, iteration=i, fobj=obj)

[tolokers | ff_b0.5_Minf | split 0 | seed 3407]
  forest_fire: 15/15 subgraphs (n: min=500 med=500 max=500 | m: min=9915 med=15418 max=32641)
  Combined: N=7500 M=529816 train=2259 val=1157 unique_origs=3416
  Epoch 0, Loss 0.6978, Val AUROC 0.5948 AUPRC 0.2913 | Test AUROC 0.5203 AUPRC 0.2323
  Epoch 1, Loss 0.6887, Val AUROC 0.5934 AUPRC 0.2916 | Test AUROC 0.5166 AUPRC 0.2279
  Epoch 2, Loss 0.6842, Val AUROC 0.6191 AUPRC 0.3099 | Test AUROC 0.5490 AUPRC 0.2408
  Epoch 3, Loss 0.6781, Val AUROC 0.6668 AUPRC 0.3842 | Test AUROC 0.6163 AUPRC 0.2877
  Epoch 4, Loss 0.6704, Val AUROC 0.6686 AUPRC 0.3844 | Test AUROC 0.6699 AUPRC 0.3543
  Epoch 10, Loss 0.6271, Val AUROC 0.6765 AUPRC 0.3849 | Test AUROC 0.6817 AUPRC 0.3646
  Epoch 11, Loss 0.6229, Val AUROC 0.6795 AUPRC 0.3852 | Test AUROC 0.6837 AUPRC 0.3658
  Epoch 12, Loss 0.6211, Val AUROC 0.6812 AUPRC 0.3860 | Test AUROC 0.6847 AUPRC 0.3662
  Epoch 14, Loss 0.6201, Val AUROC 0.6871 AUPRC 0.3862 | Test AUROC 0.6867 AUPRC 0.3670
  Epoch 15, Loss 0.6188, Val AUROC 0.6937 AUPRC 0.3870 | Test AUROC 0.6899 AUPRC 0.3689
  Epoch 16, Loss 0.6168, Val AUROC 0.6976 AUPRC 0.3885 | Test AUROC 0.6908 AUPRC 0.3693
  Epoch 17, Loss 0.6138, Val AUROC 0.7009 AUPRC 0.3892 | Test AUROC 0.6919 AUPRC 0.3702
  Epoch 18, Loss 0.6112, Val AUROC 0.7059 AUPRC 0.3902 | Test AUROC 0.6966 AUPRC 0.3728
  Epoch 19, Loss 0.6090, Val AUROC 0.7078 AUPRC 0.3903 | Test AUROC 0.7010 AUPRC 0.3747
  Epoch 0, Loss 0.7320, Val AUROC 0.3780 AUPRC 0.1910 | Test AUROC 0.3849 AUPRC 0.1753
  Epoch 1, Loss 0.7173, Val AUROC 0.5656 AUPRC 0.2757 | Test AUROC 0.5607 AUPRC 0.2425
  Epoch 2, Loss 0.6937, Val AUROC 0.6901 AUPRC 0.3418 | Test AUROC 0.6874 AUPRC 0.3154
  Epoch 11, Loss 0.6059, Val AUROC 0.6899 AUPRC 0.3447 | Test AUROC 0.6984 AUPRC 0.3361
  Epoch 12, Loss 0.6046, Val AUROC 0.6925 AUPRC 0.3475 | Test AUROC 0.7009 AUPRC 0.3386
  Epoch 13, Loss 0.6043, Val AUROC 0.6963 AUPRC 0.3483 | Test AUROC 0.7041 AUPRC 0.3410
  Epoch 14, Loss 0.6020, Val AUROC 0.7000 AUPRC 0.3501 | Test AUROC 0.7074 AUPRC 0.3423
  Epoch 15, Loss 0.6011, Val AUROC 0.7031 AUPRC 0.3521 | Test AUROC 0.7106 AUPRC 0.3445
  Epoch 16, Loss 0.5996, Val AUROC 0.7059 AUPRC 0.3548 | Test AUROC 0.7139 AUPRC 0.3461
  Epoch 17, Loss 0.5985, Val AUROC 0.7089 AUPRC 0.3564 | Test AUROC 0.7167 AUPRC 0.3480
  Epoch 18, Loss 0.5968, Val AUROC 0.7115 AUPRC 0.3572 | Test AUROC 0.7199 AUPRC 0.3500
  Epoch 19, Loss 0.5953, Val AUROC 0.7138 AUPRC 0.3588 | Test AUROC 0.7231 AUPRC 0.3524
  Epoch 20, Loss 0.5935, Val AUROC 0.7166 AUPRC 0.3604 | Test AUROC 0.7259 AUPRC 0.3550
  Epoch 21, Loss 0.5923, Val AUROC 0.7194 AUPRC 0.3626 | Test AUROC 0.7284 AUPRC 0.3575
  Epoch 22, Loss 0.5912, Val AUROC 0.7220 AUPRC 0.3638 | Test AUROC 0.7304 AUPRC 0.3590
  Epoch 23, Loss 0.5909, Val AUROC 0.7242 AUPRC 0.3659 | Test AUROC 0.7318 AUPRC 0.3609
  Epoch 24, Loss 0.5906, Val AUROC 0.7259 AUPRC 0.3677 | Test AUROC 0.7329 AUPRC 0.3621
  Epoch 25, Loss 0.5909, Val AUROC 0.7268 AUPRC 0.3680 | Test AUROC 0.7336 AUPRC 0.3623
  Epoch 58, Loss 0.5811, Val AUROC 0.7292 AUPRC 0.3681 | Test AUROC 0.7324 AUPRC 0.3596
  Epoch 59, Loss 0.5808, Val AUROC 0.7295 AUPRC 0.3690 | Test AUROC 0.7324 AUPRC 0.3598
  Epoch 60, Loss 0.5804, Val AUROC 0.7297 AUPRC 0.3698 | Test AUROC 0.7322 AUPRC 0.3596
  Epoch 61, Loss 0.5800, Val AUROC 0.7300 AUPRC 0.3703 | Test AUROC 0.7320 AUPRC 0.3593
  Epoch 62, Loss 0.5796, Val AUROC 0.7300 AUPRC 0.3707 | Test AUROC 0.7320 AUPRC 0.3594
  Epoch 63, Loss 0.5792, Val AUROC 0.7300 AUPRC 0.3710 | Test AUROC 0.7318 AUPRC 0.3590
  Epoch 76, Loss 0.5741, Val AUROC 0.7300 AUPRC 0.3714 | Test AUROC 0.7341 AUPRC 0.3616
  Epoch 77, Loss 0.5737, Val AUROC 0.7301 AUPRC 0.3723 | Test AUROC 0.7342 AUPRC 0.3616
  Epoch 78, Loss 0.5734, Val AUROC 0.7301 AUPRC 0.3731 | Test AUROC 0.7341 AUPRC 0.3614
  Epoch 79, Loss 0.5730, Val AUROC 0.7302 AUPRC 0.3731 | Test AUROC 0.7341 AUPRC 0.3613
  Epoch 90, Loss 0.5695, Val AUROC 0.7299 AUPRC 0.3735 | Test AUROC 0.7316 AUPRC 0.3578
  Epoch 91, Loss 0.5691, Val AUROC 0.7297 AUPRC 0.3736 | Test AUROC 0.7313 AUPRC 0.3575
  Epoch 92, Loss 0.5687, Val AUROC 0.7298 AUPRC 0.3740 | Test AUROC 0.7312 AUPRC 0.3574
  Epoch 103, Loss 0.5665, Val AUROC 0.7296 AUPRC 0.3754 | Test AUROC 0.7299 AUPRC 0.3549
  Epoch 104, Loss 0.5664, Val AUROC 0.7297 AUPRC 0.3756 | Test AUROC 0.7302 AUPRC 0.3551
  Epoch 110, Loss 0.5651, Val AUROC 0.7298 AUPRC 0.3758 | Test AUROC 0.7292 AUPRC 0.3535
  Epoch 129, Loss 0.5631, Val AUROC 0.7308 AUPRC 0.3758 | Test AUROC 0.7274 AUPRC 0.3499
  Epoch 130, Loss 0.5631, Val AUROC 0.7310 AUPRC 0.3762 | Test AUROC 0.7270 AUPRC 0.3492
  Epoch 159, Loss 0.5616, Val AUROC 0.7324 AUPRC 0.3768 | Test AUROC 0.7253 AUPRC 0.3462
  Epoch 161, Loss 0.5618, Val AUROC 0.7325 AUPRC 0.3769 | Test AUROC 0.7253 AUPRC 0.3464
  Epoch 165, Loss 0.5612, Val AUROC 0.7327 AUPRC 0.3770 | Test AUROC 0.7253 AUPRC 0.3466
  Epoch 166, Loss 0.5612, Val AUROC 0.7327 AUPRC 0.3771 | Test AUROC 0.7252 AUPRC 0.3466
  Epoch 170, Loss 0.5613, Val AUROC 0.7332 AUPRC 0.3772 | Test AUROC 0.7252 AUPRC 0.3470
  Epoch 172, Loss 0.5611, Val AUROC 0.7334 AUPRC 0.3776 | Test AUROC 0.7252 AUPRC 0.3469
  Epoch 178, Loss 0.5608, Val AUROC 0.7339 AUPRC 0.3779 | Test AUROC 0.7256 AUPRC 0.3479
  Epoch 179, Loss 0.5608, Val AUROC 0.7340 AUPRC 0.3783 | Test AUROC 0.7252 AUPRC 0.3472
  Epoch 181, Loss 0.5609, Val AUROC 0.7341 AUPRC 0.3784 | Test AUROC 0.7251 AUPRC 0.3471
  Epoch 184, Loss 0.5611, Val AUROC 0.7344 AUPRC 0.3785 | Test AUROC 0.7257 AUPRC 0.3483
  Epoch 185, Loss 0.5610, Val AUROC 0.7344 AUPRC 0.3790 | Test AUROC 0.7253 AUPRC 0.3478
  Epoch 187, Loss 0.5606, Val AUROC 0.7346 AUPRC 0.3795 | Test AUROC 0.7254 AUPRC 0.3483
  Epoch 189, Loss 0.5602, Val AUROC 0.7348 AUPRC 0.3795 | Test AUROC 0.7256 AUPRC 0.3487
  Epoch 190, Loss 0.5602, Val AUROC 0.7347 AUPRC 0.3796 | Test AUROC 0.7255 AUPRC 0.3483
  Epoch 195, Loss 0.5604, Val AUROC 0.7355 AUPRC 0.3798 | Test AUROC 0.7259 AUPRC 0.3493
  Epoch 198, Loss 0.5600, Val AUROC 0.7354 AUPRC 0.3798 | Test AUROC 0.7257 AUPRC 0.3489
  Epoch 0, Loss 1.0872, Val AUROC 0.5805 AUPRC 0.2843 | Test AUROC 0.5053 AUPRC 0.2150
  Epoch 2, Loss 0.7448, Val AUROC 0.6530 AUPRC 0.3360 | Test AUROC 0.5934 AUPRC 0.2566
  Epoch 3, Loss 0.7279, Val AUROC 0.6804 AUPRC 0.3551 | Test AUROC 0.6582 AUPRC 0.3054
  Epoch 4, Loss 0.6806, Val AUROC 0.6930 AUPRC 0.3694 | Test AUROC 0.6786 AUPRC 0.3277
  Epoch 5, Loss 0.6570, Val AUROC 0.6995 AUPRC 0.3782 | Test AUROC 0.6772 AUPRC 0.3326
  Epoch 9, Loss 0.6517, Val AUROC 0.7056 AUPRC 0.3830 | Test AUROC 0.6785 AUPRC 0.3278
  Epoch 15, Loss 0.6141, Val AUROC 0.7103 AUPRC 0.3868 | Test AUROC 0.6860 AUPRC 0.3302
  Epoch 16, Loss 0.6118, Val AUROC 0.7114 AUPRC 0.3885 | Test AUROC 0.6862 AUPRC 0.3306
  Epoch 26, Loss 0.5918, Val AUROC 0.7255 AUPRC 0.3922 | Test AUROC 0.7056 AUPRC 0.3414
  Epoch 33, Loss 0.5790, Val AUROC 0.7289 AUPRC 0.3947 | Test AUROC 0.7119 AUPRC 0.3532
  Epoch 34, Loss 0.5772, Val AUROC 0.7312 AUPRC 0.4016 | Test AUROC 0.7145 AUPRC 0.3564
  Epoch 35, Loss 0.5748, Val AUROC 0.7356 AUPRC 0.4122 | Test AUROC 0.7180 AUPRC 0.3589
  Epoch 36, Loss 0.5719, Val AUROC 0.7384 AUPRC 0.4178 | Test AUROC 0.7209 AUPRC 0.3624
  Epoch 37, Loss 0.5719, Val AUROC 0.7386 AUPRC 0.4201 | Test AUROC 0.7204 AUPRC 0.3635
  Epoch 41, Loss 0.5630, Val AUROC 0.7420 AUPRC 0.4247 | Test AUROC 0.7209 AUPRC 0.3682
  Epoch 42, Loss 0.5604, Val AUROC 0.7435 AUPRC 0.4263 | Test AUROC 0.7223 AUPRC 0.3700
  Epoch 43, Loss 0.5577, Val AUROC 0.7453 AUPRC 0.4295 | Test AUROC 0.7232 AUPRC 0.3715
  Epoch 44, Loss 0.5564, Val AUROC 0.7484 AUPRC 0.4365 | Test AUROC 0.7240 AUPRC 0.3711
  Epoch 45, Loss 0.5537, Val AUROC 0.7481 AUPRC 0.4366 | Test AUROC 0.7221 AUPRC 0.3716
  Epoch 47, Loss 0.5492, Val AUROC 0.7503 AUPRC 0.4376 | Test AUROC 0.7212 AUPRC 0.3719
  Epoch 48, Loss 0.5466, Val AUROC 0.7553 AUPRC 0.4451 | Test AUROC 0.7244 AUPRC 0.3738
  Epoch 49, Loss 0.5444, Val AUROC 0.7562 AUPRC 0.4451 | Test AUROC 0.7246 AUPRC 0.3738
  Epoch 51, Loss 0.5394, Val AUROC 0.7585 AUPRC 0.4466 | Test AUROC 0.7224 AUPRC 0.3733
  Epoch 53, Loss 0.5351, Val AUROC 0.7629 AUPRC 0.4520 | Test AUROC 0.7238 AUPRC 0.3713
  Epoch 54, Loss 0.5326, Val AUROC 0.7643 AUPRC 0.4566 | Test AUROC 0.7243 AUPRC 0.3713
  Epoch 57, Loss 0.5265, Val AUROC 0.7645 AUPRC 0.4570 | Test AUROC 0.7213 AUPRC 0.3711
  Epoch 58, Loss 0.5235, Val AUROC 0.7659 AUPRC 0.4625 | Test AUROC 0.7230 AUPRC 0.3700
  Epoch 60, Loss 0.5208, Val AUROC 0.7664 AUPRC 0.4658 | Test AUROC 0.7205 AUPRC 0.3697
  Epoch 63, Loss 0.5140, Val AUROC 0.7658 AUPRC 0.4682 | Test AUROC 0.7205 AUPRC 0.3696
  Epoch 66, Loss 0.5089, Val AUROC 0.7671 AUPRC 0.4742 | Test AUROC 0.7191 AUPRC 0.3718
  Epoch 69, Loss 0.5059, Val AUROC 0.7671 AUPRC 0.4765 | Test AUROC 0.7195 AUPRC 0.3744
  Epoch 76, Loss 0.4949, Val AUROC 0.7696 AUPRC 0.4768 | Test AUROC 0.7164 AUPRC 0.3732
  Epoch 79, Loss 0.4931, Val AUROC 0.7697 AUPRC 0.4770 | Test AUROC 0.7144 AUPRC 0.3749
  Epoch 80, Loss 0.4921, Val AUROC 0.7701 AUPRC 0.4771 | Test AUROC 0.7149 AUPRC 0.3755
  Epoch 82, Loss 0.4902, Val AUROC 0.7707 AUPRC 0.4786 | Test AUROC 0.7143 AUPRC 0.3735
tensor([[0.0000, 0.0000, 0.3333,  ..., 0.6205, 1.0000, 0.9896],
        [0.7000, 0.1517, 0.0759,  ..., 0.6717, 1.0000, 0.9844],
        [0.1176, 0.0000, 0.0000,  ..., 0.6570, 1.0000, 0.9803],
        ...,
        [0.5664, 0.2517, 0.0280,  ..., 0.7250, 0.9968, 0.8981],
        [0.6341, 0.0081, 0.0569,  ..., 0.7632, 0.9983, 0.9013],
        [0.4286, 0.0000, 0.0000,  ..., 0.6681, 0.9972, 0.9298]],
       device='cuda:0')
tensor([[0.8070, 0.0322, 0.0221,  ..., 1.0000, 1.0000, 1.0000],
        [0.0000, 0.0000, 0.0000,  ..., 0.0000, 1.0000, 1.0000],
        [0.0000, 0.0000, 0.2000,  ..., 0.0000, 1.0000, 1.0000],
        ...,
        [0.0784, 0.0000, 0.0000,  ..., 0.8407, 0.9986, 0.8435],
        [0.9828, 0.0000, 0.0172,  ..., 0.7935, 0.9991, 0.8339],
        [0.4715, 0.0000, 0.0366,  ..., 0.8006, 0.9991, 0.8334]],
       device='cuda:0')
/home/eirik/miniconda3/envs/GADBench/lib/python3.10/site-packages/xgboost/training.py:200: UserWarning: [17:13:43] WARNING: /__w/xgboost/xgboost/src/learner.cc:782: 
Parameters: { "drop_rate", "h_feats", "lr", "num_layers", "verbose" } are not used.

  bst.update(dtrain, iteration=i, fobj=obj)
/home/eirik/miniconda3/envs/GADBench/lib/python3.10/site-packages/xgboost/training.py:200: UserWarning: [17:13:43] WARNING: /__w/xgboost/xgboost/src/learner.cc:782: 
Parameters: { "verbose" } are not used.

  bst.update(dtrain, iteration=i, fobj=obj)

[tolokers | ff_b0.7_M1 | split 0 | seed 3407]
  forest_fire: 12/15 subgraphs (n: min=3 med=500 max=500 | m: min=3 med=3655 max=22893)
  Combined: N=5503 M=159518 train=3653 val=1850 unique_origs=5503
  Epoch 0, Loss 0.6949, Val AUROC 0.6050 AUPRC 0.3045 | Test AUROC 0.5182 AUPRC 0.2306
  Epoch 1, Loss 0.6833, Val AUROC 0.6085 AUPRC 0.3077 | Test AUROC 0.5178 AUPRC 0.2297
  Epoch 2, Loss 0.6780, Val AUROC 0.6286 AUPRC 0.3243 | Test AUROC 0.5448 AUPRC 0.2388
  Epoch 3, Loss 0.6712, Val AUROC 0.6499 AUPRC 0.3587 | Test AUROC 0.5999 AUPRC 0.2746
  Epoch 4, Loss 0.6626, Val AUROC 0.6597 AUPRC 0.3801 | Test AUROC 0.6704 AUPRC 0.3500
  Epoch 16, Loss 0.6059, Val AUROC 0.6954 AUPRC 0.3805 | Test AUROC 0.7012 AUPRC 0.3702
  Epoch 17, Loss 0.6031, Val AUROC 0.7008 AUPRC 0.3825 | Test AUROC 0.7027 AUPRC 0.3700
  Epoch 18, Loss 0.6012, Val AUROC 0.7043 AUPRC 0.3826 | Test AUROC 0.7033 AUPRC 0.3697
  Epoch 19, Loss 0.6004, Val AUROC 0.7066 AUPRC 0.3831 | Test AUROC 0.7085 AUPRC 0.3739
  Epoch 20, Loss 0.5984, Val AUROC 0.7077 AUPRC 0.3836 | Test AUROC 0.7110 AUPRC 0.3768
  Epoch 21, Loss 0.5959, Val AUROC 0.7076 AUPRC 0.3839 | Test AUROC 0.7104 AUPRC 0.3770
  Epoch 22, Loss 0.5935, Val AUROC 0.7079 AUPRC 0.3850 | Test AUROC 0.7115 AUPRC 0.3781
  Epoch 23, Loss 0.5920, Val AUROC 0.7091 AUPRC 0.3873 | Test AUROC 0.7142 AUPRC 0.3801
  Epoch 24, Loss 0.5908, Val AUROC 0.7103 AUPRC 0.3882 | Test AUROC 0.7139 AUPRC 0.3801
  Epoch 25, Loss 0.5890, Val AUROC 0.7121 AUPRC 0.3887 | Test AUROC 0.7135 AUPRC 0.3805
  Epoch 26, Loss 0.5870, Val AUROC 0.7145 AUPRC 0.3902 | Test AUROC 0.7142 AUPRC 0.3803
  Epoch 27, Loss 0.5852, Val AUROC 0.7163 AUPRC 0.3917 | Test AUROC 0.7127 AUPRC 0.3787
  Epoch 28, Loss 0.5837, Val AUROC 0.7183 AUPRC 0.3925 | Test AUROC 0.7112 AUPRC 0.3770
  Epoch 29, Loss 0.5823, Val AUROC 0.7201 AUPRC 0.3955 | Test AUROC 0.7123 AUPRC 0.3783
  Epoch 30, Loss 0.5808, Val AUROC 0.7207 AUPRC 0.3988 | Test AUROC 0.7105 AUPRC 0.3775
  Epoch 31, Loss 0.5796, Val AUROC 0.7217 AUPRC 0.3999 | Test AUROC 0.7150 AUPRC 0.3811
  Epoch 32, Loss 0.5792, Val AUROC 0.7209 AUPRC 0.4018 | Test AUROC 0.7117 AUPRC 0.3787
  Epoch 33, Loss 0.5775, Val AUROC 0.7223 AUPRC 0.4038 | Test AUROC 0.7139 AUPRC 0.3797
  Epoch 34, Loss 0.5758, Val AUROC 0.7236 AUPRC 0.4049 | Test AUROC 0.7151 AUPRC 0.3804
  Epoch 35, Loss 0.5754, Val AUROC 0.7240 AUPRC 0.4090 | Test AUROC 0.7114 AUPRC 0.3773
  Epoch 36, Loss 0.5745, Val AUROC 0.7244 AUPRC 0.4092 | Test AUROC 0.7136 AUPRC 0.3786
  Epoch 37, Loss 0.5732, Val AUROC 0.7245 AUPRC 0.4107 | Test AUROC 0.7142 AUPRC 0.3787
  Epoch 38, Loss 0.5726, Val AUROC 0.7245 AUPRC 0.4142 | Test AUROC 0.7136 AUPRC 0.3781
  Epoch 40, Loss 0.5713, Val AUROC 0.7246 AUPRC 0.4151 | Test AUROC 0.7168 AUPRC 0.3810
  Epoch 41, Loss 0.5703, Val AUROC 0.7243 AUPRC 0.4164 | Test AUROC 0.7166 AUPRC 0.3805
  Epoch 43, Loss 0.5697, Val AUROC 0.7247 AUPRC 0.4184 | Test AUROC 0.7166 AUPRC 0.3807
  Epoch 44, Loss 0.5686, Val AUROC 0.7250 AUPRC 0.4194 | Test AUROC 0.7158 AUPRC 0.3800
  Epoch 46, Loss 0.5680, Val AUROC 0.7244 AUPRC 0.4217 | Test AUROC 0.7144 AUPRC 0.3791
  Epoch 49, Loss 0.5659, Val AUROC 0.7230 AUPRC 0.4219 | Test AUROC 0.7157 AUPRC 0.3799
  Epoch 51, Loss 0.5653, Val AUROC 0.7231 AUPRC 0.4231 | Test AUROC 0.7163 AUPRC 0.3795
  Epoch 69, Loss 0.5583, Val AUROC 0.7211 AUPRC 0.4234 | Test AUROC 0.7150 AUPRC 0.3793
  Epoch 74, Loss 0.5568, Val AUROC 0.7206 AUPRC 0.4238 | Test AUROC 0.7137 AUPRC 0.3784
  Epoch 77, Loss 0.5548, Val AUROC 0.7214 AUPRC 0.4239 | Test AUROC 0.7132 AUPRC 0.3795
  Epoch 79, Loss 0.5546, Val AUROC 0.7211 AUPRC 0.4244 | Test AUROC 0.7122 AUPRC 0.3786
  Epoch 81, Loss 0.5545, Val AUROC 0.7216 AUPRC 0.4248 | Test AUROC 0.7112 AUPRC 0.3786
  Epoch 83, Loss 0.5533, Val AUROC 0.7221 AUPRC 0.4252 | Test AUROC 0.7104 AUPRC 0.3798
  Epoch 84, Loss 0.5527, Val AUROC 0.7220 AUPRC 0.4253 | Test AUROC 0.7102 AUPRC 0.3795
  Epoch 90, Loss 0.5525, Val AUROC 0.7218 AUPRC 0.4254 | Test AUROC 0.7073 AUPRC 0.3776
  Epoch 95, Loss 0.5510, Val AUROC 0.7223 AUPRC 0.4262 | Test AUROC 0.7053 AUPRC 0.3772
  Epoch 96, Loss 0.5506, Val AUROC 0.7236 AUPRC 0.4264 | Test AUROC 0.7038 AUPRC 0.3787
  Epoch 97, Loss 0.5499, Val AUROC 0.7231 AUPRC 0.4276 | Test AUROC 0.7033 AUPRC 0.3768
  Epoch 104, Loss 0.5480, Val AUROC 0.7234 AUPRC 0.4280 | Test AUROC 0.7005 AUPRC 0.3762
  Epoch 105, Loss 0.5476, Val AUROC 0.7234 AUPRC 0.4282 | Test AUROC 0.7001 AUPRC 0.3767
  Epoch 107, Loss 0.5474, Val AUROC 0.7233 AUPRC 0.4287 | Test AUROC 0.6999 AUPRC 0.3761
  Epoch 112, Loss 0.5472, Val AUROC 0.7243 AUPRC 0.4290 | Test AUROC 0.6962 AUPRC 0.3760
  Epoch 113, Loss 0.5464, Val AUROC 0.7240 AUPRC 0.4296 | Test AUROC 0.6965 AUPRC 0.3761
  Epoch 118, Loss 0.5462, Val AUROC 0.7237 AUPRC 0.4299 | Test AUROC 0.6938 AUPRC 0.3751
  Epoch 119, Loss 0.5458, Val AUROC 0.7244 AUPRC 0.4300 | Test AUROC 0.6924 AUPRC 0.3761
  Epoch 120, Loss 0.5452, Val AUROC 0.7241 AUPRC 0.4306 | Test AUROC 0.6929 AUPRC 0.3753
  Epoch 121, Loss 0.5445, Val AUROC 0.7244 AUPRC 0.4306 | Test AUROC 0.6931 AUPRC 0.3768
  Epoch 123, Loss 0.5439, Val AUROC 0.7243 AUPRC 0.4310 | Test AUROC 0.6928 AUPRC 0.3752
  Epoch 127, Loss 0.5456, Val AUROC 0.7238 AUPRC 0.4312 | Test AUROC 0.6927 AUPRC 0.3755
  Epoch 129, Loss 0.5434, Val AUROC 0.7244 AUPRC 0.4318 | Test AUROC 0.6902 AUPRC 0.3756
  Epoch 135, Loss 0.5426, Val AUROC 0.7250 AUPRC 0.4319 | Test AUROC 0.6882 AUPRC 0.3751
  Epoch 137, Loss 0.5414, Val AUROC 0.7246 AUPRC 0.4328 | Test AUROC 0.6873 AUPRC 0.3721
  Epoch 0, Loss 0.7415, Val AUROC 0.3607 AUPRC 0.1916 | Test AUROC 0.3709 AUPRC 0.1683
  Epoch 1, Loss 0.7272, Val AUROC 0.4640 AUPRC 0.2257 | Test AUROC 0.5091 AUPRC 0.2196
  Epoch 2, Loss 0.7012, Val AUROC 0.6382 AUPRC 0.3122 | Test AUROC 0.6906 AUPRC 0.3201
  Epoch 3, Loss 0.6782, Val AUROC 0.6573 AUPRC 0.3283 | Test AUROC 0.6981 AUPRC 0.3275
  Epoch 4, Loss 0.6646, Val AUROC 0.6567 AUPRC 0.3307 | Test AUROC 0.6985 AUPRC 0.3312
  Epoch 5, Loss 0.6522, Val AUROC 0.6569 AUPRC 0.3321 | Test AUROC 0.6981 AUPRC 0.3356
  Epoch 6, Loss 0.6398, Val AUROC 0.6588 AUPRC 0.3343 | Test AUROC 0.6977 AUPRC 0.3386
  Epoch 7, Loss 0.6335, Val AUROC 0.6616 AUPRC 0.3373 | Test AUROC 0.6989 AUPRC 0.3406
  Epoch 8, Loss 0.6279, Val AUROC 0.6641 AUPRC 0.3379 | Test AUROC 0.7007 AUPRC 0.3407
  Epoch 9, Loss 0.6219, Val AUROC 0.6684 AUPRC 0.3410 | Test AUROC 0.7038 AUPRC 0.3419
  Epoch 10, Loss 0.6198, Val AUROC 0.6723 AUPRC 0.3432 | Test AUROC 0.7068 AUPRC 0.3448
  Epoch 11, Loss 0.6168, Val AUROC 0.6768 AUPRC 0.3463 | Test AUROC 0.7103 AUPRC 0.3484
  Epoch 12, Loss 0.6130, Val AUROC 0.6819 AUPRC 0.3499 | Test AUROC 0.7144 AUPRC 0.3523
  Epoch 13, Loss 0.6109, Val AUROC 0.6865 AUPRC 0.3518 | Test AUROC 0.7187 AUPRC 0.3553
  Epoch 14, Loss 0.6067, Val AUROC 0.6911 AUPRC 0.3532 | Test AUROC 0.7232 AUPRC 0.3580
  Epoch 15, Loss 0.6037, Val AUROC 0.6959 AUPRC 0.3559 | Test AUROC 0.7279 AUPRC 0.3620
  Epoch 16, Loss 0.6016, Val AUROC 0.6995 AUPRC 0.3583 | Test AUROC 0.7314 AUPRC 0.3653
  Epoch 17, Loss 0.5990, Val AUROC 0.7021 AUPRC 0.3592 | Test AUROC 0.7341 AUPRC 0.3683
  Epoch 18, Loss 0.5988, Val AUROC 0.7049 AUPRC 0.3606 | Test AUROC 0.7359 AUPRC 0.3704
  Epoch 19, Loss 0.5973, Val AUROC 0.7065 AUPRC 0.3616 | Test AUROC 0.7370 AUPRC 0.3719
  Epoch 20, Loss 0.5967, Val AUROC 0.7078 AUPRC 0.3633 | Test AUROC 0.7374 AUPRC 0.3725
  Epoch 21, Loss 0.5944, Val AUROC 0.7087 AUPRC 0.3645 | Test AUROC 0.7375 AUPRC 0.3731
  Epoch 22, Loss 0.5934, Val AUROC 0.7091 AUPRC 0.3659 | Test AUROC 0.7376 AUPRC 0.3732
  Epoch 23, Loss 0.5913, Val AUROC 0.7093 AUPRC 0.3666 | Test AUROC 0.7374 AUPRC 0.3724
  Epoch 24, Loss 0.5911, Val AUROC 0.7096 AUPRC 0.3673 | Test AUROC 0.7374 AUPRC 0.3727
  Epoch 25, Loss 0.5893, Val AUROC 0.7100 AUPRC 0.3683 | Test AUROC 0.7373 AUPRC 0.3730
  Epoch 26, Loss 0.5891, Val AUROC 0.7107 AUPRC 0.3696 | Test AUROC 0.7371 AUPRC 0.3720
  Epoch 27, Loss 0.5874, Val AUROC 0.7118 AUPRC 0.3720 | Test AUROC 0.7366 AUPRC 0.3714
  Epoch 28, Loss 0.5868, Val AUROC 0.7135 AUPRC 0.3762 | Test AUROC 0.7367 AUPRC 0.3719
  Epoch 29, Loss 0.5846, Val AUROC 0.7151 AUPRC 0.3810 | Test AUROC 0.7366 AUPRC 0.3713
  Epoch 30, Loss 0.5837, Val AUROC 0.7167 AUPRC 0.3860 | Test AUROC 0.7361 AUPRC 0.3693
  Epoch 31, Loss 0.5825, Val AUROC 0.7188 AUPRC 0.3896 | Test AUROC 0.7367 AUPRC 0.3699
  Epoch 32, Loss 0.5812, Val AUROC 0.7207 AUPRC 0.3911 | Test AUROC 0.7374 AUPRC 0.3706
  Epoch 33, Loss 0.5803, Val AUROC 0.7219 AUPRC 0.3930 | Test AUROC 0.7377 AUPRC 0.3710
  Epoch 39, Loss 0.5730, Val AUROC 0.7221 AUPRC 0.3937 | Test AUROC 0.7376 AUPRC 0.3680
  Epoch 40, Loss 0.5720, Val AUROC 0.7233 AUPRC 0.3973 | Test AUROC 0.7370 AUPRC 0.3655
  Epoch 41, Loss 0.5707, Val AUROC 0.7245 AUPRC 0.3998 | Test AUROC 0.7366 AUPRC 0.3639
  Epoch 42, Loss 0.5693, Val AUROC 0.7257 AUPRC 0.4016 | Test AUROC 0.7359 AUPRC 0.3614
  Epoch 43, Loss 0.5684, Val AUROC 0.7266 AUPRC 0.4025 | Test AUROC 0.7355 AUPRC 0.3604
  Epoch 44, Loss 0.5673, Val AUROC 0.7270 AUPRC 0.4027 | Test AUROC 0.7354 AUPRC 0.3597
  Epoch 45, Loss 0.5662, Val AUROC 0.7269 AUPRC 0.4029 | Test AUROC 0.7359 AUPRC 0.3598
  Epoch 46, Loss 0.5656, Val AUROC 0.7272 AUPRC 0.4038 | Test AUROC 0.7353 AUPRC 0.3582
  Epoch 47, Loss 0.5650, Val AUROC 0.7270 AUPRC 0.4043 | Test AUROC 0.7348 AUPRC 0.3576
  Epoch 48, Loss 0.5642, Val AUROC 0.7278 AUPRC 0.4062 | Test AUROC 0.7338 AUPRC 0.3551
  Epoch 49, Loss 0.5634, Val AUROC 0.7291 AUPRC 0.4076 | Test AUROC 0.7325 AUPRC 0.3523
  Epoch 50, Loss 0.5628, Val AUROC 0.7297 AUPRC 0.4084 | Test AUROC 0.7310 AUPRC 0.3502
  Epoch 51, Loss 0.5623, Val AUROC 0.7304 AUPRC 0.4094 | Test AUROC 0.7299 AUPRC 0.3486
  Epoch 52, Loss 0.5619, Val AUROC 0.7306 AUPRC 0.4105 | Test AUROC 0.7293 AUPRC 0.3476
  Epoch 53, Loss 0.5614, Val AUROC 0.7300 AUPRC 0.4115 | Test AUROC 0.7290 AUPRC 0.3474
  Epoch 54, Loss 0.5610, Val AUROC 0.7301 AUPRC 0.4127 | Test AUROC 0.7289 AUPRC 0.3472
  Epoch 59, Loss 0.5592, Val AUROC 0.7318 AUPRC 0.4135 | Test AUROC 0.7272 AUPRC 0.3441
  Epoch 60, Loss 0.5588, Val AUROC 0.7317 AUPRC 0.4139 | Test AUROC 0.7271 AUPRC 0.3439
  Epoch 61, Loss 0.5584, Val AUROC 0.7317 AUPRC 0.4140 | Test AUROC 0.7270 AUPRC 0.3440
  Epoch 62, Loss 0.5581, Val AUROC 0.7318 AUPRC 0.4142 | Test AUROC 0.7271 AUPRC 0.3443
  Epoch 63, Loss 0.5578, Val AUROC 0.7321 AUPRC 0.4150 | Test AUROC 0.7274 AUPRC 0.3446
  Epoch 64, Loss 0.5576, Val AUROC 0.7326 AUPRC 0.4151 | Test AUROC 0.7277 AUPRC 0.3448
  Epoch 65, Loss 0.5573, Val AUROC 0.7331 AUPRC 0.4161 | Test AUROC 0.7279 AUPRC 0.3451
  Epoch 66, Loss 0.5570, Val AUROC 0.7338 AUPRC 0.4170 | Test AUROC 0.7280 AUPRC 0.3450
  Epoch 67, Loss 0.5568, Val AUROC 0.7345 AUPRC 0.4174 | Test AUROC 0.7281 AUPRC 0.3451
  Epoch 68, Loss 0.5565, Val AUROC 0.7352 AUPRC 0.4177 | Test AUROC 0.7282 AUPRC 0.3451
  Epoch 72, Loss 0.5558, Val AUROC 0.7352 AUPRC 0.4179 | Test AUROC 0.7282 AUPRC 0.3453
  Epoch 73, Loss 0.5557, Val AUROC 0.7353 AUPRC 0.4180 | Test AUROC 0.7276 AUPRC 0.3445
  Epoch 74, Loss 0.5555, Val AUROC 0.7352 AUPRC 0.4180 | Test AUROC 0.7276 AUPRC 0.3447
  Epoch 75, Loss 0.5555, Val AUROC 0.7356 AUPRC 0.4183 | Test AUROC 0.7269 AUPRC 0.3438
  Epoch 76, Loss 0.5556, Val AUROC 0.7356 AUPRC 0.4184 | Test AUROC 0.7271 AUPRC 0.3442
  Epoch 79, Loss 0.5550, Val AUROC 0.7357 AUPRC 0.4185 | Test AUROC 0.7270 AUPRC 0.3444
  Epoch 81, Loss 0.5544, Val AUROC 0.7357 AUPRC 0.4185 | Test AUROC 0.7269 AUPRC 0.3445
  Epoch 83, Loss 0.5545, Val AUROC 0.7353 AUPRC 0.4192 | Test AUROC 0.7264 AUPRC 0.3442
  Epoch 85, Loss 0.5540, Val AUROC 0.7351 AUPRC 0.4198 | Test AUROC 0.7269 AUPRC 0.3450
  Epoch 86, Loss 0.5538, Val AUROC 0.7349 AUPRC 0.4200 | Test AUROC 0.7271 AUPRC 0.3452
  Epoch 89, Loss 0.5537, Val AUROC 0.7359 AUPRC 0.4209 | Test AUROC 0.7270 AUPRC 0.3445
  Epoch 91, Loss 0.5533, Val AUROC 0.7363 AUPRC 0.4212 | Test AUROC 0.7273 AUPRC 0.3446
  Epoch 0, Loss 1.0143, Val AUROC 0.5248 AUPRC 0.2751 | Test AUROC 0.5158 AUPRC 0.2213
  Epoch 1, Loss 0.6962, Val AUROC 0.5543 AUPRC 0.2866 | Test AUROC 0.5391 AUPRC 0.2248
  Epoch 2, Loss 0.7327, Val AUROC 0.6197 AUPRC 0.3412 | Test AUROC 0.6162 AUPRC 0.2709
  Epoch 3, Loss 0.7206, Val AUROC 0.6382 AUPRC 0.3567 | Test AUROC 0.6596 AUPRC 0.3077
  Epoch 10, Loss 0.6473, Val AUROC 0.6533 AUPRC 0.3575 | Test AUROC 0.6787 AUPRC 0.3268
  Epoch 11, Loss 0.6395, Val AUROC 0.6582 AUPRC 0.3613 | Test AUROC 0.6825 AUPRC 0.3266
  Epoch 12, Loss 0.6369, Val AUROC 0.6630 AUPRC 0.3652 | Test AUROC 0.6866 AUPRC 0.3297
  Epoch 13, Loss 0.6348, Val AUROC 0.6679 AUPRC 0.3711 | Test AUROC 0.6907 AUPRC 0.3372
  Epoch 14, Loss 0.6278, Val AUROC 0.6733 AUPRC 0.3769 | Test AUROC 0.6951 AUPRC 0.3448
  Epoch 15, Loss 0.6197, Val AUROC 0.6782 AUPRC 0.3803 | Test AUROC 0.6993 AUPRC 0.3504
  Epoch 16, Loss 0.6168, Val AUROC 0.6833 AUPRC 0.3840 | Test AUROC 0.7041 AUPRC 0.3531
  Epoch 17, Loss 0.6131, Val AUROC 0.6888 AUPRC 0.3888 | Test AUROC 0.7092 AUPRC 0.3505
  Epoch 18, Loss 0.6050, Val AUROC 0.6948 AUPRC 0.3944 | Test AUROC 0.7141 AUPRC 0.3471
  Epoch 19, Loss 0.6007, Val AUROC 0.7014 AUPRC 0.4003 | Test AUROC 0.7183 AUPRC 0.3469
  Epoch 20, Loss 0.5976, Val AUROC 0.7074 AUPRC 0.4063 | Test AUROC 0.7210 AUPRC 0.3480
  Epoch 21, Loss 0.5896, Val AUROC 0.7130 AUPRC 0.4131 | Test AUROC 0.7231 AUPRC 0.3487
  Epoch 22, Loss 0.5838, Val AUROC 0.7193 AUPRC 0.4218 | Test AUROC 0.7251 AUPRC 0.3504
  Epoch 23, Loss 0.5800, Val AUROC 0.7236 AUPRC 0.4271 | Test AUROC 0.7254 AUPRC 0.3499
  Epoch 24, Loss 0.5745, Val AUROC 0.7256 AUPRC 0.4294 | Test AUROC 0.7235 AUPRC 0.3479
  Epoch 25, Loss 0.5739, Val AUROC 0.7284 AUPRC 0.4347 | Test AUROC 0.7254 AUPRC 0.3485
  Epoch 26, Loss 0.5696, Val AUROC 0.7322 AUPRC 0.4416 | Test AUROC 0.7295 AUPRC 0.3503
  Epoch 27, Loss 0.5659, Val AUROC 0.7347 AUPRC 0.4472 | Test AUROC 0.7319 AUPRC 0.3517
  Epoch 28, Loss 0.5626, Val AUROC 0.7359 AUPRC 0.4491 | Test AUROC 0.7323 AUPRC 0.3513
  Epoch 29, Loss 0.5582, Val AUROC 0.7380 AUPRC 0.4520 | Test AUROC 0.7334 AUPRC 0.3516
  Epoch 30, Loss 0.5574, Val AUROC 0.7404 AUPRC 0.4521 | Test AUROC 0.7358 AUPRC 0.3541
  Epoch 31, Loss 0.5538, Val AUROC 0.7430 AUPRC 0.4535 | Test AUROC 0.7384 AUPRC 0.3579
  Epoch 32, Loss 0.5525, Val AUROC 0.7467 AUPRC 0.4556 | Test AUROC 0.7396 AUPRC 0.3591
  Epoch 33, Loss 0.5494, Val AUROC 0.7505 AUPRC 0.4559 | Test AUROC 0.7394 AUPRC 0.3586
  Epoch 34, Loss 0.5485, Val AUROC 0.7536 AUPRC 0.4568 | Test AUROC 0.7411 AUPRC 0.3620
  Epoch 35, Loss 0.5462, Val AUROC 0.7556 AUPRC 0.4580 | Test AUROC 0.7437 AUPRC 0.3683
  Epoch 36, Loss 0.5444, Val AUROC 0.7573 AUPRC 0.4616 | Test AUROC 0.7455 AUPRC 0.3713
  Epoch 37, Loss 0.5417, Val AUROC 0.7588 AUPRC 0.4632 | Test AUROC 0.7467 AUPRC 0.3726
  Epoch 38, Loss 0.5394, Val AUROC 0.7591 AUPRC 0.4649 | Test AUROC 0.7480 AUPRC 0.3758
  Epoch 39, Loss 0.5372, Val AUROC 0.7594 AUPRC 0.4663 | Test AUROC 0.7490 AUPRC 0.3799
  Epoch 40, Loss 0.5352, Val AUROC 0.7618 AUPRC 0.4680 | Test AUROC 0.7495 AUPRC 0.3830
  Epoch 41, Loss 0.5331, Val AUROC 0.7651 AUPRC 0.4681 | Test AUROC 0.7487 AUPRC 0.3826
  Epoch 42, Loss 0.5313, Val AUROC 0.7680 AUPRC 0.4715 | Test AUROC 0.7484 AUPRC 0.3858
  Epoch 43, Loss 0.5294, Val AUROC 0.7691 AUPRC 0.4733 | Test AUROC 0.7488 AUPRC 0.3904
  Epoch 44, Loss 0.5284, Val AUROC 0.7702 AUPRC 0.4737 | Test AUROC 0.7492 AUPRC 0.3921
  Epoch 45, Loss 0.5258, Val AUROC 0.7709 AUPRC 0.4737 | Test AUROC 0.7498 AUPRC 0.3936
  Epoch 46, Loss 0.5250, Val AUROC 0.7705 AUPRC 0.4751 | Test AUROC 0.7502 AUPRC 0.3974
  Epoch 47, Loss 0.5233, Val AUROC 0.7712 AUPRC 0.4759 | Test AUROC 0.7500 AUPRC 0.3997
  Epoch 48, Loss 0.5216, Val AUROC 0.7730 AUPRC 0.4775 | Test AUROC 0.7491 AUPRC 0.4002
  Epoch 49, Loss 0.5208, Val AUROC 0.7731 AUPRC 0.4786 | Test AUROC 0.7479 AUPRC 0.4017
  Epoch 50, Loss 0.5187, Val AUROC 0.7742 AUPRC 0.4804 | Test AUROC 0.7470 AUPRC 0.4033
  Epoch 51, Loss 0.5167, Val AUROC 0.7750 AUPRC 0.4815 | Test AUROC 0.7461 AUPRC 0.4037
  Epoch 52, Loss 0.5161, Val AUROC 0.7740 AUPRC 0.4827 | Test AUROC 0.7461 AUPRC 0.4057
  Epoch 54, Loss 0.5127, Val AUROC 0.7756 AUPRC 0.4837 | Test AUROC 0.7459 AUPRC 0.4078
  Epoch 55, Loss 0.5111, Val AUROC 0.7763 AUPRC 0.4856 | Test AUROC 0.7456 AUPRC 0.4102
  Epoch 56, Loss 0.5102, Val AUROC 0.7778 AUPRC 0.4859 | Test AUROC 0.7454 AUPRC 0.4102
  Epoch 57, Loss 0.5093, Val AUROC 0.7769 AUPRC 0.4864 | Test AUROC 0.7458 AUPRC 0.4113
  Epoch 59, Loss 0.5061, Val AUROC 0.7767 AUPRC 0.4869 | Test AUROC 0.7458 AUPRC 0.4121
  Epoch 61, Loss 0.5028, Val AUROC 0.7773 AUPRC 0.4875 | Test AUROC 0.7454 AUPRC 0.4126
  Epoch 62, Loss 0.5017, Val AUROC 0.7765 AUPRC 0.4883 | Test AUROC 0.7449 AUPRC 0.4127
  Epoch 66, Loss 0.5019, Val AUROC 0.7758 AUPRC 0.4894 | Test AUROC 0.7449 AUPRC 0.4143
  Epoch 67, Loss 0.4972, Val AUROC 0.7766 AUPRC 0.4896 | Test AUROC 0.7450 AUPRC 0.4136
  Epoch 70, Loss 0.4976, Val AUROC 0.7762 AUPRC 0.4898 | Test AUROC 0.7454 AUPRC 0.4134
  Epoch 74, Loss 0.4909, Val AUROC 0.7760 AUPRC 0.4913 | Test AUROC 0.7418 AUPRC 0.4121
  Epoch 76, Loss 0.4844, Val AUROC 0.7762 AUPRC 0.4914 | Test AUROC 0.7430 AUPRC 0.4130
  Epoch 77, Loss 0.4839, Val AUROC 0.7763 AUPRC 0.4926 | Test AUROC 0.7408 AUPRC 0.4114
  Epoch 79, Loss 0.4842, Val AUROC 0.7771 AUPRC 0.4934 | Test AUROC 0.7416 AUPRC 0.4100
  Epoch 82, Loss 0.4787, Val AUROC 0.7775 AUPRC 0.4942 | Test AUROC 0.7386 AUPRC 0.4076
tensor([[0.0000, 0.0000, 0.3333,  ..., 0.5807, 1.0000, 0.9881],
        [0.7000, 0.1517, 0.0759,  ..., 0.6235, 0.9993, 0.9776],
        [0.1176, 0.0000, 0.0000,  ..., 0.5868, 1.0000, 0.9883],
        ...,
        [1.0000, 0.0000, 0.0000,  ..., 0.6667, 0.3333, 0.0000],
        [0.0000, 0.0000, 1.0000,  ..., 0.6667, 0.3333, 0.0000],
        [0.0000, 0.0000, 1.0000,  ..., 0.6667, 0.3333, 0.0000]],
       device='cuda:0')
tensor([[0.8070, 0.0322, 0.0221,  ..., 1.0000, 1.0000, 1.0000],
        [0.0000, 0.0000, 0.0000,  ..., 0.0000, 1.0000, 1.0000],
        [0.0000, 0.0000, 0.2000,  ..., 0.0000, 1.0000, 1.0000],
        ...,
        [0.0784, 0.0000, 0.0000,  ..., 0.8407, 0.9986, 0.8435],
        [0.9828, 0.0000, 0.0172,  ..., 0.7935, 0.9991, 0.8339],
        [0.4715, 0.0000, 0.0366,  ..., 0.8006, 0.9991, 0.8334]],
       device='cuda:0')
/home/eirik/miniconda3/envs/GADBench/lib/python3.10/site-packages/xgboost/training.py:200: UserWarning: [17:14:07] WARNING: /__w/xgboost/xgboost/src/learner.cc:782: 
Parameters: { "drop_rate", "h_feats", "lr", "num_layers", "verbose" } are not used.

  bst.update(dtrain, iteration=i, fobj=obj)
/home/eirik/miniconda3/envs/GADBench/lib/python3.10/site-packages/xgboost/training.py:200: UserWarning: [17:14:07] WARNING: /__w/xgboost/xgboost/src/learner.cc:782: 
Parameters: { "verbose" } are not used.

  bst.update(dtrain, iteration=i, fobj=obj)

[tolokers | ff_b0.7_M2 | split 0 | seed 3407]
  forest_fire: 14/15 subgraphs (n: min=500 med=500 max=500 | m: min=1942 med=8881 max=22893)
  Combined: N=7000 M=241410 train=2923 val=1478 unique_origs=4401
  Epoch 0, Loss 0.6972, Val AUROC 0.5863 AUPRC 0.2807 | Test AUROC 0.5126 AUPRC 0.2275
  Epoch 2, Loss 0.6826, Val AUROC 0.6062 AUPRC 0.2982 | Test AUROC 0.5260 AUPRC 0.2305
  Epoch 3, Loss 0.6773, Val AUROC 0.6355 AUPRC 0.3270 | Test AUROC 0.5713 AUPRC 0.2558
  Epoch 4, Loss 0.6704, Val AUROC 0.6690 AUPRC 0.3660 | Test AUROC 0.6555 AUPRC 0.3369
  Epoch 5, Loss 0.6630, Val AUROC 0.6773 AUPRC 0.3775 | Test AUROC 0.6755 AUPRC 0.3598
  Epoch 6, Loss 0.6573, Val AUROC 0.6792 AUPRC 0.3776 | Test AUROC 0.6796 AUPRC 0.3642
  Epoch 14, Loss 0.6216, Val AUROC 0.6927 AUPRC 0.3778 | Test AUROC 0.6817 AUPRC 0.3616
  Epoch 15, Loss 0.6211, Val AUROC 0.6967 AUPRC 0.3805 | Test AUROC 0.6847 AUPRC 0.3632
  Epoch 16, Loss 0.6185, Val AUROC 0.7019 AUPRC 0.3836 | Test AUROC 0.6889 AUPRC 0.3656
  Epoch 17, Loss 0.6163, Val AUROC 0.7055 AUPRC 0.3854 | Test AUROC 0.6899 AUPRC 0.3655
  Epoch 18, Loss 0.6136, Val AUROC 0.7084 AUPRC 0.3857 | Test AUROC 0.6887 AUPRC 0.3640
  Epoch 19, Loss 0.6121, Val AUROC 0.7122 AUPRC 0.3880 | Test AUROC 0.6927 AUPRC 0.3662
  Epoch 20, Loss 0.6105, Val AUROC 0.7153 AUPRC 0.3897 | Test AUROC 0.6991 AUPRC 0.3703
  Epoch 22, Loss 0.6083, Val AUROC 0.7193 AUPRC 0.3898 | Test AUROC 0.6983 AUPRC 0.3692
  Epoch 23, Loss 0.6074, Val AUROC 0.7208 AUPRC 0.3906 | Test AUROC 0.7029 AUPRC 0.3731
  Epoch 24, Loss 0.6060, Val AUROC 0.7213 AUPRC 0.3917 | Test AUROC 0.7047 AUPRC 0.3755
  Epoch 26, Loss 0.6043, Val AUROC 0.7219 AUPRC 0.3924 | Test AUROC 0.7026 AUPRC 0.3732
  Epoch 27, Loss 0.6037, Val AUROC 0.7227 AUPRC 0.3933 | Test AUROC 0.7054 AUPRC 0.3754
  Epoch 28, Loss 0.6033, Val AUROC 0.7233 AUPRC 0.3945 | Test AUROC 0.7029 AUPRC 0.3734
  Epoch 29, Loss 0.6022, Val AUROC 0.7241 AUPRC 0.3958 | Test AUROC 0.7021 AUPRC 0.3728
  Epoch 30, Loss 0.6013, Val AUROC 0.7249 AUPRC 0.3976 | Test AUROC 0.7054 AUPRC 0.3755
  Epoch 31, Loss 0.6003, Val AUROC 0.7256 AUPRC 0.3996 | Test AUROC 0.7029 AUPRC 0.3744
  Epoch 32, Loss 0.5992, Val AUROC 0.7261 AUPRC 0.4012 | Test AUROC 0.7032 AUPRC 0.3745
  Epoch 33, Loss 0.5983, Val AUROC 0.7269 AUPRC 0.4030 | Test AUROC 0.7051 AUPRC 0.3759
  Epoch 34, Loss 0.5977, Val AUROC 0.7279 AUPRC 0.4055 | Test AUROC 0.7018 AUPRC 0.3726
  Epoch 35, Loss 0.5970, Val AUROC 0.7285 AUPRC 0.4065 | Test AUROC 0.7053 AUPRC 0.3761
  Epoch 36, Loss 0.5964, Val AUROC 0.7292 AUPRC 0.4099 | Test AUROC 0.7026 AUPRC 0.3737
  Epoch 37, Loss 0.5957, Val AUROC 0.7296 AUPRC 0.4107 | Test AUROC 0.7040 AUPRC 0.3750
  Epoch 38, Loss 0.5951, Val AUROC 0.7296 AUPRC 0.4112 | Test AUROC 0.7052 AUPRC 0.3762
  Epoch 39, Loss 0.5945, Val AUROC 0.7298 AUPRC 0.4135 | Test AUROC 0.7032 AUPRC 0.3744
  Epoch 41, Loss 0.5935, Val AUROC 0.7296 AUPRC 0.4152 | Test AUROC 0.7034 AUPRC 0.3742
  Epoch 43, Loss 0.5923, Val AUROC 0.7297 AUPRC 0.4166 | Test AUROC 0.7058 AUPRC 0.3768
  Epoch 44, Loss 0.5914, Val AUROC 0.7302 AUPRC 0.4175 | Test AUROC 0.7066 AUPRC 0.3782
  Epoch 45, Loss 0.5908, Val AUROC 0.7307 AUPRC 0.4184 | Test AUROC 0.7094 AUPRC 0.3811
  Epoch 46, Loss 0.5905, Val AUROC 0.7307 AUPRC 0.4252 | Test AUROC 0.7051 AUPRC 0.3773
  Epoch 48, Loss 0.5907, Val AUROC 0.7312 AUPRC 0.4280 | Test AUROC 0.7056 AUPRC 0.3771
  Epoch 51, Loss 0.5879, Val AUROC 0.7308 AUPRC 0.4282 | Test AUROC 0.7052 AUPRC 0.3765
  Epoch 54, Loss 0.5862, Val AUROC 0.7308 AUPRC 0.4298 | Test AUROC 0.7079 AUPRC 0.3780
  Epoch 56, Loss 0.5865, Val AUROC 0.7310 AUPRC 0.4308 | Test AUROC 0.7092 AUPRC 0.3796
  Epoch 57, Loss 0.5852, Val AUROC 0.7311 AUPRC 0.4317 | Test AUROC 0.7101 AUPRC 0.3805
  Epoch 59, Loss 0.5849, Val AUROC 0.7315 AUPRC 0.4336 | Test AUROC 0.7112 AUPRC 0.3814
  Epoch 60, Loss 0.5840, Val AUROC 0.7318 AUPRC 0.4336 | Test AUROC 0.7132 AUPRC 0.3843
  Epoch 62, Loss 0.5830, Val AUROC 0.7315 AUPRC 0.4367 | Test AUROC 0.7121 AUPRC 0.3830
  Epoch 72, Loss 0.5778, Val AUROC 0.7324 AUPRC 0.4381 | Test AUROC 0.7147 AUPRC 0.3833
  Epoch 74, Loss 0.5790, Val AUROC 0.7317 AUPRC 0.4391 | Test AUROC 0.7141 AUPRC 0.3819
  Epoch 87, Loss 0.5718, Val AUROC 0.7350 AUPRC 0.4392 | Test AUROC 0.7129 AUPRC 0.3813
  Epoch 88, Loss 0.5725, Val AUROC 0.7337 AUPRC 0.4405 | Test AUROC 0.7125 AUPRC 0.3796
  Epoch 89, Loss 0.5720, Val AUROC 0.7346 AUPRC 0.4409 | Test AUROC 0.7120 AUPRC 0.3796
  Epoch 90, Loss 0.5707, Val AUROC 0.7347 AUPRC 0.4416 | Test AUROC 0.7114 AUPRC 0.3792
  Epoch 98, Loss 0.5681, Val AUROC 0.7350 AUPRC 0.4417 | Test AUROC 0.7101 AUPRC 0.3783
  Epoch 99, Loss 0.5680, Val AUROC 0.7341 AUPRC 0.4420 | Test AUROC 0.7101 AUPRC 0.3771
  Epoch 100, Loss 0.5679, Val AUROC 0.7353 AUPRC 0.4424 | Test AUROC 0.7092 AUPRC 0.3775
  Epoch 101, Loss 0.5674, Val AUROC 0.7344 AUPRC 0.4426 | Test AUROC 0.7095 AUPRC 0.3771
  Epoch 102, Loss 0.5668, Val AUROC 0.7346 AUPRC 0.4427 | Test AUROC 0.7093 AUPRC 0.3770
  Epoch 103, Loss 0.5663, Val AUROC 0.7347 AUPRC 0.4427 | Test AUROC 0.7091 AUPRC 0.3772
  Epoch 104, Loss 0.5660, Val AUROC 0.7344 AUPRC 0.4431 | Test AUROC 0.7094 AUPRC 0.3772
  Epoch 105, Loss 0.5658, Val AUROC 0.7351 AUPRC 0.4432 | Test AUROC 0.7080 AUPRC 0.3771
  Epoch 106, Loss 0.5658, Val AUROC 0.7342 AUPRC 0.4435 | Test AUROC 0.7087 AUPRC 0.3760
  Epoch 107, Loss 0.5657, Val AUROC 0.7356 AUPRC 0.4441 | Test AUROC 0.7068 AUPRC 0.3768
  Epoch 109, Loss 0.5658, Val AUROC 0.7356 AUPRC 0.4443 | Test AUROC 0.7068 AUPRC 0.3769
  Epoch 111, Loss 0.5648, Val AUROC 0.7353 AUPRC 0.4448 | Test AUROC 0.7071 AUPRC 0.3770
  Epoch 112, Loss 0.5638, Val AUROC 0.7351 AUPRC 0.4457 | Test AUROC 0.7077 AUPRC 0.3768
  Epoch 113, Loss 0.5631, Val AUROC 0.7353 AUPRC 0.4465 | Test AUROC 0.7074 AUPRC 0.3762
  Epoch 114, Loss 0.5628, Val AUROC 0.7361 AUPRC 0.4475 | Test AUROC 0.7061 AUPRC 0.3761
  Epoch 115, Loss 0.5629, Val AUROC 0.7350 AUPRC 0.4475 | Test AUROC 0.7078 AUPRC 0.3756
  Epoch 116, Loss 0.5635, Val AUROC 0.7365 AUPRC 0.4480 | Test AUROC 0.7041 AUPRC 0.3760
  Epoch 119, Loss 0.5656, Val AUROC 0.7352 AUPRC 0.4481 | Test AUROC 0.7079 AUPRC 0.3766
  Epoch 120, Loss 0.5618, Val AUROC 0.7353 AUPRC 0.4485 | Test AUROC 0.7081 AUPRC 0.3767
  Epoch 122, Loss 0.5635, Val AUROC 0.7354 AUPRC 0.4487 | Test AUROC 0.7091 AUPRC 0.3763
  Epoch 125, Loss 0.5607, Val AUROC 0.7355 AUPRC 0.4496 | Test AUROC 0.7094 AUPRC 0.3769
  Epoch 126, Loss 0.5612, Val AUROC 0.7365 AUPRC 0.4501 | Test AUROC 0.7070 AUPRC 0.3782
  Epoch 127, Loss 0.5599, Val AUROC 0.7363 AUPRC 0.4509 | Test AUROC 0.7081 AUPRC 0.3785
  Epoch 128, Loss 0.5589, Val AUROC 0.7358 AUPRC 0.4522 | Test AUROC 0.7092 AUPRC 0.3781
  Epoch 129, Loss 0.5595, Val AUROC 0.7369 AUPRC 0.4523 | Test AUROC 0.7067 AUPRC 0.3782
  Epoch 130, Loss 0.5595, Val AUROC 0.7360 AUPRC 0.4528 | Test AUROC 0.7088 AUPRC 0.3782
  Epoch 133, Loss 0.5578, Val AUROC 0.7361 AUPRC 0.4541 | Test AUROC 0.7082 AUPRC 0.3775
  Epoch 141, Loss 0.5551, Val AUROC 0.7364 AUPRC 0.4547 | Test AUROC 0.7061 AUPRC 0.3768
  Epoch 142, Loss 0.5548, Val AUROC 0.7371 AUPRC 0.4555 | Test AUROC 0.7051 AUPRC 0.3758
  Epoch 143, Loss 0.5548, Val AUROC 0.7368 AUPRC 0.4565 | Test AUROC 0.7069 AUPRC 0.3770
  Epoch 152, Loss 0.5537, Val AUROC 0.7366 AUPRC 0.4579 | Test AUROC 0.7073 AUPRC 0.3774
  Epoch 159, Loss 0.5524, Val AUROC 0.7378 AUPRC 0.4580 | Test AUROC 0.7072 AUPRC 0.3770
  Epoch 161, Loss 0.5497, Val AUROC 0.7377 AUPRC 0.4582 | Test AUROC 0.7049 AUPRC 0.3745
  Epoch 162, Loss 0.5493, Val AUROC 0.7375 AUPRC 0.4593 | Test AUROC 0.7062 AUPRC 0.3751
  Epoch 164, Loss 0.5515, Val AUROC 0.7377 AUPRC 0.4603 | Test AUROC 0.7080 AUPRC 0.3767
  Epoch 169, Loss 0.5494, Val AUROC 0.7382 AUPRC 0.4608 | Test AUROC 0.7069 AUPRC 0.3745
  Epoch 172, Loss 0.5465, Val AUROC 0.7381 AUPRC 0.4612 | Test AUROC 0.7052 AUPRC 0.3729
  Epoch 174, Loss 0.5471, Val AUROC 0.7387 AUPRC 0.4630 | Test AUROC 0.7063 AUPRC 0.3739
  Epoch 176, Loss 0.5464, Val AUROC 0.7385 AUPRC 0.4631 | Test AUROC 0.7046 AUPRC 0.3718
  Epoch 179, Loss 0.5446, Val AUROC 0.7389 AUPRC 0.4639 | Test AUROC 0.7053 AUPRC 0.3723
  Epoch 181, Loss 0.5457, Val AUROC 0.7383 AUPRC 0.4650 | Test AUROC 0.7052 AUPRC 0.3721
  Epoch 188, Loss 0.5446, Val AUROC 0.7386 AUPRC 0.4672 | Test AUROC 0.7059 AUPRC 0.3727
  Epoch 195, Loss 0.5452, Val AUROC 0.7383 AUPRC 0.4676 | Test AUROC 0.7051 AUPRC 0.3710
  Epoch 0, Loss 0.7346, Val AUROC 0.3625 AUPRC 0.1873 | Test AUROC 0.3692 AUPRC 0.1679
  Epoch 1, Loss 0.7247, Val AUROC 0.4683 AUPRC 0.2291 | Test AUROC 0.4990 AUPRC 0.2160
  Epoch 2, Loss 0.6998, Val AUROC 0.6521 AUPRC 0.3121 | Test AUROC 0.6881 AUPRC 0.3174
  Epoch 3, Loss 0.6800, Val AUROC 0.6686 AUPRC 0.3228 | Test AUROC 0.6955 AUPRC 0.3249
  Epoch 4, Loss 0.6688, Val AUROC 0.6664 AUPRC 0.3249 | Test AUROC 0.6954 AUPRC 0.3274
  Epoch 5, Loss 0.6561, Val AUROC 0.6655 AUPRC 0.3290 | Test AUROC 0.6946 AUPRC 0.3299
  Epoch 6, Loss 0.6433, Val AUROC 0.6651 AUPRC 0.3294 | Test AUROC 0.6934 AUPRC 0.3306
  Epoch 7, Loss 0.6364, Val AUROC 0.6659 AUPRC 0.3296 | Test AUROC 0.6941 AUPRC 0.3325
  Epoch 8, Loss 0.6304, Val AUROC 0.6682 AUPRC 0.3315 | Test AUROC 0.6964 AUPRC 0.3332
  Epoch 9, Loss 0.6244, Val AUROC 0.6710 AUPRC 0.3343 | Test AUROC 0.6992 AUPRC 0.3335
  Epoch 10, Loss 0.6229, Val AUROC 0.6735 AUPRC 0.3381 | Test AUROC 0.7019 AUPRC 0.3363
  Epoch 11, Loss 0.6203, Val AUROC 0.6756 AUPRC 0.3390 | Test AUROC 0.7046 AUPRC 0.3392
  Epoch 12, Loss 0.6185, Val AUROC 0.6782 AUPRC 0.3400 | Test AUROC 0.7082 AUPRC 0.3422
  Epoch 13, Loss 0.6172, Val AUROC 0.6806 AUPRC 0.3414 | Test AUROC 0.7117 AUPRC 0.3446
  Epoch 14, Loss 0.6135, Val AUROC 0.6830 AUPRC 0.3430 | Test AUROC 0.7153 AUPRC 0.3473
  Epoch 15, Loss 0.6114, Val AUROC 0.6859 AUPRC 0.3450 | Test AUROC 0.7191 AUPRC 0.3500
  Epoch 16, Loss 0.6083, Val AUROC 0.6886 AUPRC 0.3471 | Test AUROC 0.7229 AUPRC 0.3534
  Epoch 17, Loss 0.6066, Val AUROC 0.6914 AUPRC 0.3475 | Test AUROC 0.7261 AUPRC 0.3560
  Epoch 18, Loss 0.6043, Val AUROC 0.6946 AUPRC 0.3490 | Test AUROC 0.7289 AUPRC 0.3582
  Epoch 19, Loss 0.6029, Val AUROC 0.6975 AUPRC 0.3498 | Test AUROC 0.7316 AUPRC 0.3611
  Epoch 20, Loss 0.6016, Val AUROC 0.7000 AUPRC 0.3504 | Test AUROC 0.7337 AUPRC 0.3642
  Epoch 21, Loss 0.6009, Val AUROC 0.7026 AUPRC 0.3527 | Test AUROC 0.7349 AUPRC 0.3658
  Epoch 22, Loss 0.6000, Val AUROC 0.7053 AUPRC 0.3547 | Test AUROC 0.7352 AUPRC 0.3660
  Epoch 23, Loss 0.5990, Val AUROC 0.7078 AUPRC 0.3577 | Test AUROC 0.7351 AUPRC 0.3664
  Epoch 25, Loss 0.5968, Val AUROC 0.7112 AUPRC 0.3586 | Test AUROC 0.7352 AUPRC 0.3670
  Epoch 26, Loss 0.5951, Val AUROC 0.7125 AUPRC 0.3597 | Test AUROC 0.7351 AUPRC 0.3668
  Epoch 27, Loss 0.5937, Val AUROC 0.7140 AUPRC 0.3618 | Test AUROC 0.7349 AUPRC 0.3670
  Epoch 28, Loss 0.5921, Val AUROC 0.7154 AUPRC 0.3639 | Test AUROC 0.7344 AUPRC 0.3666
  Epoch 29, Loss 0.5908, Val AUROC 0.7171 AUPRC 0.3660 | Test AUROC 0.7335 AUPRC 0.3650
  Epoch 30, Loss 0.5894, Val AUROC 0.7192 AUPRC 0.3690 | Test AUROC 0.7326 AUPRC 0.3641
  Epoch 31, Loss 0.5875, Val AUROC 0.7214 AUPRC 0.3735 | Test AUROC 0.7312 AUPRC 0.3631
  Epoch 32, Loss 0.5869, Val AUROC 0.7226 AUPRC 0.3771 | Test AUROC 0.7308 AUPRC 0.3625
  Epoch 33, Loss 0.5863, Val AUROC 0.7240 AUPRC 0.3800 | Test AUROC 0.7306 AUPRC 0.3631
  Epoch 34, Loss 0.5848, Val AUROC 0.7245 AUPRC 0.3818 | Test AUROC 0.7306 AUPRC 0.3644
  Epoch 35, Loss 0.5835, Val AUROC 0.7248 AUPRC 0.3819 | Test AUROC 0.7309 AUPRC 0.3648
  Epoch 36, Loss 0.5829, Val AUROC 0.7258 AUPRC 0.3839 | Test AUROC 0.7312 AUPRC 0.3648
  Epoch 37, Loss 0.5816, Val AUROC 0.7275 AUPRC 0.3872 | Test AUROC 0.7316 AUPRC 0.3651
  Epoch 38, Loss 0.5806, Val AUROC 0.7292 AUPRC 0.3889 | Test AUROC 0.7318 AUPRC 0.3651
  Epoch 39, Loss 0.5799, Val AUROC 0.7308 AUPRC 0.3927 | Test AUROC 0.7320 AUPRC 0.3653
  Epoch 40, Loss 0.5788, Val AUROC 0.7320 AUPRC 0.3952 | Test AUROC 0.7318 AUPRC 0.3644
  Epoch 41, Loss 0.5781, Val AUROC 0.7329 AUPRC 0.3974 | Test AUROC 0.7315 AUPRC 0.3633
  Epoch 42, Loss 0.5775, Val AUROC 0.7336 AUPRC 0.3990 | Test AUROC 0.7315 AUPRC 0.3629
  Epoch 43, Loss 0.5764, Val AUROC 0.7341 AUPRC 0.4003 | Test AUROC 0.7314 AUPRC 0.3624
  Epoch 44, Loss 0.5757, Val AUROC 0.7344 AUPRC 0.4033 | Test AUROC 0.7310 AUPRC 0.3618
  Epoch 45, Loss 0.5751, Val AUROC 0.7354 AUPRC 0.4082 | Test AUROC 0.7303 AUPRC 0.3602
  Epoch 46, Loss 0.5743, Val AUROC 0.7362 AUPRC 0.4115 | Test AUROC 0.7296 AUPRC 0.3587
  Epoch 47, Loss 0.5737, Val AUROC 0.7371 AUPRC 0.4149 | Test AUROC 0.7285 AUPRC 0.3572
  Epoch 48, Loss 0.5732, Val AUROC 0.7376 AUPRC 0.4166 | Test AUROC 0.7278 AUPRC 0.3557
  Epoch 49, Loss 0.5728, Val AUROC 0.7376 AUPRC 0.4170 | Test AUROC 0.7275 AUPRC 0.3552
  Epoch 50, Loss 0.5722, Val AUROC 0.7377 AUPRC 0.4180 | Test AUROC 0.7274 AUPRC 0.3549
  Epoch 51, Loss 0.5717, Val AUROC 0.7379 AUPRC 0.4186 | Test AUROC 0.7273 AUPRC 0.3548
  Epoch 52, Loss 0.5714, Val AUROC 0.7382 AUPRC 0.4196 | Test AUROC 0.7270 AUPRC 0.3543
  Epoch 53, Loss 0.5711, Val AUROC 0.7382 AUPRC 0.4206 | Test AUROC 0.7265 AUPRC 0.3538
  Epoch 54, Loss 0.5707, Val AUROC 0.7381 AUPRC 0.4213 | Test AUROC 0.7260 AUPRC 0.3528
  Epoch 55, Loss 0.5704, Val AUROC 0.7378 AUPRC 0.4222 | Test AUROC 0.7256 AUPRC 0.3521
  Epoch 56, Loss 0.5701, Val AUROC 0.7377 AUPRC 0.4224 | Test AUROC 0.7256 AUPRC 0.3519
  Epoch 57, Loss 0.5697, Val AUROC 0.7374 AUPRC 0.4224 | Test AUROC 0.7260 AUPRC 0.3521
  Epoch 0, Loss 1.0590, Val AUROC 0.5296 AUPRC 0.2537 | Test AUROC 0.5087 AUPRC 0.2171
  Epoch 1, Loss 0.6910, Val AUROC 0.5592 AUPRC 0.2684 | Test AUROC 0.5153 AUPRC 0.2153
  Epoch 2, Loss 0.7427, Val AUROC 0.6265 AUPRC 0.3078 | Test AUROC 0.5875 AUPRC 0.2545
  Epoch 3, Loss 0.7319, Val AUROC 0.6560 AUPRC 0.3295 | Test AUROC 0.6502 AUPRC 0.3005
  Epoch 4, Loss 0.6894, Val AUROC 0.6586 AUPRC 0.3332 | Test AUROC 0.6707 AUPRC 0.3210
  Epoch 5, Loss 0.6659, Val AUROC 0.6609 AUPRC 0.3334 | Test AUROC 0.6761 AUPRC 0.3310
  Epoch 6, Loss 0.6635, Val AUROC 0.6621 AUPRC 0.3348 | Test AUROC 0.6779 AUPRC 0.3338
  Epoch 7, Loss 0.6718, Val AUROC 0.6630 AUPRC 0.3371 | Test AUROC 0.6787 AUPRC 0.3344
  Epoch 8, Loss 0.6735, Val AUROC 0.6618 AUPRC 0.3384 | Test AUROC 0.6784 AUPRC 0.3312
  Epoch 9, Loss 0.6662, Val AUROC 0.6612 AUPRC 0.3430 | Test AUROC 0.6795 AUPRC 0.3284
  Epoch 12, Loss 0.6456, Val AUROC 0.6705 AUPRC 0.3484 | Test AUROC 0.6900 AUPRC 0.3304
  Epoch 13, Loss 0.6431, Val AUROC 0.6774 AUPRC 0.3552 | Test AUROC 0.6966 AUPRC 0.3374
  Epoch 14, Loss 0.6355, Val AUROC 0.6833 AUPRC 0.3584 | Test AUROC 0.7017 AUPRC 0.3422
  Epoch 15, Loss 0.6269, Val AUROC 0.6883 AUPRC 0.3626 | Test AUROC 0.7052 AUPRC 0.3459
  Epoch 16, Loss 0.6233, Val AUROC 0.6916 AUPRC 0.3644 | Test AUROC 0.7076 AUPRC 0.3485
  Epoch 17, Loss 0.6229, Val AUROC 0.6947 AUPRC 0.3653 | Test AUROC 0.7100 AUPRC 0.3482
  Epoch 18, Loss 0.6179, Val AUROC 0.6972 AUPRC 0.3673 | Test AUROC 0.7127 AUPRC 0.3480
  Epoch 19, Loss 0.6107, Val AUROC 0.6992 AUPRC 0.3704 | Test AUROC 0.7153 AUPRC 0.3496
  Epoch 20, Loss 0.6085, Val AUROC 0.7016 AUPRC 0.3731 | Test AUROC 0.7177 AUPRC 0.3501
  Epoch 21, Loss 0.6073, Val AUROC 0.7052 AUPRC 0.3792 | Test AUROC 0.7204 AUPRC 0.3516
  Epoch 22, Loss 0.6011, Val AUROC 0.7094 AUPRC 0.3871 | Test AUROC 0.7233 AUPRC 0.3536
  Epoch 23, Loss 0.5964, Val AUROC 0.7133 AUPRC 0.3986 | Test AUROC 0.7257 AUPRC 0.3546
  Epoch 24, Loss 0.5952, Val AUROC 0.7157 AUPRC 0.4061 | Test AUROC 0.7277 AUPRC 0.3554
  Epoch 27, Loss 0.5845, Val AUROC 0.7195 AUPRC 0.4067 | Test AUROC 0.7323 AUPRC 0.3576
  Epoch 28, Loss 0.5798, Val AUROC 0.7212 AUPRC 0.4093 | Test AUROC 0.7355 AUPRC 0.3598
  Epoch 29, Loss 0.5770, Val AUROC 0.7221 AUPRC 0.4098 | Test AUROC 0.7374 AUPRC 0.3619
  Epoch 30, Loss 0.5762, Val AUROC 0.7228 AUPRC 0.4100 | Test AUROC 0.7379 AUPRC 0.3628
  Epoch 33, Loss 0.5680, Val AUROC 0.7251 AUPRC 0.4103 | Test AUROC 0.7423 AUPRC 0.3693
  Epoch 46, Loss 0.5427, Val AUROC 0.7313 AUPRC 0.4119 | Test AUROC 0.7542 AUPRC 0.3920
  Epoch 47, Loss 0.5414, Val AUROC 0.7312 AUPRC 0.4130 | Test AUROC 0.7545 AUPRC 0.3912
  Epoch 48, Loss 0.5394, Val AUROC 0.7323 AUPRC 0.4158 | Test AUROC 0.7547 AUPRC 0.3919
  Epoch 49, Loss 0.5376, Val AUROC 0.7338 AUPRC 0.4175 | Test AUROC 0.7549 AUPRC 0.3943
  Epoch 51, Loss 0.5343, Val AUROC 0.7341 AUPRC 0.4189 | Test AUROC 0.7549 AUPRC 0.3952
  Epoch 52, Loss 0.5322, Val AUROC 0.7345 AUPRC 0.4205 | Test AUROC 0.7548 AUPRC 0.3963
  Epoch 54, Loss 0.5300, Val AUROC 0.7354 AUPRC 0.4220 | Test AUROC 0.7530 AUPRC 0.3961
  Epoch 56, Loss 0.5287, Val AUROC 0.7363 AUPRC 0.4235 | Test AUROC 0.7516 AUPRC 0.3952
  Epoch 59, Loss 0.5212, Val AUROC 0.7381 AUPRC 0.4252 | Test AUROC 0.7516 AUPRC 0.3944
  Epoch 61, Loss 0.5212, Val AUROC 0.7390 AUPRC 0.4264 | Test AUROC 0.7509 AUPRC 0.3936
  Epoch 68, Loss 0.5078, Val AUROC 0.7404 AUPRC 0.4264 | Test AUROC 0.7481 AUPRC 0.3914
  Epoch 70, Loss 0.5044, Val AUROC 0.7405 AUPRC 0.4275 | Test AUROC 0.7471 AUPRC 0.3908
  Epoch 72, Loss 0.4997, Val AUROC 0.7408 AUPRC 0.4277 | Test AUROC 0.7474 AUPRC 0.3909
  Epoch 88, Loss 0.4838, Val AUROC 0.7392 AUPRC 0.4282 | Test AUROC 0.7424 AUPRC 0.3865
tensor([[0.0000, 0.0000, 0.3333,  ..., 0.5807, 1.0000, 0.9881],
        [0.7000, 0.1517, 0.0759,  ..., 0.6235, 0.9993, 0.9776],
        [0.1176, 0.0000, 0.0000,  ..., 0.5868, 1.0000, 0.9883],
        ...,
        [0.5473, 0.4392, 0.0135,  ..., 0.7628, 1.0000, 0.8220],
        [0.9880, 0.0000, 0.0120,  ..., 0.8195, 1.0000, 0.8074],
        [0.9000, 0.0000, 0.1000,  ..., 0.5889, 1.0000, 0.6167]],
       device='cuda:0')
tensor([[0.8070, 0.0322, 0.0221,  ..., 1.0000, 1.0000, 1.0000],
        [0.0000, 0.0000, 0.0000,  ..., 0.0000, 1.0000, 1.0000],
        [0.0000, 0.0000, 0.2000,  ..., 0.0000, 1.0000, 1.0000],
        ...,
        [0.0784, 0.0000, 0.0000,  ..., 0.8407, 0.9986, 0.8435],
        [0.9828, 0.0000, 0.0172,  ..., 0.7935, 0.9991, 0.8339],
        [0.4715, 0.0000, 0.0366,  ..., 0.8006, 0.9991, 0.8334]],
       device='cuda:0')
/home/eirik/miniconda3/envs/GADBench/lib/python3.10/site-packages/xgboost/training.py:200: UserWarning: [17:14:32] WARNING: /__w/xgboost/xgboost/src/learner.cc:782: 
Parameters: { "drop_rate", "h_feats", "lr", "num_layers", "verbose" } are not used.

  bst.update(dtrain, iteration=i, fobj=obj)
/home/eirik/miniconda3/envs/GADBench/lib/python3.10/site-packages/xgboost/training.py:200: UserWarning: [17:14:32] WARNING: /__w/xgboost/xgboost/src/learner.cc:782: 
Parameters: { "verbose" } are not used.

  bst.update(dtrain, iteration=i, fobj=obj)

[tolokers | ff_b0.7_Minf | split 0 | seed 3407]
  forest_fire: 15/15 subgraphs (n: min=500 med=500 max=500 | m: min=12063 med=19514 max=28761)
  Combined: N=7500 M=607806 train=2207 val=1106 unique_origs=3313
  Epoch 0, Loss 0.6976, Val AUROC 0.5548 AUPRC 0.2589 | Test AUROC 0.5058 AUPRC 0.2248
  Epoch 2, Loss 0.6850, Val AUROC 0.5674 AUPRC 0.2616 | Test AUROC 0.5185 AUPRC 0.2300
  Epoch 3, Loss 0.6804, Val AUROC 0.6048 AUPRC 0.3008 | Test AUROC 0.5623 AUPRC 0.2525
  Epoch 4, Loss 0.6743, Val AUROC 0.6454 AUPRC 0.3732 | Test AUROC 0.6494 AUPRC 0.3295
  Epoch 5, Loss 0.6678, Val AUROC 0.6514 AUPRC 0.3839 | Test AUROC 0.6714 AUPRC 0.3551
  Epoch 6, Loss 0.6623, Val AUROC 0.6528 AUPRC 0.3850 | Test AUROC 0.6748 AUPRC 0.3588
  Epoch 12, Loss 0.6307, Val AUROC 0.6625 AUPRC 0.3867 | Test AUROC 0.6776 AUPRC 0.3568
  Epoch 13, Loss 0.6288, Val AUROC 0.6652 AUPRC 0.3869 | Test AUROC 0.6745 AUPRC 0.3528
  Epoch 15, Loss 0.6250, Val AUROC 0.6717 AUPRC 0.3908 | Test AUROC 0.6683 AUPRC 0.3458
  Epoch 16, Loss 0.6221, Val AUROC 0.6791 AUPRC 0.3956 | Test AUROC 0.6734 AUPRC 0.3491
  Epoch 17, Loss 0.6189, Val AUROC 0.6859 AUPRC 0.3986 | Test AUROC 0.6724 AUPRC 0.3470
  Epoch 18, Loss 0.6159, Val AUROC 0.6904 AUPRC 0.3987 | Test AUROC 0.6633 AUPRC 0.3385
  Epoch 19, Loss 0.6143, Val AUROC 0.6926 AUPRC 0.4012 | Test AUROC 0.6733 AUPRC 0.3459
  Epoch 0, Loss 0.7279, Val AUROC 0.3985 AUPRC 0.2053 | Test AUROC 0.3661 AUPRC 0.1668
  Epoch 1, Loss 0.7267, Val AUROC 0.4605 AUPRC 0.2426 | Test AUROC 0.4436 AUPRC 0.1950
  Epoch 2, Loss 0.7025, Val AUROC 0.6328 AUPRC 0.3133 | Test AUROC 0.6672 AUPRC 0.3024
  Epoch 3, Loss 0.6847, Val AUROC 0.6583 AUPRC 0.3152 | Test AUROC 0.6975 AUPRC 0.3232
  Epoch 15, Loss 0.6222, Val AUROC 0.6622 AUPRC 0.3153 | Test AUROC 0.7159 AUPRC 0.3478
  Epoch 16, Loss 0.6188, Val AUROC 0.6665 AUPRC 0.3193 | Test AUROC 0.7192 AUPRC 0.3499
  Epoch 17, Loss 0.6166, Val AUROC 0.6700 AUPRC 0.3230 | Test AUROC 0.7223 AUPRC 0.3525
  Epoch 18, Loss 0.6141, Val AUROC 0.6733 AUPRC 0.3261 | Test AUROC 0.7246 AUPRC 0.3553
  Epoch 19, Loss 0.6133, Val AUROC 0.6757 AUPRC 0.3285 | Test AUROC 0.7267 AUPRC 0.3589
  Epoch 20, Loss 0.6114, Val AUROC 0.6783 AUPRC 0.3339 | Test AUROC 0.7284 AUPRC 0.3612
  Epoch 21, Loss 0.6105, Val AUROC 0.6806 AUPRC 0.3358 | Test AUROC 0.7296 AUPRC 0.3629
  Epoch 22, Loss 0.6091, Val AUROC 0.6826 AUPRC 0.3378 | Test AUROC 0.7305 AUPRC 0.3652
  Epoch 23, Loss 0.6084, Val AUROC 0.6845 AUPRC 0.3397 | Test AUROC 0.7311 AUPRC 0.3668
  Epoch 24, Loss 0.6073, Val AUROC 0.6857 AUPRC 0.3410 | Test AUROC 0.7316 AUPRC 0.3677
  Epoch 25, Loss 0.6068, Val AUROC 0.6864 AUPRC 0.3415 | Test AUROC 0.7319 AUPRC 0.3674
  Epoch 26, Loss 0.6058, Val AUROC 0.6869 AUPRC 0.3415 | Test AUROC 0.7322 AUPRC 0.3682
  Epoch 42, Loss 0.5921, Val AUROC 0.6874 AUPRC 0.3420 | Test AUROC 0.7324 AUPRC 0.3712
  Epoch 43, Loss 0.5914, Val AUROC 0.6875 AUPRC 0.3426 | Test AUROC 0.7321 AUPRC 0.3711
  Epoch 44, Loss 0.5908, Val AUROC 0.6874 AUPRC 0.3427 | Test AUROC 0.7317 AUPRC 0.3708
  Epoch 45, Loss 0.5901, Val AUROC 0.6873 AUPRC 0.3429 | Test AUROC 0.7315 AUPRC 0.3708
  Epoch 46, Loss 0.5894, Val AUROC 0.6874 AUPRC 0.3432 | Test AUROC 0.7313 AUPRC 0.3706
  Epoch 47, Loss 0.5888, Val AUROC 0.6875 AUPRC 0.3437 | Test AUROC 0.7312 AUPRC 0.3710
  Epoch 48, Loss 0.5882, Val AUROC 0.6881 AUPRC 0.3448 | Test AUROC 0.7311 AUPRC 0.3713
  Epoch 49, Loss 0.5875, Val AUROC 0.6888 AUPRC 0.3455 | Test AUROC 0.7309 AUPRC 0.3718
  Epoch 50, Loss 0.5869, Val AUROC 0.6897 AUPRC 0.3458 | Test AUROC 0.7309 AUPRC 0.3723
  Epoch 51, Loss 0.5862, Val AUROC 0.6909 AUPRC 0.3470 | Test AUROC 0.7307 AUPRC 0.3730
  Epoch 52, Loss 0.5856, Val AUROC 0.6922 AUPRC 0.3484 | Test AUROC 0.7306 AUPRC 0.3734
  Epoch 53, Loss 0.5851, Val AUROC 0.6935 AUPRC 0.3499 | Test AUROC 0.7304 AUPRC 0.3743
  Epoch 54, Loss 0.5846, Val AUROC 0.6941 AUPRC 0.3507 | Test AUROC 0.7303 AUPRC 0.3748
  Epoch 55, Loss 0.5842, Val AUROC 0.6947 AUPRC 0.3516 | Test AUROC 0.7301 AUPRC 0.3749
  Epoch 56, Loss 0.5838, Val AUROC 0.6950 AUPRC 0.3526 | Test AUROC 0.7298 AUPRC 0.3749
  Epoch 57, Loss 0.5833, Val AUROC 0.6950 AUPRC 0.3527 | Test AUROC 0.7295 AUPRC 0.3743
  Epoch 58, Loss 0.5827, Val AUROC 0.6948 AUPRC 0.3530 | Test AUROC 0.7291 AUPRC 0.3742
  Epoch 59, Loss 0.5821, Val AUROC 0.6945 AUPRC 0.3531 | Test AUROC 0.7288 AUPRC 0.3739
  Epoch 60, Loss 0.5815, Val AUROC 0.6947 AUPRC 0.3535 | Test AUROC 0.7285 AUPRC 0.3736
  Epoch 61, Loss 0.5809, Val AUROC 0.6945 AUPRC 0.3537 | Test AUROC 0.7281 AUPRC 0.3733
  Epoch 64, Loss 0.5795, Val AUROC 0.6954 AUPRC 0.3537 | Test AUROC 0.7274 AUPRC 0.3734
  Epoch 65, Loss 0.5790, Val AUROC 0.6958 AUPRC 0.3542 | Test AUROC 0.7272 AUPRC 0.3745
  Epoch 66, Loss 0.5786, Val AUROC 0.6961 AUPRC 0.3547 | Test AUROC 0.7269 AUPRC 0.3748
  Epoch 67, Loss 0.5782, Val AUROC 0.6964 AUPRC 0.3557 | Test AUROC 0.7267 AUPRC 0.3755
  Epoch 68, Loss 0.5779, Val AUROC 0.6966 AUPRC 0.3558 | Test AUROC 0.7265 AUPRC 0.3754
  Epoch 69, Loss 0.5779, Val AUROC 0.6967 AUPRC 0.3568 | Test AUROC 0.7263 AUPRC 0.3748
  Epoch 71, Loss 0.5805, Val AUROC 0.6971 AUPRC 0.3578 | Test AUROC 0.7258 AUPRC 0.3739
  Epoch 72, Loss 0.5803, Val AUROC 0.6974 AUPRC 0.3582 | Test AUROC 0.7258 AUPRC 0.3742
  Epoch 73, Loss 0.5763, Val AUROC 0.6977 AUPRC 0.3592 | Test AUROC 0.7257 AUPRC 0.3740
  Epoch 74, Loss 0.5773, Val AUROC 0.6984 AUPRC 0.3599 | Test AUROC 0.7253 AUPRC 0.3731
  Epoch 75, Loss 0.5785, Val AUROC 0.6987 AUPRC 0.3601 | Test AUROC 0.7254 AUPRC 0.3740
  Epoch 77, Loss 0.5767, Val AUROC 0.6997 AUPRC 0.3616 | Test AUROC 0.7250 AUPRC 0.3730
  Epoch 84, Loss 0.5735, Val AUROC 0.7015 AUPRC 0.3617 | Test AUROC 0.7248 AUPRC 0.3718
  Epoch 87, Loss 0.5730, Val AUROC 0.7026 AUPRC 0.3620 | Test AUROC 0.7246 AUPRC 0.3716
  Epoch 88, Loss 0.5736, Val AUROC 0.7027 AUPRC 0.3625 | Test AUROC 0.7248 AUPRC 0.3713
  Epoch 89, Loss 0.5727, Val AUROC 0.7030 AUPRC 0.3632 | Test AUROC 0.7247 AUPRC 0.3713
  Epoch 90, Loss 0.5727, Val AUROC 0.7037 AUPRC 0.3634 | Test AUROC 0.7245 AUPRC 0.3699
  Epoch 91, Loss 0.5729, Val AUROC 0.7039 AUPRC 0.3637 | Test AUROC 0.7245 AUPRC 0.3699
  Epoch 92, Loss 0.5721, Val AUROC 0.7039 AUPRC 0.3638 | Test AUROC 0.7246 AUPRC 0.3696
  Epoch 93, Loss 0.5724, Val AUROC 0.7044 AUPRC 0.3645 | Test AUROC 0.7242 AUPRC 0.3687
  Epoch 96, Loss 0.5719, Val AUROC 0.7050 AUPRC 0.3646 | Test AUROC 0.7240 AUPRC 0.3674
  Epoch 112, Loss 0.5695, Val AUROC 0.7075 AUPRC 0.3649 | Test AUROC 0.7228 AUPRC 0.3628
  Epoch 113, Loss 0.5694, Val AUROC 0.7076 AUPRC 0.3650 | Test AUROC 0.7228 AUPRC 0.3625
  Epoch 114, Loss 0.5694, Val AUROC 0.7078 AUPRC 0.3651 | Test AUROC 0.7226 AUPRC 0.3619
  Epoch 115, Loss 0.5692, Val AUROC 0.7079 AUPRC 0.3654 | Test AUROC 0.7226 AUPRC 0.3615
  Epoch 117, Loss 0.5690, Val AUROC 0.7083 AUPRC 0.3661 | Test AUROC 0.7223 AUPRC 0.3609
  Epoch 119, Loss 0.5688, Val AUROC 0.7085 AUPRC 0.3663 | Test AUROC 0.7222 AUPRC 0.3607
  Epoch 120, Loss 0.5687, Val AUROC 0.7088 AUPRC 0.3667 | Test AUROC 0.7221 AUPRC 0.3601
  Epoch 121, Loss 0.5687, Val AUROC 0.7087 AUPRC 0.3667 | Test AUROC 0.7222 AUPRC 0.3602
  Epoch 122, Loss 0.5686, Val AUROC 0.7090 AUPRC 0.3668 | Test AUROC 0.7220 AUPRC 0.3599
  Epoch 123, Loss 0.5685, Val AUROC 0.7093 AUPRC 0.3673 | Test AUROC 0.7219 AUPRC 0.3595
  Epoch 124, Loss 0.5684, Val AUROC 0.7094 AUPRC 0.3674 | Test AUROC 0.7219 AUPRC 0.3595
  Epoch 125, Loss 0.5683, Val AUROC 0.7095 AUPRC 0.3677 | Test AUROC 0.7218 AUPRC 0.3591
  Epoch 127, Loss 0.5682, Val AUROC 0.7096 AUPRC 0.3681 | Test AUROC 0.7218 AUPRC 0.3589
  Epoch 128, Loss 0.5681, Val AUROC 0.7097 AUPRC 0.3683 | Test AUROC 0.7217 AUPRC 0.3588
  Epoch 130, Loss 0.5680, Val AUROC 0.7099 AUPRC 0.3686 | Test AUROC 0.7215 AUPRC 0.3585
  Epoch 131, Loss 0.5679, Val AUROC 0.7100 AUPRC 0.3687 | Test AUROC 0.7214 AUPRC 0.3582
  Epoch 165, Loss 0.5680, Val AUROC 0.7103 AUPRC 0.3689 | Test AUROC 0.7194 AUPRC 0.3542
  Epoch 177, Loss 0.5664, Val AUROC 0.7105 AUPRC 0.3691 | Test AUROC 0.7198 AUPRC 0.3558
  Epoch 178, Loss 0.5660, Val AUROC 0.7105 AUPRC 0.3691 | Test AUROC 0.7200 AUPRC 0.3551
  Epoch 180, Loss 0.5656, Val AUROC 0.7105 AUPRC 0.3693 | Test AUROC 0.7195 AUPRC 0.3555
  Epoch 182, Loss 0.5659, Val AUROC 0.7104 AUPRC 0.3693 | Test AUROC 0.7195 AUPRC 0.3554
  Epoch 185, Loss 0.5653, Val AUROC 0.7105 AUPRC 0.3695 | Test AUROC 0.7196 AUPRC 0.3559
  Epoch 187, Loss 0.5656, Val AUROC 0.7108 AUPRC 0.3701 | Test AUROC 0.7195 AUPRC 0.3560
  Epoch 192, Loss 0.5652, Val AUROC 0.7109 AUPRC 0.3709 | Test AUROC 0.7191 AUPRC 0.3554
  Epoch 0, Loss 1.1000, Val AUROC 0.5904 AUPRC 0.2933 | Test AUROC 0.5065 AUPRC 0.2148
  Epoch 2, Loss 0.7414, Val AUROC 0.6423 AUPRC 0.3199 | Test AUROC 0.5911 AUPRC 0.2545
  Epoch 3, Loss 0.7272, Val AUROC 0.6681 AUPRC 0.3380 | Test AUROC 0.6564 AUPRC 0.3068
  Epoch 5, Loss 0.6578, Val AUROC 0.6763 AUPRC 0.3472 | Test AUROC 0.6801 AUPRC 0.3377
  Epoch 6, Loss 0.6606, Val AUROC 0.6779 AUPRC 0.3504 | Test AUROC 0.6763 AUPRC 0.3359
  Epoch 7, Loss 0.6685, Val AUROC 0.6780 AUPRC 0.3521 | Test AUROC 0.6761 AUPRC 0.3324
  Epoch 31, Loss 0.5843, Val AUROC 0.6993 AUPRC 0.3539 | Test AUROC 0.7282 AUPRC 0.3550
  Epoch 32, Loss 0.5822, Val AUROC 0.7032 AUPRC 0.3606 | Test AUROC 0.7296 AUPRC 0.3580
  Epoch 33, Loss 0.5797, Val AUROC 0.7066 AUPRC 0.3653 | Test AUROC 0.7316 AUPRC 0.3616
  Epoch 34, Loss 0.5775, Val AUROC 0.7093 AUPRC 0.3678 | Test AUROC 0.7343 AUPRC 0.3652
  Epoch 35, Loss 0.5755, Val AUROC 0.7121 AUPRC 0.3706 | Test AUROC 0.7358 AUPRC 0.3686
  Epoch 36, Loss 0.5731, Val AUROC 0.7147 AUPRC 0.3742 | Test AUROC 0.7367 AUPRC 0.3712
  Epoch 37, Loss 0.5714, Val AUROC 0.7170 AUPRC 0.3766 | Test AUROC 0.7387 AUPRC 0.3738
  Epoch 38, Loss 0.5691, Val AUROC 0.7188 AUPRC 0.3791 | Test AUROC 0.7395 AUPRC 0.3763
  Epoch 39, Loss 0.5668, Val AUROC 0.7201 AUPRC 0.3806 | Test AUROC 0.7396 AUPRC 0.3779
  Epoch 40, Loss 0.5649, Val AUROC 0.7216 AUPRC 0.3809 | Test AUROC 0.7408 AUPRC 0.3800
  Epoch 41, Loss 0.5629, Val AUROC 0.7222 AUPRC 0.3819 | Test AUROC 0.7402 AUPRC 0.3802
  Epoch 44, Loss 0.5562, Val AUROC 0.7224 AUPRC 0.3824 | Test AUROC 0.7378 AUPRC 0.3790
  Epoch 45, Loss 0.5544, Val AUROC 0.7231 AUPRC 0.3834 | Test AUROC 0.7377 AUPRC 0.3791
  Epoch 46, Loss 0.5529, Val AUROC 0.7244 AUPRC 0.3859 | Test AUROC 0.7354 AUPRC 0.3777
  Epoch 47, Loss 0.5515, Val AUROC 0.7259 AUPRC 0.3867 | Test AUROC 0.7366 AUPRC 0.3789
  Epoch 48, Loss 0.5500, Val AUROC 0.7276 AUPRC 0.3909 | Test AUROC 0.7346 AUPRC 0.3786
  Epoch 49, Loss 0.5483, Val AUROC 0.7290 AUPRC 0.3918 | Test AUROC 0.7360 AUPRC 0.3807
  Epoch 50, Loss 0.5457, Val AUROC 0.7309 AUPRC 0.3948 | Test AUROC 0.7352 AUPRC 0.3819
  Epoch 51, Loss 0.5432, Val AUROC 0.7319 AUPRC 0.3950 | Test AUROC 0.7357 AUPRC 0.3835
  Epoch 52, Loss 0.5411, Val AUROC 0.7333 AUPRC 0.3960 | Test AUROC 0.7364 AUPRC 0.3862
  Epoch 53, Loss 0.5395, Val AUROC 0.7350 AUPRC 0.3988 | Test AUROC 0.7352 AUPRC 0.3879
  Epoch 55, Loss 0.5400, Val AUROC 0.7379 AUPRC 0.4031 | Test AUROC 0.7331 AUPRC 0.3881
  Epoch 57, Loss 0.5412, Val AUROC 0.7390 AUPRC 0.4043 | Test AUROC 0.7342 AUPRC 0.3896
  Epoch 58, Loss 0.5325, Val AUROC 0.7396 AUPRC 0.4052 | Test AUROC 0.7342 AUPRC 0.3908
  Epoch 60, Loss 0.5352, Val AUROC 0.7409 AUPRC 0.4064 | Test AUROC 0.7345 AUPRC 0.3929
  Epoch 63, Loss 0.5298, Val AUROC 0.7429 AUPRC 0.4082 | Test AUROC 0.7346 AUPRC 0.3948
  Epoch 66, Loss 0.5240, Val AUROC 0.7440 AUPRC 0.4094 | Test AUROC 0.7333 AUPRC 0.3947
  Epoch 69, Loss 0.5184, Val AUROC 0.7438 AUPRC 0.4101 | Test AUROC 0.7315 AUPRC 0.3942
  Epoch 72, Loss 0.5131, Val AUROC 0.7440 AUPRC 0.4108 | Test AUROC 0.7315 AUPRC 0.3956
  Epoch 74, Loss 0.5134, Val AUROC 0.7446 AUPRC 0.4110 | Test AUROC 0.7330 AUPRC 0.3975
  Epoch 77, Loss 0.5086, Val AUROC 0.7456 AUPRC 0.4133 | Test AUROC 0.7305 AUPRC 0.3957
  Epoch 79, Loss 0.5064, Val AUROC 0.7454 AUPRC 0.4139 | Test AUROC 0.7302 AUPRC 0.3965
  Epoch 82, Loss 0.4998, Val AUROC 0.7446 AUPRC 0.4153 | Test AUROC 0.7292 AUPRC 0.3958
  Epoch 84, Loss 0.5041, Val AUROC 0.7459 AUPRC 0.4186 | Test AUROC 0.7283 AUPRC 0.3955
  Epoch 86, Loss 0.5094, Val AUROC 0.7462 AUPRC 0.4188 | Test AUROC 0.7303 AUPRC 0.3970
  Epoch 89, Loss 0.4970, Val AUROC 0.7463 AUPRC 0.4204 | Test AUROC 0.7296 AUPRC 0.3961
  Epoch 97, Loss 0.4862, Val AUROC 0.7457 AUPRC 0.4216 | Test AUROC 0.7301 AUPRC 0.3994
  Epoch 100, Loss 0.4779, Val AUROC 0.7446 AUPRC 0.4217 | Test AUROC 0.7305 AUPRC 0.3999
  Epoch 102, Loss 0.4804, Val AUROC 0.7442 AUPRC 0.4218 | Test AUROC 0.7303 AUPRC 0.4003
  Epoch 116, Loss 0.4617, Val AUROC 0.7410 AUPRC 0.4220 | Test AUROC 0.7280 AUPRC 0.4011
  Epoch 118, Loss 0.4867, Val AUROC 0.7416 AUPRC 0.4240 | Test AUROC 0.7260 AUPRC 0.3992
  Epoch 121, Loss 0.4572, Val AUROC 0.7424 AUPRC 0.4254 | Test AUROC 0.7268 AUPRC 0.3988
  Epoch 152, Loss 0.4184, Val AUROC 0.7306 AUPRC 0.4255 | Test AUROC 0.7225 AUPRC 0.3949
  Epoch 159, Loss 0.4021, Val AUROC 0.7313 AUPRC 0.4258 | Test AUROC 0.7198 AUPRC 0.3913
  Epoch 160, Loss 0.4017, Val AUROC 0.7319 AUPRC 0.4268 | Test AUROC 0.7180 AUPRC 0.3884
  Epoch 164, Loss 0.5138, Val AUROC 0.7350 AUPRC 0.4281 | Test AUROC 0.7137 AUPRC 0.3829
  Epoch 165, Loss 0.5260, Val AUROC 0.7345 AUPRC 0.4292 | Test AUROC 0.7185 AUPRC 0.3848
  Epoch 171, Loss 0.4302, Val AUROC 0.7371 AUPRC 0.4309 | Test AUROC 0.7152 AUPRC 0.3819
  Epoch 172, Loss 0.4448, Val AUROC 0.7395 AUPRC 0.4355 | Test AUROC 0.7176 AUPRC 0.3832
  Epoch 173, Loss 0.4326, Val AUROC 0.7383 AUPRC 0.4377 | Test AUROC 0.7227 AUPRC 0.3866
tensor([[0.0000, 0.0000, 0.3333,  ..., 0.5807, 1.0000, 0.9881],
        [0.7000, 0.1517, 0.0759,  ..., 0.6235, 0.9993, 0.9776],
        [0.1176, 0.0000, 0.0000,  ..., 0.5868, 1.0000, 0.9883],
        ...,
        [0.7179, 0.0449, 0.0064,  ..., 0.4914, 0.9964, 0.9896],
        [0.8114, 0.0971, 0.0457,  ..., 0.4950, 0.9968, 0.9890],
        [0.4348, 0.1304, 0.0000,  ..., 0.4992, 0.9986, 0.9898]],
       device='cuda:0')
tensor([[0.8070, 0.0322, 0.0221,  ..., 1.0000, 1.0000, 1.0000],
        [0.0000, 0.0000, 0.0000,  ..., 0.0000, 1.0000, 1.0000],
        [0.0000, 0.0000, 0.2000,  ..., 0.0000, 1.0000, 1.0000],
        ...,
        [0.0784, 0.0000, 0.0000,  ..., 0.8407, 0.9986, 0.8435],
        [0.9828, 0.0000, 0.0172,  ..., 0.7935, 0.9991, 0.8339],
        [0.4715, 0.0000, 0.0366,  ..., 0.8006, 0.9991, 0.8334]],
       device='cuda:0')
/home/eirik/miniconda3/envs/GADBench/lib/python3.10/site-packages/xgboost/training.py:200: UserWarning: [17:15:10] WARNING: /__w/xgboost/xgboost/src/learner.cc:782: 
Parameters: { "drop_rate", "h_feats", "lr", "num_layers", "verbose" } are not used.

  bst.update(dtrain, iteration=i, fobj=obj)
/home/eirik/miniconda3/envs/GADBench/lib/python3.10/site-packages/xgboost/training.py:200: UserWarning: [17:15:10] WARNING: /__w/xgboost/xgboost/src/learner.cc:782: 
Parameters: { "verbose" } are not used.

  bst.update(dtrain, iteration=i, fobj=obj)

[tolokers | rwr_r0.1_M1 | split 0 | seed 3407]
  rwr: 12/15 subgraphs (n: min=2 med=500 max=500 | m: min=1 med=3046 max=10472)
  Combined: N=5164 M=90470 train=3396 val=1768 unique_origs=5164
  Epoch 0, Loss 0.6961, Val AUROC 0.5754 AUPRC 0.2883 | Test AUROC 0.5205 AUPRC 0.2324
  Epoch 1, Loss 0.6864, Val AUROC 0.5826 AUPRC 0.2938 | Test AUROC 0.5262 AUPRC 0.2326
  Epoch 2, Loss 0.6819, Val AUROC 0.6083 AUPRC 0.3163 | Test AUROC 0.5628 AUPRC 0.2496
  Epoch 3, Loss 0.6754, Val AUROC 0.6301 AUPRC 0.3546 | Test AUROC 0.6433 AUPRC 0.3199
  Epoch 4, Loss 0.6670, Val AUROC 0.6384 AUPRC 0.3676 | Test AUROC 0.6717 AUPRC 0.3573
  Epoch 5, Loss 0.6595, Val AUROC 0.6399 AUPRC 0.3680 | Test AUROC 0.6756 AUPRC 0.3625
  Epoch 14, Loss 0.6260, Val AUROC 0.6636 AUPRC 0.3697 | Test AUROC 0.6990 AUPRC 0.3744
  Epoch 15, Loss 0.6222, Val AUROC 0.6691 AUPRC 0.3707 | Test AUROC 0.7037 AUPRC 0.3770
  Epoch 16, Loss 0.6191, Val AUROC 0.6742 AUPRC 0.3714 | Test AUROC 0.7071 AUPRC 0.3786
  Epoch 17, Loss 0.6171, Val AUROC 0.6791 AUPRC 0.3726 | Test AUROC 0.7121 AUPRC 0.3810
  Epoch 18, Loss 0.6159, Val AUROC 0.6823 AUPRC 0.3733 | Test AUROC 0.7162 AUPRC 0.3827
  Epoch 24, Loss 0.6079, Val AUROC 0.6857 AUPRC 0.3747 | Test AUROC 0.7167 AUPRC 0.3820
  Epoch 25, Loss 0.6065, Val AUROC 0.6869 AUPRC 0.3772 | Test AUROC 0.7171 AUPRC 0.3818
  Epoch 26, Loss 0.6051, Val AUROC 0.6885 AUPRC 0.3794 | Test AUROC 0.7174 AUPRC 0.3821
  Epoch 27, Loss 0.6041, Val AUROC 0.6899 AUPRC 0.3806 | Test AUROC 0.7179 AUPRC 0.3814
  Epoch 28, Loss 0.6032, Val AUROC 0.6913 AUPRC 0.3818 | Test AUROC 0.7181 AUPRC 0.3813
  Epoch 29, Loss 0.6020, Val AUROC 0.6923 AUPRC 0.3825 | Test AUROC 0.7181 AUPRC 0.3815
  Epoch 30, Loss 0.6008, Val AUROC 0.6934 AUPRC 0.3832 | Test AUROC 0.7181 AUPRC 0.3813
  Epoch 31, Loss 0.5996, Val AUROC 0.6944 AUPRC 0.3837 | Test AUROC 0.7182 AUPRC 0.3824
  Epoch 32, Loss 0.5985, Val AUROC 0.6951 AUPRC 0.3839 | Test AUROC 0.7179 AUPRC 0.3821
  Epoch 33, Loss 0.5976, Val AUROC 0.6960 AUPRC 0.3851 | Test AUROC 0.7179 AUPRC 0.3824
  Epoch 34, Loss 0.5968, Val AUROC 0.6972 AUPRC 0.3865 | Test AUROC 0.7171 AUPRC 0.3815
  Epoch 35, Loss 0.5959, Val AUROC 0.6984 AUPRC 0.3885 | Test AUROC 0.7172 AUPRC 0.3817
  Epoch 36, Loss 0.5950, Val AUROC 0.6997 AUPRC 0.3907 | Test AUROC 0.7146 AUPRC 0.3797
  Epoch 37, Loss 0.5943, Val AUROC 0.7011 AUPRC 0.3935 | Test AUROC 0.7174 AUPRC 0.3823
  Epoch 39, Loss 0.5942, Val AUROC 0.7019 AUPRC 0.3955 | Test AUROC 0.7168 AUPRC 0.3823
  Epoch 40, Loss 0.5920, Val AUROC 0.7022 AUPRC 0.3957 | Test AUROC 0.7158 AUPRC 0.3813
  Epoch 42, Loss 0.5911, Val AUROC 0.7042 AUPRC 0.3976 | Test AUROC 0.7157 AUPRC 0.3812
  Epoch 43, Loss 0.5894, Val AUROC 0.7050 AUPRC 0.3979 | Test AUROC 0.7158 AUPRC 0.3810
  Epoch 48, Loss 0.5866, Val AUROC 0.7077 AUPRC 0.3985 | Test AUROC 0.7177 AUPRC 0.3822
  Epoch 49, Loss 0.5850, Val AUROC 0.7083 AUPRC 0.3996 | Test AUROC 0.7170 AUPRC 0.3821
  Epoch 50, Loss 0.5840, Val AUROC 0.7086 AUPRC 0.4009 | Test AUROC 0.7144 AUPRC 0.3803
  Epoch 51, Loss 0.5839, Val AUROC 0.7092 AUPRC 0.4022 | Test AUROC 0.7175 AUPRC 0.3831
  Epoch 52, Loss 0.5827, Val AUROC 0.7097 AUPRC 0.4031 | Test AUROC 0.7176 AUPRC 0.3832
  Epoch 53, Loss 0.5819, Val AUROC 0.7103 AUPRC 0.4043 | Test AUROC 0.7151 AUPRC 0.3820
  Epoch 54, Loss 0.5816, Val AUROC 0.7108 AUPRC 0.4064 | Test AUROC 0.7175 AUPRC 0.3835
  Epoch 55, Loss 0.5806, Val AUROC 0.7112 AUPRC 0.4072 | Test AUROC 0.7170 AUPRC 0.3831
  Epoch 56, Loss 0.5798, Val AUROC 0.7116 AUPRC 0.4078 | Test AUROC 0.7153 AUPRC 0.3817
  Epoch 57, Loss 0.5795, Val AUROC 0.7120 AUPRC 0.4087 | Test AUROC 0.7180 AUPRC 0.3840
  Epoch 58, Loss 0.5786, Val AUROC 0.7125 AUPRC 0.4092 | Test AUROC 0.7166 AUPRC 0.3827
  Epoch 59, Loss 0.5777, Val AUROC 0.7132 AUPRC 0.4109 | Test AUROC 0.7166 AUPRC 0.3826
  Epoch 60, Loss 0.5770, Val AUROC 0.7137 AUPRC 0.4111 | Test AUROC 0.7180 AUPRC 0.3841
  Epoch 61, Loss 0.5765, Val AUROC 0.7144 AUPRC 0.4126 | Test AUROC 0.7153 AUPRC 0.3813
  Epoch 62, Loss 0.5761, Val AUROC 0.7149 AUPRC 0.4137 | Test AUROC 0.7180 AUPRC 0.3841
  Epoch 63, Loss 0.5753, Val AUROC 0.7151 AUPRC 0.4145 | Test AUROC 0.7162 AUPRC 0.3821
  Epoch 64, Loss 0.5744, Val AUROC 0.7152 AUPRC 0.4153 | Test AUROC 0.7168 AUPRC 0.3826
  Epoch 65, Loss 0.5736, Val AUROC 0.7156 AUPRC 0.4160 | Test AUROC 0.7177 AUPRC 0.3837
  Epoch 66, Loss 0.5731, Val AUROC 0.7162 AUPRC 0.4173 | Test AUROC 0.7151 AUPRC 0.3814
  Epoch 67, Loss 0.5727, Val AUROC 0.7164 AUPRC 0.4173 | Test AUROC 0.7181 AUPRC 0.3837
  Epoch 68, Loss 0.5722, Val AUROC 0.7164 AUPRC 0.4179 | Test AUROC 0.7146 AUPRC 0.3806
  Epoch 70, Loss 0.5707, Val AUROC 0.7165 AUPRC 0.4191 | Test AUROC 0.7158 AUPRC 0.3818
  Epoch 71, Loss 0.5698, Val AUROC 0.7168 AUPRC 0.4197 | Test AUROC 0.7163 AUPRC 0.3820
  Epoch 72, Loss 0.5691, Val AUROC 0.7172 AUPRC 0.4198 | Test AUROC 0.7173 AUPRC 0.3825
  Epoch 73, Loss 0.5687, Val AUROC 0.7181 AUPRC 0.4204 | Test AUROC 0.7150 AUPRC 0.3800
  Epoch 75, Loss 0.5680, Val AUROC 0.7180 AUPRC 0.4210 | Test AUROC 0.7143 AUPRC 0.3795
  Epoch 76, Loss 0.5676, Val AUROC 0.7174 AUPRC 0.4219 | Test AUROC 0.7175 AUPRC 0.3825
  Epoch 77, Loss 0.5668, Val AUROC 0.7183 AUPRC 0.4221 | Test AUROC 0.7146 AUPRC 0.3794
  Epoch 79, Loss 0.5651, Val AUROC 0.7186 AUPRC 0.4221 | Test AUROC 0.7162 AUPRC 0.3811
  Epoch 80, Loss 0.5645, Val AUROC 0.7191 AUPRC 0.4231 | Test AUROC 0.7148 AUPRC 0.3789
  Epoch 82, Loss 0.5643, Val AUROC 0.7195 AUPRC 0.4238 | Test AUROC 0.7132 AUPRC 0.3769
  Epoch 84, Loss 0.5640, Val AUROC 0.7196 AUPRC 0.4256 | Test AUROC 0.7134 AUPRC 0.3769
  Epoch 87, Loss 0.5613, Val AUROC 0.7197 AUPRC 0.4272 | Test AUROC 0.7135 AUPRC 0.3764
  Epoch 89, Loss 0.5612, Val AUROC 0.7201 AUPRC 0.4281 | Test AUROC 0.7141 AUPRC 0.3765
  Epoch 92, Loss 0.5588, Val AUROC 0.7201 AUPRC 0.4289 | Test AUROC 0.7142 AUPRC 0.3760
  Epoch 94, Loss 0.5592, Val AUROC 0.7203 AUPRC 0.4300 | Test AUROC 0.7135 AUPRC 0.3746
  Epoch 97, Loss 0.5566, Val AUROC 0.7206 AUPRC 0.4303 | Test AUROC 0.7148 AUPRC 0.3760
  Epoch 98, Loss 0.5562, Val AUROC 0.7202 AUPRC 0.4303 | Test AUROC 0.7162 AUPRC 0.3777
  Epoch 99, Loss 0.5562, Val AUROC 0.7206 AUPRC 0.4310 | Test AUROC 0.7139 AUPRC 0.3744
  Epoch 101, Loss 0.5557, Val AUROC 0.7201 AUPRC 0.4312 | Test AUROC 0.7140 AUPRC 0.3746
  Epoch 102, Loss 0.5550, Val AUROC 0.7200 AUPRC 0.4313 | Test AUROC 0.7149 AUPRC 0.3758
  Epoch 103, Loss 0.5543, Val AUROC 0.7202 AUPRC 0.4315 | Test AUROC 0.7150 AUPRC 0.3760
  Epoch 104, Loss 0.5540, Val AUROC 0.7209 AUPRC 0.4320 | Test AUROC 0.7133 AUPRC 0.3729
  Epoch 113, Loss 0.5528, Val AUROC 0.7202 AUPRC 0.4320 | Test AUROC 0.7125 AUPRC 0.3703
  Epoch 114, Loss 0.5521, Val AUROC 0.7198 AUPRC 0.4323 | Test AUROC 0.7140 AUPRC 0.3725
  Epoch 115, Loss 0.5509, Val AUROC 0.7204 AUPRC 0.4330 | Test AUROC 0.7140 AUPRC 0.3728
  Epoch 116, Loss 0.5504, Val AUROC 0.7216 AUPRC 0.4335 | Test AUROC 0.7131 AUPRC 0.3712
  Epoch 118, Loss 0.5511, Val AUROC 0.7216 AUPRC 0.4339 | Test AUROC 0.7125 AUPRC 0.3697
  Epoch 125, Loss 0.5491, Val AUROC 0.7213 AUPRC 0.4343 | Test AUROC 0.7120 AUPRC 0.3685
  Epoch 126, Loss 0.5483, Val AUROC 0.7210 AUPRC 0.4344 | Test AUROC 0.7126 AUPRC 0.3693
  Epoch 130, Loss 0.5477, Val AUROC 0.7218 AUPRC 0.4345 | Test AUROC 0.7115 AUPRC 0.3675
  Epoch 132, Loss 0.5468, Val AUROC 0.7216 AUPRC 0.4349 | Test AUROC 0.7119 AUPRC 0.3675
  Epoch 133, Loss 0.5463, Val AUROC 0.7220 AUPRC 0.4350 | Test AUROC 0.7114 AUPRC 0.3665
  Epoch 137, Loss 0.5469, Val AUROC 0.7224 AUPRC 0.4354 | Test AUROC 0.7105 AUPRC 0.3653
  Epoch 139, Loss 0.5455, Val AUROC 0.7225 AUPRC 0.4359 | Test AUROC 0.7113 AUPRC 0.3666
  Epoch 140, Loss 0.5448, Val AUROC 0.7227 AUPRC 0.4365 | Test AUROC 0.7110 AUPRC 0.3666
  Epoch 142, Loss 0.5450, Val AUROC 0.7232 AUPRC 0.4369 | Test AUROC 0.7100 AUPRC 0.3643
  Epoch 147, Loss 0.5435, Val AUROC 0.7239 AUPRC 0.4373 | Test AUROC 0.7100 AUPRC 0.3641
  Epoch 151, Loss 0.5441, Val AUROC 0.7242 AUPRC 0.4374 | Test AUROC 0.7095 AUPRC 0.3624
  Epoch 163, Loss 0.5416, Val AUROC 0.7244 AUPRC 0.4376 | Test AUROC 0.7086 AUPRC 0.3627
  Epoch 171, Loss 0.5397, Val AUROC 0.7247 AUPRC 0.4376 | Test AUROC 0.7084 AUPRC 0.3639
  Epoch 0, Loss 0.7371, Val AUROC 0.3878 AUPRC 0.2064 | Test AUROC 0.3745 AUPRC 0.1694
  Epoch 1, Loss 0.7239, Val AUROC 0.4788 AUPRC 0.2524 | Test AUROC 0.5095 AUPRC 0.2217
  Epoch 2, Loss 0.7004, Val AUROC 0.6334 AUPRC 0.3187 | Test AUROC 0.6941 AUPRC 0.3242
  Epoch 3, Loss 0.6796, Val AUROC 0.6420 AUPRC 0.3282 | Test AUROC 0.7007 AUPRC 0.3305
  Epoch 4, Loss 0.6678, Val AUROC 0.6411 AUPRC 0.3323 | Test AUROC 0.7005 AUPRC 0.3337
  Epoch 5, Loss 0.6560, Val AUROC 0.6413 AUPRC 0.3369 | Test AUROC 0.6998 AUPRC 0.3368
  Epoch 12, Loss 0.6228, Val AUROC 0.6578 AUPRC 0.3377 | Test AUROC 0.7127 AUPRC 0.3509
  Epoch 13, Loss 0.6217, Val AUROC 0.6616 AUPRC 0.3383 | Test AUROC 0.7168 AUPRC 0.3530
  Epoch 14, Loss 0.6179, Val AUROC 0.6652 AUPRC 0.3387 | Test AUROC 0.7212 AUPRC 0.3556
  Epoch 15, Loss 0.6150, Val AUROC 0.6692 AUPRC 0.3401 | Test AUROC 0.7257 AUPRC 0.3585
  Epoch 16, Loss 0.6134, Val AUROC 0.6729 AUPRC 0.3420 | Test AUROC 0.7299 AUPRC 0.3618
  Epoch 17, Loss 0.6114, Val AUROC 0.6757 AUPRC 0.3426 | Test AUROC 0.7327 AUPRC 0.3645
  Epoch 18, Loss 0.6116, Val AUROC 0.6779 AUPRC 0.3435 | Test AUROC 0.7345 AUPRC 0.3667
  Epoch 19, Loss 0.6110, Val AUROC 0.6797 AUPRC 0.3443 | Test AUROC 0.7356 AUPRC 0.3678
  Epoch 20, Loss 0.6115, Val AUROC 0.6803 AUPRC 0.3447 | Test AUROC 0.7361 AUPRC 0.3686
  Epoch 21, Loss 0.6105, Val AUROC 0.6807 AUPRC 0.3453 | Test AUROC 0.7363 AUPRC 0.3689
  Epoch 22, Loss 0.6100, Val AUROC 0.6807 AUPRC 0.3455 | Test AUROC 0.7366 AUPRC 0.3689
  Epoch 23, Loss 0.6087, Val AUROC 0.6808 AUPRC 0.3460 | Test AUROC 0.7363 AUPRC 0.3680
  Epoch 24, Loss 0.6083, Val AUROC 0.6808 AUPRC 0.3466 | Test AUROC 0.7358 AUPRC 0.3672
  Epoch 25, Loss 0.6077, Val AUROC 0.6809 AUPRC 0.3478 | Test AUROC 0.7355 AUPRC 0.3672
  Epoch 26, Loss 0.6077, Val AUROC 0.6812 AUPRC 0.3485 | Test AUROC 0.7352 AUPRC 0.3669
  Epoch 27, Loss 0.6074, Val AUROC 0.6817 AUPRC 0.3490 | Test AUROC 0.7351 AUPRC 0.3664
  Epoch 28, Loss 0.6070, Val AUROC 0.6826 AUPRC 0.3500 | Test AUROC 0.7353 AUPRC 0.3667
  Epoch 29, Loss 0.6063, Val AUROC 0.6839 AUPRC 0.3516 | Test AUROC 0.7358 AUPRC 0.3674
  Epoch 30, Loss 0.6053, Val AUROC 0.6854 AUPRC 0.3531 | Test AUROC 0.7364 AUPRC 0.3682
  Epoch 31, Loss 0.6044, Val AUROC 0.6868 AUPRC 0.3538 | Test AUROC 0.7369 AUPRC 0.3685
  Epoch 32, Loss 0.6035, Val AUROC 0.6883 AUPRC 0.3554 | Test AUROC 0.7375 AUPRC 0.3691
  Epoch 33, Loss 0.6030, Val AUROC 0.6897 AUPRC 0.3572 | Test AUROC 0.7379 AUPRC 0.3700
  Epoch 34, Loss 0.6025, Val AUROC 0.6903 AUPRC 0.3578 | Test AUROC 0.7380 AUPRC 0.3705
  Epoch 35, Loss 0.6020, Val AUROC 0.6904 AUPRC 0.3582 | Test AUROC 0.7379 AUPRC 0.3701
  Epoch 36, Loss 0.6012, Val AUROC 0.6904 AUPRC 0.3586 | Test AUROC 0.7376 AUPRC 0.3696
  Epoch 37, Loss 0.6003, Val AUROC 0.6901 AUPRC 0.3589 | Test AUROC 0.7370 AUPRC 0.3689
  Epoch 38, Loss 0.5994, Val AUROC 0.6899 AUPRC 0.3590 | Test AUROC 0.7364 AUPRC 0.3678
  Epoch 39, Loss 0.5987, Val AUROC 0.6902 AUPRC 0.3592 | Test AUROC 0.7360 AUPRC 0.3672
  Epoch 40, Loss 0.5980, Val AUROC 0.6906 AUPRC 0.3595 | Test AUROC 0.7359 AUPRC 0.3669
  Epoch 41, Loss 0.5973, Val AUROC 0.6915 AUPRC 0.3606 | Test AUROC 0.7362 AUPRC 0.3667
  Epoch 42, Loss 0.5964, Val AUROC 0.6927 AUPRC 0.3618 | Test AUROC 0.7365 AUPRC 0.3669
  Epoch 43, Loss 0.5956, Val AUROC 0.6938 AUPRC 0.3625 | Test AUROC 0.7369 AUPRC 0.3670
  Epoch 44, Loss 0.5948, Val AUROC 0.6950 AUPRC 0.3639 | Test AUROC 0.7371 AUPRC 0.3674
  Epoch 45, Loss 0.5941, Val AUROC 0.6961 AUPRC 0.3653 | Test AUROC 0.7371 AUPRC 0.3672
  Epoch 46, Loss 0.5934, Val AUROC 0.6968 AUPRC 0.3661 | Test AUROC 0.7368 AUPRC 0.3668
  Epoch 47, Loss 0.5926, Val AUROC 0.6974 AUPRC 0.3670 | Test AUROC 0.7360 AUPRC 0.3652
  Epoch 48, Loss 0.5918, Val AUROC 0.6977 AUPRC 0.3685 | Test AUROC 0.7352 AUPRC 0.3639
  Epoch 49, Loss 0.5910, Val AUROC 0.6982 AUPRC 0.3697 | Test AUROC 0.7345 AUPRC 0.3622
  Epoch 50, Loss 0.5903, Val AUROC 0.6990 AUPRC 0.3713 | Test AUROC 0.7338 AUPRC 0.3605
  Epoch 51, Loss 0.5896, Val AUROC 0.7000 AUPRC 0.3732 | Test AUROC 0.7333 AUPRC 0.3587
  Epoch 52, Loss 0.5889, Val AUROC 0.7014 AUPRC 0.3755 | Test AUROC 0.7332 AUPRC 0.3581
  Epoch 53, Loss 0.5882, Val AUROC 0.7031 AUPRC 0.3788 | Test AUROC 0.7333 AUPRC 0.3577
  Epoch 54, Loss 0.5876, Val AUROC 0.7043 AUPRC 0.3800 | Test AUROC 0.7331 AUPRC 0.3569
  Epoch 55, Loss 0.5870, Val AUROC 0.7054 AUPRC 0.3811 | Test AUROC 0.7330 AUPRC 0.3561
  Epoch 56, Loss 0.5865, Val AUROC 0.7060 AUPRC 0.3819 | Test AUROC 0.7325 AUPRC 0.3550
  Epoch 58, Loss 0.5855, Val AUROC 0.7069 AUPRC 0.3832 | Test AUROC 0.7311 AUPRC 0.3523
  Epoch 59, Loss 0.5851, Val AUROC 0.7075 AUPRC 0.3844 | Test AUROC 0.7305 AUPRC 0.3507
  Epoch 60, Loss 0.5847, Val AUROC 0.7083 AUPRC 0.3851 | Test AUROC 0.7300 AUPRC 0.3496
  Epoch 61, Loss 0.5843, Val AUROC 0.7092 AUPRC 0.3866 | Test AUROC 0.7297 AUPRC 0.3488
  Epoch 62, Loss 0.5840, Val AUROC 0.7101 AUPRC 0.3879 | Test AUROC 0.7294 AUPRC 0.3479
  Epoch 63, Loss 0.5837, Val AUROC 0.7108 AUPRC 0.3896 | Test AUROC 0.7289 AUPRC 0.3469
  Epoch 64, Loss 0.5834, Val AUROC 0.7109 AUPRC 0.3903 | Test AUROC 0.7281 AUPRC 0.3458
  Epoch 65, Loss 0.5831, Val AUROC 0.7109 AUPRC 0.3908 | Test AUROC 0.7276 AUPRC 0.3448
  Epoch 66, Loss 0.5828, Val AUROC 0.7111 AUPRC 0.3915 | Test AUROC 0.7273 AUPRC 0.3441
  Epoch 68, Loss 0.5823, Val AUROC 0.7118 AUPRC 0.3923 | Test AUROC 0.7270 AUPRC 0.3433
  Epoch 69, Loss 0.5821, Val AUROC 0.7122 AUPRC 0.3935 | Test AUROC 0.7269 AUPRC 0.3427
  Epoch 71, Loss 0.5817, Val AUROC 0.7125 AUPRC 0.3942 | Test AUROC 0.7265 AUPRC 0.3422
  Epoch 72, Loss 0.5815, Val AUROC 0.7123 AUPRC 0.3945 | Test AUROC 0.7261 AUPRC 0.3419
  Epoch 73, Loss 0.5813, Val AUROC 0.7123 AUPRC 0.3947 | Test AUROC 0.7258 AUPRC 0.3417
  Epoch 74, Loss 0.5812, Val AUROC 0.7125 AUPRC 0.3949 | Test AUROC 0.7255 AUPRC 0.3411
  Epoch 75, Loss 0.5810, Val AUROC 0.7126 AUPRC 0.3956 | Test AUROC 0.7252 AUPRC 0.3408
  Epoch 76, Loss 0.5809, Val AUROC 0.7127 AUPRC 0.3966 | Test AUROC 0.7252 AUPRC 0.3406
  Epoch 82, Loss 0.5801, Val AUROC 0.7127 AUPRC 0.3971 | Test AUROC 0.7253 AUPRC 0.3402
  Epoch 0, Loss 0.9886, Val AUROC 0.5045 AUPRC 0.2639 | Test AUROC 0.5194 AUPRC 0.2238
  Epoch 1, Loss 0.6964, Val AUROC 0.5310 AUPRC 0.2735 | Test AUROC 0.5488 AUPRC 0.2289
  Epoch 2, Loss 0.7317, Val AUROC 0.5999 AUPRC 0.3272 | Test AUROC 0.6198 AUPRC 0.2723
  Epoch 3, Loss 0.7215, Val AUROC 0.6288 AUPRC 0.3528 | Test AUROC 0.6618 AUPRC 0.3079
  Epoch 4, Loss 0.6878, Val AUROC 0.6337 AUPRC 0.3579 | Test AUROC 0.6711 AUPRC 0.3197
  Epoch 16, Loss 0.6351, Val AUROC 0.6673 AUPRC 0.3595 | Test AUROC 0.7031 AUPRC 0.3461
  Epoch 17, Loss 0.6333, Val AUROC 0.6698 AUPRC 0.3607 | Test AUROC 0.7060 AUPRC 0.3451
  Epoch 18, Loss 0.6268, Val AUROC 0.6720 AUPRC 0.3628 | Test AUROC 0.7091 AUPRC 0.3454
  Epoch 19, Loss 0.6241, Val AUROC 0.6748 AUPRC 0.3658 | Test AUROC 0.7120 AUPRC 0.3465
  Epoch 20, Loss 0.6238, Val AUROC 0.6782 AUPRC 0.3698 | Test AUROC 0.7152 AUPRC 0.3499
  Epoch 21, Loss 0.6194, Val AUROC 0.6823 AUPRC 0.3766 | Test AUROC 0.7184 AUPRC 0.3555
  Epoch 22, Loss 0.6131, Val AUROC 0.6871 AUPRC 0.3860 | Test AUROC 0.7221 AUPRC 0.3610
  Epoch 23, Loss 0.6104, Val AUROC 0.6913 AUPRC 0.3917 | Test AUROC 0.7266 AUPRC 0.3659
  Epoch 24, Loss 0.6088, Val AUROC 0.6944 AUPRC 0.3959 | Test AUROC 0.7314 AUPRC 0.3694
  Epoch 29, Loss 0.5931, Val AUROC 0.7044 AUPRC 0.4017 | Test AUROC 0.7444 AUPRC 0.3838
  Epoch 30, Loss 0.5904, Val AUROC 0.7089 AUPRC 0.4116 | Test AUROC 0.7457 AUPRC 0.3881
  Epoch 31, Loss 0.5880, Val AUROC 0.7133 AUPRC 0.4190 | Test AUROC 0.7465 AUPRC 0.3917
  Epoch 32, Loss 0.5836, Val AUROC 0.7171 AUPRC 0.4204 | Test AUROC 0.7473 AUPRC 0.3937
  Epoch 33, Loss 0.5818, Val AUROC 0.7199 AUPRC 0.4235 | Test AUROC 0.7476 AUPRC 0.3960
  Epoch 34, Loss 0.5790, Val AUROC 0.7220 AUPRC 0.4280 | Test AUROC 0.7479 AUPRC 0.3980
  Epoch 35, Loss 0.5760, Val AUROC 0.7243 AUPRC 0.4301 | Test AUROC 0.7483 AUPRC 0.4008
  Epoch 36, Loss 0.5748, Val AUROC 0.7271 AUPRC 0.4323 | Test AUROC 0.7492 AUPRC 0.4021
  Epoch 37, Loss 0.5713, Val AUROC 0.7299 AUPRC 0.4347 | Test AUROC 0.7498 AUPRC 0.4029
  Epoch 38, Loss 0.5702, Val AUROC 0.7328 AUPRC 0.4378 | Test AUROC 0.7510 AUPRC 0.4053
  Epoch 39, Loss 0.5668, Val AUROC 0.7355 AUPRC 0.4400 | Test AUROC 0.7516 AUPRC 0.4078
  Epoch 40, Loss 0.5657, Val AUROC 0.7382 AUPRC 0.4416 | Test AUROC 0.7518 AUPRC 0.4081
  Epoch 41, Loss 0.5627, Val AUROC 0.7401 AUPRC 0.4427 | Test AUROC 0.7516 AUPRC 0.4081
  Epoch 42, Loss 0.5614, Val AUROC 0.7429 AUPRC 0.4450 | Test AUROC 0.7512 AUPRC 0.4112
  Epoch 43, Loss 0.5589, Val AUROC 0.7444 AUPRC 0.4462 | Test AUROC 0.7509 AUPRC 0.4127
  Epoch 45, Loss 0.5554, Val AUROC 0.7466 AUPRC 0.4471 | Test AUROC 0.7505 AUPRC 0.4165
  Epoch 46, Loss 0.5530, Val AUROC 0.7480 AUPRC 0.4487 | Test AUROC 0.7508 AUPRC 0.4212
  Epoch 48, Loss 0.5496, Val AUROC 0.7496 AUPRC 0.4488 | Test AUROC 0.7524 AUPRC 0.4297
  Epoch 49, Loss 0.5475, Val AUROC 0.7507 AUPRC 0.4520 | Test AUROC 0.7533 AUPRC 0.4334
  Epoch 51, Loss 0.5442, Val AUROC 0.7507 AUPRC 0.4563 | Test AUROC 0.7551 AUPRC 0.4374
  Epoch 52, Loss 0.5418, Val AUROC 0.7509 AUPRC 0.4575 | Test AUROC 0.7549 AUPRC 0.4372
  Epoch 53, Loss 0.5397, Val AUROC 0.7506 AUPRC 0.4578 | Test AUROC 0.7547 AUPRC 0.4372
  Epoch 54, Loss 0.5381, Val AUROC 0.7510 AUPRC 0.4610 | Test AUROC 0.7542 AUPRC 0.4369
  Epoch 56, Loss 0.5354, Val AUROC 0.7510 AUPRC 0.4619 | Test AUROC 0.7548 AUPRC 0.4371
  Epoch 58, Loss 0.5335, Val AUROC 0.7519 AUPRC 0.4629 | Test AUROC 0.7554 AUPRC 0.4374
  Epoch 63, Loss 0.5262, Val AUROC 0.7531 AUPRC 0.4633 | Test AUROC 0.7559 AUPRC 0.4355
  Epoch 65, Loss 0.5262, Val AUROC 0.7539 AUPRC 0.4638 | Test AUROC 0.7565 AUPRC 0.4357
  Epoch 68, Loss 0.5178, Val AUROC 0.7549 AUPRC 0.4648 | Test AUROC 0.7570 AUPRC 0.4364
  Epoch 70, Loss 0.5177, Val AUROC 0.7560 AUPRC 0.4668 | Test AUROC 0.7580 AUPRC 0.4372
  Epoch 71, Loss 0.5134, Val AUROC 0.7563 AUPRC 0.4668 | Test AUROC 0.7583 AUPRC 0.4375
  Epoch 73, Loss 0.5120, Val AUROC 0.7568 AUPRC 0.4673 | Test AUROC 0.7583 AUPRC 0.4383
  Epoch 75, Loss 0.5122, Val AUROC 0.7569 AUPRC 0.4685 | Test AUROC 0.7587 AUPRC 0.4394
  Epoch 80, Loss 0.5060, Val AUROC 0.7564 AUPRC 0.4690 | Test AUROC 0.7587 AUPRC 0.4403
tensor([[0.0000, 0.0000, 0.3333,  ..., 0.5404, 1.0000, 0.9910],
        [0.0000, 0.5000, 0.5000,  ..., 0.5538, 1.0000, 0.9910],
        [0.4221, 0.0000, 0.0195,  ..., 0.5336, 1.0000, 0.9853],
        ...,
        [0.9610, 0.0000, 0.0390,  ..., 0.5833, 1.0000, 1.0000],
        [0.7500, 0.0000, 0.2500,  ..., 0.5000, 1.0000, 0.5000],
        [0.9545, 0.0000, 0.0455,  ..., 0.5000, 1.0000, 0.5000]],
       device='cuda:0')
tensor([[0.8070, 0.0322, 0.0221,  ..., 1.0000, 1.0000, 1.0000],
        [0.0000, 0.0000, 0.0000,  ..., 0.0000, 1.0000, 1.0000],
        [0.0000, 0.0000, 0.2000,  ..., 0.0000, 1.0000, 1.0000],
        ...,
        [0.0784, 0.0000, 0.0000,  ..., 0.8407, 0.9986, 0.8435],
        [0.9828, 0.0000, 0.0172,  ..., 0.7935, 0.9991, 0.8339],
        [0.4715, 0.0000, 0.0366,  ..., 0.8006, 0.9991, 0.8334]],
       device='cuda:0')
/home/eirik/miniconda3/envs/GADBench/lib/python3.10/site-packages/xgboost/training.py:200: UserWarning: [17:15:30] WARNING: /__w/xgboost/xgboost/src/learner.cc:782: 
Parameters: { "drop_rate", "h_feats", "lr", "num_layers", "verbose" } are not used.

  bst.update(dtrain, iteration=i, fobj=obj)
/home/eirik/miniconda3/envs/GADBench/lib/python3.10/site-packages/xgboost/training.py:200: UserWarning: [17:15:30] WARNING: /__w/xgboost/xgboost/src/learner.cc:782: 
Parameters: { "verbose" } are not used.

  bst.update(dtrain, iteration=i, fobj=obj)

[tolokers | rwr_r0.1_M2 | split 0 | seed 3407]
  rwr: 15/15 subgraphs (n: min=500 med=500 max=500 | m: min=1768 med=7120 max=11136)
  Combined: N=7500 M=181164 train=3147 val=1595 unique_origs=4742
  Epoch 0, Loss 0.6962, Val AUROC 0.5907 AUPRC 0.2950 | Test AUROC 0.5168 AUPRC 0.2315
  Epoch 2, Loss 0.6809, Val AUROC 0.6142 AUPRC 0.3129 | Test AUROC 0.5383 AUPRC 0.2360
  Epoch 3, Loss 0.6746, Val AUROC 0.6399 AUPRC 0.3374 | Test AUROC 0.5896 AUPRC 0.2671
  Epoch 4, Loss 0.6663, Val AUROC 0.6572 AUPRC 0.3597 | Test AUROC 0.6658 AUPRC 0.3459
  Epoch 5, Loss 0.6573, Val AUROC 0.6637 AUPRC 0.3664 | Test AUROC 0.6780 AUPRC 0.3619
  Epoch 6, Loss 0.6501, Val AUROC 0.6663 AUPRC 0.3690 | Test AUROC 0.6811 AUPRC 0.3641
  Epoch 10, Loss 0.6217, Val AUROC 0.6720 AUPRC 0.3694 | Test AUROC 0.6826 AUPRC 0.3622
  Epoch 11, Loss 0.6168, Val AUROC 0.6754 AUPRC 0.3712 | Test AUROC 0.6868 AUPRC 0.3652
  Epoch 12, Loss 0.6148, Val AUROC 0.6779 AUPRC 0.3720 | Test AUROC 0.6879 AUPRC 0.3654
  Epoch 14, Loss 0.6118, Val AUROC 0.6828 AUPRC 0.3727 | Test AUROC 0.6858 AUPRC 0.3619
  Epoch 15, Loss 0.6102, Val AUROC 0.6881 AUPRC 0.3754 | Test AUROC 0.6901 AUPRC 0.3643
  Epoch 16, Loss 0.6063, Val AUROC 0.6941 AUPRC 0.3790 | Test AUROC 0.6948 AUPRC 0.3665
  Epoch 17, Loss 0.6033, Val AUROC 0.6996 AUPRC 0.3817 | Test AUROC 0.6967 AUPRC 0.3666
  Epoch 18, Loss 0.6002, Val AUROC 0.7049 AUPRC 0.3842 | Test AUROC 0.6966 AUPRC 0.3654
  Epoch 19, Loss 0.5987, Val AUROC 0.7116 AUPRC 0.3889 | Test AUROC 0.7025 AUPRC 0.3693
  Epoch 20, Loss 0.5971, Val AUROC 0.7166 AUPRC 0.3920 | Test AUROC 0.7082 AUPRC 0.3728
  Epoch 21, Loss 0.5961, Val AUROC 0.7189 AUPRC 0.3925 | Test AUROC 0.7083 AUPRC 0.3729
  Epoch 23, Loss 0.5918, Val AUROC 0.7209 AUPRC 0.3931 | Test AUROC 0.7125 AUPRC 0.3765
  Epoch 27, Loss 0.5871, Val AUROC 0.7221 AUPRC 0.3933 | Test AUROC 0.7162 AUPRC 0.3798
  Epoch 28, Loss 0.5859, Val AUROC 0.7223 AUPRC 0.3941 | Test AUROC 0.7152 AUPRC 0.3791
  Epoch 29, Loss 0.5845, Val AUROC 0.7228 AUPRC 0.3953 | Test AUROC 0.7156 AUPRC 0.3792
  Epoch 30, Loss 0.5835, Val AUROC 0.7232 AUPRC 0.3960 | Test AUROC 0.7168 AUPRC 0.3801
  Epoch 31, Loss 0.5829, Val AUROC 0.7236 AUPRC 0.3963 | Test AUROC 0.7171 AUPRC 0.3810
  Epoch 46, Loss 0.5700, Val AUROC 0.7267 AUPRC 0.3970 | Test AUROC 0.7266 AUPRC 0.3967
  Epoch 47, Loss 0.5691, Val AUROC 0.7267 AUPRC 0.3977 | Test AUROC 0.7266 AUPRC 0.3967
  Epoch 48, Loss 0.5685, Val AUROC 0.7268 AUPRC 0.3985 | Test AUROC 0.7268 AUPRC 0.3970
  Epoch 51, Loss 0.5667, Val AUROC 0.7268 AUPRC 0.3987 | Test AUROC 0.7282 AUPRC 0.4002
  Epoch 52, Loss 0.5665, Val AUROC 0.7264 AUPRC 0.4000 | Test AUROC 0.7280 AUPRC 0.4005
  Epoch 53, Loss 0.5666, Val AUROC 0.7273 AUPRC 0.4006 | Test AUROC 0.7284 AUPRC 0.4011
  Epoch 54, Loss 0.5667, Val AUROC 0.7268 AUPRC 0.4029 | Test AUROC 0.7283 AUPRC 0.4016
  Epoch 55, Loss 0.5651, Val AUROC 0.7273 AUPRC 0.4036 | Test AUROC 0.7287 AUPRC 0.4022
  Epoch 57, Loss 0.5641, Val AUROC 0.7271 AUPRC 0.4060 | Test AUROC 0.7289 AUPRC 0.4036
  Epoch 60, Loss 0.5621, Val AUROC 0.7273 AUPRC 0.4063 | Test AUROC 0.7296 AUPRC 0.4050
  Epoch 61, Loss 0.5624, Val AUROC 0.7279 AUPRC 0.4066 | Test AUROC 0.7295 AUPRC 0.4047
  Epoch 62, Loss 0.5616, Val AUROC 0.7279 AUPRC 0.4074 | Test AUROC 0.7297 AUPRC 0.4050
  Epoch 65, Loss 0.5607, Val AUROC 0.7281 AUPRC 0.4080 | Test AUROC 0.7301 AUPRC 0.4055
  Epoch 66, Loss 0.5599, Val AUROC 0.7283 AUPRC 0.4089 | Test AUROC 0.7301 AUPRC 0.4054
  Epoch 67, Loss 0.5591, Val AUROC 0.7283 AUPRC 0.4094 | Test AUROC 0.7300 AUPRC 0.4057
  Epoch 68, Loss 0.5589, Val AUROC 0.7283 AUPRC 0.4102 | Test AUROC 0.7304 AUPRC 0.4066
  Epoch 70, Loss 0.5584, Val AUROC 0.7283 AUPRC 0.4111 | Test AUROC 0.7305 AUPRC 0.4068
  Epoch 71, Loss 0.5576, Val AUROC 0.7283 AUPRC 0.4114 | Test AUROC 0.7307 AUPRC 0.4073
  Epoch 72, Loss 0.5573, Val AUROC 0.7287 AUPRC 0.4121 | Test AUROC 0.7306 AUPRC 0.4073
  Epoch 73, Loss 0.5573, Val AUROC 0.7285 AUPRC 0.4124 | Test AUROC 0.7311 AUPRC 0.4078
  Epoch 74, Loss 0.5571, Val AUROC 0.7288 AUPRC 0.4128 | Test AUROC 0.7308 AUPRC 0.4080
  Epoch 75, Loss 0.5565, Val AUROC 0.7289 AUPRC 0.4141 | Test AUROC 0.7310 AUPRC 0.4080
  Epoch 76, Loss 0.5558, Val AUROC 0.7291 AUPRC 0.4147 | Test AUROC 0.7310 AUPRC 0.4081
  Epoch 77, Loss 0.5554, Val AUROC 0.7295 AUPRC 0.4148 | Test AUROC 0.7307 AUPRC 0.4087
  Epoch 78, Loss 0.5553, Val AUROC 0.7295 AUPRC 0.4157 | Test AUROC 0.7310 AUPRC 0.4090
  Epoch 79, Loss 0.5552, Val AUROC 0.7296 AUPRC 0.4159 | Test AUROC 0.7307 AUPRC 0.4091
  Epoch 80, Loss 0.5554, Val AUROC 0.7293 AUPRC 0.4162 | Test AUROC 0.7312 AUPRC 0.4093
  Epoch 81, Loss 0.5555, Val AUROC 0.7297 AUPRC 0.4165 | Test AUROC 0.7308 AUPRC 0.4094
  Epoch 82, Loss 0.5554, Val AUROC 0.7294 AUPRC 0.4169 | Test AUROC 0.7313 AUPRC 0.4097
  Epoch 83, Loss 0.5545, Val AUROC 0.7298 AUPRC 0.4177 | Test AUROC 0.7312 AUPRC 0.4098
  Epoch 85, Loss 0.5528, Val AUROC 0.7298 AUPRC 0.4185 | Test AUROC 0.7315 AUPRC 0.4103
  Epoch 86, Loss 0.5530, Val AUROC 0.7299 AUPRC 0.4186 | Test AUROC 0.7313 AUPRC 0.4103
  Epoch 91, Loss 0.5512, Val AUROC 0.7301 AUPRC 0.4197 | Test AUROC 0.7316 AUPRC 0.4112
  Epoch 93, Loss 0.5517, Val AUROC 0.7304 AUPRC 0.4207 | Test AUROC 0.7313 AUPRC 0.4115
  Epoch 95, Loss 0.5507, Val AUROC 0.7301 AUPRC 0.4209 | Test AUROC 0.7316 AUPRC 0.4121
  Epoch 96, Loss 0.5500, Val AUROC 0.7301 AUPRC 0.4214 | Test AUROC 0.7315 AUPRC 0.4124
  Epoch 98, Loss 0.5502, Val AUROC 0.7302 AUPRC 0.4215 | Test AUROC 0.7314 AUPRC 0.4123
  Epoch 103, Loss 0.5485, Val AUROC 0.7303 AUPRC 0.4216 | Test AUROC 0.7313 AUPRC 0.4126
  Epoch 105, Loss 0.5487, Val AUROC 0.7307 AUPRC 0.4222 | Test AUROC 0.7310 AUPRC 0.4124
  Epoch 112, Loss 0.5464, Val AUROC 0.7316 AUPRC 0.4223 | Test AUROC 0.7307 AUPRC 0.4113
  Epoch 114, Loss 0.5468, Val AUROC 0.7320 AUPRC 0.4229 | Test AUROC 0.7301 AUPRC 0.4117
  Epoch 116, Loss 0.5490, Val AUROC 0.7319 AUPRC 0.4237 | Test AUROC 0.7293 AUPRC 0.4105
  Epoch 119, Loss 0.5447, Val AUROC 0.7319 AUPRC 0.4242 | Test AUROC 0.7299 AUPRC 0.4099
  Epoch 121, Loss 0.5469, Val AUROC 0.7323 AUPRC 0.4246 | Test AUROC 0.7297 AUPRC 0.4095
  Epoch 124, Loss 0.5451, Val AUROC 0.7334 AUPRC 0.4249 | Test AUROC 0.7290 AUPRC 0.4084
  Epoch 127, Loss 0.5431, Val AUROC 0.7333 AUPRC 0.4249 | Test AUROC 0.7298 AUPRC 0.4076
  Epoch 129, Loss 0.5446, Val AUROC 0.7340 AUPRC 0.4253 | Test AUROC 0.7297 AUPRC 0.4073
  Epoch 132, Loss 0.5425, Val AUROC 0.7342 AUPRC 0.4265 | Test AUROC 0.7300 AUPRC 0.4074
  Epoch 135, Loss 0.5419, Val AUROC 0.7340 AUPRC 0.4267 | Test AUROC 0.7303 AUPRC 0.4074
  Epoch 137, Loss 0.5423, Val AUROC 0.7346 AUPRC 0.4275 | Test AUROC 0.7301 AUPRC 0.4069
  Epoch 140, Loss 0.5410, Val AUROC 0.7348 AUPRC 0.4284 | Test AUROC 0.7302 AUPRC 0.4062
  Epoch 149, Loss 0.5406, Val AUROC 0.7355 AUPRC 0.4290 | Test AUROC 0.7304 AUPRC 0.4052
  Epoch 156, Loss 0.5394, Val AUROC 0.7359 AUPRC 0.4292 | Test AUROC 0.7299 AUPRC 0.4040
  Epoch 0, Loss 0.7388, Val AUROC 0.3751 AUPRC 0.1905 | Test AUROC 0.3745 AUPRC 0.1698
  Epoch 1, Loss 0.7242, Val AUROC 0.5010 AUPRC 0.2465 | Test AUROC 0.5232 AUPRC 0.2272
  Epoch 2, Loss 0.6995, Val AUROC 0.6733 AUPRC 0.3355 | Test AUROC 0.6941 AUPRC 0.3227
  Epoch 3, Loss 0.6771, Val AUROC 0.6816 AUPRC 0.3433 | Test AUROC 0.6991 AUPRC 0.3279
  Epoch 4, Loss 0.6632, Val AUROC 0.6769 AUPRC 0.3489 | Test AUROC 0.6978 AUPRC 0.3286
  Epoch 7, Loss 0.6291, Val AUROC 0.6742 AUPRC 0.3498 | Test AUROC 0.6968 AUPRC 0.3324
  Epoch 8, Loss 0.6238, Val AUROC 0.6768 AUPRC 0.3520 | Test AUROC 0.6994 AUPRC 0.3333
  Epoch 9, Loss 0.6174, Val AUROC 0.6802 AUPRC 0.3544 | Test AUROC 0.7029 AUPRC 0.3354
  Epoch 10, Loss 0.6151, Val AUROC 0.6834 AUPRC 0.3553 | Test AUROC 0.7060 AUPRC 0.3383
  Epoch 11, Loss 0.6125, Val AUROC 0.6866 AUPRC 0.3570 | Test AUROC 0.7091 AUPRC 0.3414
  Epoch 12, Loss 0.6094, Val AUROC 0.6902 AUPRC 0.3588 | Test AUROC 0.7132 AUPRC 0.3452
  Epoch 13, Loss 0.6078, Val AUROC 0.6933 AUPRC 0.3595 | Test AUROC 0.7170 AUPRC 0.3482
  Epoch 14, Loss 0.6037, Val AUROC 0.6969 AUPRC 0.3614 | Test AUROC 0.7211 AUPRC 0.3513
  Epoch 15, Loss 0.6009, Val AUROC 0.7007 AUPRC 0.3621 | Test AUROC 0.7255 AUPRC 0.3550
  Epoch 17, Loss 0.5949, Val AUROC 0.7077 AUPRC 0.3637 | Test AUROC 0.7331 AUPRC 0.3636
  Epoch 18, Loss 0.5937, Val AUROC 0.7110 AUPRC 0.3653 | Test AUROC 0.7357 AUPRC 0.3664
  Epoch 19, Loss 0.5926, Val AUROC 0.7136 AUPRC 0.3675 | Test AUROC 0.7371 AUPRC 0.3685
  Epoch 20, Loss 0.5925, Val AUROC 0.7150 AUPRC 0.3677 | Test AUROC 0.7379 AUPRC 0.3699
  Epoch 21, Loss 0.5915, Val AUROC 0.7163 AUPRC 0.3703 | Test AUROC 0.7385 AUPRC 0.3704
  Epoch 22, Loss 0.5906, Val AUROC 0.7175 AUPRC 0.3720 | Test AUROC 0.7387 AUPRC 0.3700
  Epoch 23, Loss 0.5891, Val AUROC 0.7182 AUPRC 0.3729 | Test AUROC 0.7388 AUPRC 0.3695
  Epoch 24, Loss 0.5880, Val AUROC 0.7185 AUPRC 0.3734 | Test AUROC 0.7387 AUPRC 0.3686
  Epoch 25, Loss 0.5870, Val AUROC 0.7186 AUPRC 0.3735 | Test AUROC 0.7385 AUPRC 0.3675
  Epoch 26, Loss 0.5860, Val AUROC 0.7189 AUPRC 0.3736 | Test AUROC 0.7382 AUPRC 0.3665
  Epoch 27, Loss 0.5851, Val AUROC 0.7192 AUPRC 0.3745 | Test AUROC 0.7380 AUPRC 0.3661
  Epoch 28, Loss 0.5839, Val AUROC 0.7195 AUPRC 0.3755 | Test AUROC 0.7379 AUPRC 0.3659
  Epoch 29, Loss 0.5830, Val AUROC 0.7207 AUPRC 0.3766 | Test AUROC 0.7382 AUPRC 0.3664
  Epoch 30, Loss 0.5811, Val AUROC 0.7219 AUPRC 0.3781 | Test AUROC 0.7387 AUPRC 0.3671
  Epoch 31, Loss 0.5797, Val AUROC 0.7234 AUPRC 0.3805 | Test AUROC 0.7392 AUPRC 0.3683
  Epoch 32, Loss 0.5783, Val AUROC 0.7247 AUPRC 0.3839 | Test AUROC 0.7397 AUPRC 0.3693
  Epoch 33, Loss 0.5772, Val AUROC 0.7261 AUPRC 0.3867 | Test AUROC 0.7403 AUPRC 0.3704
  Epoch 34, Loss 0.5757, Val AUROC 0.7269 AUPRC 0.3888 | Test AUROC 0.7402 AUPRC 0.3713
  Epoch 36, Loss 0.5734, Val AUROC 0.7260 AUPRC 0.3890 | Test AUROC 0.7400 AUPRC 0.3713
  Epoch 39, Loss 0.5697, Val AUROC 0.7255 AUPRC 0.3906 | Test AUROC 0.7388 AUPRC 0.3699
  Epoch 40, Loss 0.5685, Val AUROC 0.7263 AUPRC 0.3912 | Test AUROC 0.7382 AUPRC 0.3694
  Epoch 41, Loss 0.5673, Val AUROC 0.7273 AUPRC 0.3946 | Test AUROC 0.7377 AUPRC 0.3679
  Epoch 42, Loss 0.5663, Val AUROC 0.7280 AUPRC 0.3955 | Test AUROC 0.7369 AUPRC 0.3670
  Epoch 43, Loss 0.5653, Val AUROC 0.7284 AUPRC 0.3966 | Test AUROC 0.7368 AUPRC 0.3667
  Epoch 44, Loss 0.5640, Val AUROC 0.7278 AUPRC 0.3975 | Test AUROC 0.7362 AUPRC 0.3659
  Epoch 46, Loss 0.5620, Val AUROC 0.7272 AUPRC 0.3987 | Test AUROC 0.7351 AUPRC 0.3650
  Epoch 48, Loss 0.5601, Val AUROC 0.7265 AUPRC 0.3994 | Test AUROC 0.7333 AUPRC 0.3608
  Epoch 56, Loss 0.5550, Val AUROC 0.7251 AUPRC 0.4005 | Test AUROC 0.7327 AUPRC 0.3567
  Epoch 63, Loss 0.5530, Val AUROC 0.7241 AUPRC 0.4005 | Test AUROC 0.7308 AUPRC 0.3533
  Epoch 64, Loss 0.5531, Val AUROC 0.7242 AUPRC 0.4007 | Test AUROC 0.7305 AUPRC 0.3528
  Epoch 65, Loss 0.5530, Val AUROC 0.7240 AUPRC 0.4014 | Test AUROC 0.7304 AUPRC 0.3529
  Epoch 0, Loss 1.0237, Val AUROC 0.5036 AUPRC 0.2435 | Test AUROC 0.5154 AUPRC 0.2217
  Epoch 1, Loss 0.6947, Val AUROC 0.5352 AUPRC 0.2573 | Test AUROC 0.5445 AUPRC 0.2271
  Epoch 2, Loss 0.7334, Val AUROC 0.6068 AUPRC 0.3152 | Test AUROC 0.6207 AUPRC 0.2742
  Epoch 3, Loss 0.7201, Val AUROC 0.6440 AUPRC 0.3556 | Test AUROC 0.6659 AUPRC 0.3093
  Epoch 4, Loss 0.6818, Val AUROC 0.6552 AUPRC 0.3685 | Test AUROC 0.6764 AUPRC 0.3229
  Epoch 5, Loss 0.6597, Val AUROC 0.6596 AUPRC 0.3714 | Test AUROC 0.6774 AUPRC 0.3288
  Epoch 6, Loss 0.6581, Val AUROC 0.6646 AUPRC 0.3753 | Test AUROC 0.6779 AUPRC 0.3340
  Epoch 7, Loss 0.6665, Val AUROC 0.6653 AUPRC 0.3764 | Test AUROC 0.6785 AUPRC 0.3339
  Epoch 8, Loss 0.6663, Val AUROC 0.6649 AUPRC 0.3777 | Test AUROC 0.6792 AUPRC 0.3341
  Epoch 12, Loss 0.6392, Val AUROC 0.6752 AUPRC 0.3795 | Test AUROC 0.6896 AUPRC 0.3337
  Epoch 13, Loss 0.6368, Val AUROC 0.6810 AUPRC 0.3816 | Test AUROC 0.6946 AUPRC 0.3366
  Epoch 14, Loss 0.6285, Val AUROC 0.6856 AUPRC 0.3830 | Test AUROC 0.6992 AUPRC 0.3398
  Epoch 16, Loss 0.6135, Val AUROC 0.6918 AUPRC 0.3831 | Test AUROC 0.7051 AUPRC 0.3478
  Epoch 17, Loss 0.6149, Val AUROC 0.6955 AUPRC 0.3836 | Test AUROC 0.7090 AUPRC 0.3478
  Epoch 18, Loss 0.6070, Val AUROC 0.6990 AUPRC 0.3871 | Test AUROC 0.7125 AUPRC 0.3467
  Epoch 19, Loss 0.6007, Val AUROC 0.7023 AUPRC 0.3900 | Test AUROC 0.7160 AUPRC 0.3473
  Epoch 24, Loss 0.5853, Val AUROC 0.7154 AUPRC 0.3917 | Test AUROC 0.7293 AUPRC 0.3587
  Epoch 26, Loss 0.5796, Val AUROC 0.7178 AUPRC 0.3941 | Test AUROC 0.7324 AUPRC 0.3619
  Epoch 27, Loss 0.5752, Val AUROC 0.7193 AUPRC 0.3948 | Test AUROC 0.7353 AUPRC 0.3654
  Epoch 34, Loss 0.5567, Val AUROC 0.7277 AUPRC 0.3950 | Test AUROC 0.7400 AUPRC 0.3703
  Epoch 35, Loss 0.5522, Val AUROC 0.7284 AUPRC 0.3958 | Test AUROC 0.7398 AUPRC 0.3676
  Epoch 36, Loss 0.5509, Val AUROC 0.7295 AUPRC 0.3961 | Test AUROC 0.7399 AUPRC 0.3676
  Epoch 37, Loss 0.5476, Val AUROC 0.7308 AUPRC 0.3969 | Test AUROC 0.7397 AUPRC 0.3699
  Epoch 39, Loss 0.5431, Val AUROC 0.7322 AUPRC 0.3999 | Test AUROC 0.7406 AUPRC 0.3697
  Epoch 40, Loss 0.5403, Val AUROC 0.7331 AUPRC 0.4027 | Test AUROC 0.7413 AUPRC 0.3714
  Epoch 41, Loss 0.5383, Val AUROC 0.7349 AUPRC 0.4050 | Test AUROC 0.7411 AUPRC 0.3737
  Epoch 42, Loss 0.5355, Val AUROC 0.7362 AUPRC 0.4065 | Test AUROC 0.7414 AUPRC 0.3758
  Epoch 43, Loss 0.5337, Val AUROC 0.7374 AUPRC 0.4095 | Test AUROC 0.7426 AUPRC 0.3772
  Epoch 44, Loss 0.5313, Val AUROC 0.7393 AUPRC 0.4116 | Test AUROC 0.7428 AUPRC 0.3780
  Epoch 45, Loss 0.5291, Val AUROC 0.7413 AUPRC 0.4139 | Test AUROC 0.7422 AUPRC 0.3783
  Epoch 46, Loss 0.5277, Val AUROC 0.7427 AUPRC 0.4162 | Test AUROC 0.7431 AUPRC 0.3788
  Epoch 47, Loss 0.5249, Val AUROC 0.7433 AUPRC 0.4173 | Test AUROC 0.7441 AUPRC 0.3794
  Epoch 48, Loss 0.5235, Val AUROC 0.7446 AUPRC 0.4181 | Test AUROC 0.7445 AUPRC 0.3821
  Epoch 49, Loss 0.5209, Val AUROC 0.7455 AUPRC 0.4191 | Test AUROC 0.7446 AUPRC 0.3841
  Epoch 50, Loss 0.5187, Val AUROC 0.7461 AUPRC 0.4207 | Test AUROC 0.7442 AUPRC 0.3855
  Epoch 51, Loss 0.5172, Val AUROC 0.7472 AUPRC 0.4214 | Test AUROC 0.7434 AUPRC 0.3886
  Epoch 52, Loss 0.5146, Val AUROC 0.7486 AUPRC 0.4227 | Test AUROC 0.7435 AUPRC 0.3898
  Epoch 53, Loss 0.5124, Val AUROC 0.7492 AUPRC 0.4243 | Test AUROC 0.7444 AUPRC 0.3906
  Epoch 54, Loss 0.5107, Val AUROC 0.7499 AUPRC 0.4254 | Test AUROC 0.7438 AUPRC 0.3932
  Epoch 55, Loss 0.5086, Val AUROC 0.7503 AUPRC 0.4268 | Test AUROC 0.7432 AUPRC 0.3935
  Epoch 56, Loss 0.5062, Val AUROC 0.7507 AUPRC 0.4279 | Test AUROC 0.7416 AUPRC 0.3943
  Epoch 57, Loss 0.5040, Val AUROC 0.7510 AUPRC 0.4286 | Test AUROC 0.7397 AUPRC 0.3942
  Epoch 58, Loss 0.5026, Val AUROC 0.7509 AUPRC 0.4290 | Test AUROC 0.7404 AUPRC 0.3938
  Epoch 60, Loss 0.5041, Val AUROC 0.7506 AUPRC 0.4301 | Test AUROC 0.7420 AUPRC 0.3966
  Epoch 62, Loss 0.4971, Val AUROC 0.7497 AUPRC 0.4302 | Test AUROC 0.7387 AUPRC 0.3962
  Epoch 63, Loss 0.4932, Val AUROC 0.7504 AUPRC 0.4358 | Test AUROC 0.7391 AUPRC 0.3927
  Epoch 65, Loss 0.4951, Val AUROC 0.7517 AUPRC 0.4383 | Test AUROC 0.7381 AUPRC 0.3981
  Epoch 66, Loss 0.4895, Val AUROC 0.7519 AUPRC 0.4388 | Test AUROC 0.7387 AUPRC 0.3985
  Epoch 68, Loss 0.4890, Val AUROC 0.7518 AUPRC 0.4390 | Test AUROC 0.7391 AUPRC 0.3957
  Epoch 71, Loss 0.4813, Val AUROC 0.7526 AUPRC 0.4409 | Test AUROC 0.7371 AUPRC 0.3955
  Epoch 73, Loss 0.4788, Val AUROC 0.7527 AUPRC 0.4414 | Test AUROC 0.7370 AUPRC 0.3934
  Epoch 74, Loss 0.4749, Val AUROC 0.7526 AUPRC 0.4417 | Test AUROC 0.7370 AUPRC 0.3921
  Epoch 76, Loss 0.4736, Val AUROC 0.7531 AUPRC 0.4433 | Test AUROC 0.7358 AUPRC 0.3909
  Epoch 88, Loss 0.4587, Val AUROC 0.7525 AUPRC 0.4438 | Test AUROC 0.7339 AUPRC 0.3913
  Epoch 93, Loss 0.4513, Val AUROC 0.7537 AUPRC 0.4449 | Test AUROC 0.7352 AUPRC 0.3919
  Epoch 98, Loss 0.4444, Val AUROC 0.7540 AUPRC 0.4458 | Test AUROC 0.7339 AUPRC 0.3933
  Epoch 101, Loss 0.4356, Val AUROC 0.7538 AUPRC 0.4466 | Test AUROC 0.7330 AUPRC 0.3933
  Epoch 108, Loss 0.4253, Val AUROC 0.7529 AUPRC 0.4471 | Test AUROC 0.7322 AUPRC 0.3899
  Epoch 110, Loss 0.4267, Val AUROC 0.7534 AUPRC 0.4479 | Test AUROC 0.7310 AUPRC 0.3910
  Epoch 112, Loss 0.4310, Val AUROC 0.7530 AUPRC 0.4492 | Test AUROC 0.7306 AUPRC 0.3882
  Epoch 122, Loss 0.4126, Val AUROC 0.7548 AUPRC 0.4496 | Test AUROC 0.7297 AUPRC 0.3899
  Epoch 129, Loss 0.4071, Val AUROC 0.7538 AUPRC 0.4499 | Test AUROC 0.7296 AUPRC 0.3859
tensor([[0.0000, 0.0000, 0.3333,  ..., 0.5404, 1.0000, 0.9910],
        [0.0000, 0.5000, 0.5000,  ..., 0.5538, 1.0000, 0.9910],
        [0.4221, 0.0000, 0.0195,  ..., 0.5336, 1.0000, 0.9853],
        ...,
        [0.6667, 0.0000, 0.3333,  ..., 0.4683, 1.0000, 0.7579],
        [0.5733, 0.4000, 0.0267,  ..., 0.4762, 1.0000, 0.8185],
        [0.8929, 0.0000, 0.1071,  ..., 0.5000, 1.0000, 0.8750]],
       device='cuda:0')
tensor([[0.8070, 0.0322, 0.0221,  ..., 1.0000, 1.0000, 1.0000],
        [0.0000, 0.0000, 0.0000,  ..., 0.0000, 1.0000, 1.0000],
        [0.0000, 0.0000, 0.2000,  ..., 0.0000, 1.0000, 1.0000],
        ...,
        [0.0784, 0.0000, 0.0000,  ..., 0.8407, 0.9986, 0.8435],
        [0.9828, 0.0000, 0.0172,  ..., 0.7935, 0.9991, 0.8339],
        [0.4715, 0.0000, 0.0366,  ..., 0.8006, 0.9991, 0.8334]],
       device='cuda:0')
/home/eirik/miniconda3/envs/GADBench/lib/python3.10/site-packages/xgboost/training.py:200: UserWarning: [17:15:53] WARNING: /__w/xgboost/xgboost/src/learner.cc:782: 
Parameters: { "drop_rate", "h_feats", "lr", "num_layers", "verbose" } are not used.

  bst.update(dtrain, iteration=i, fobj=obj)
/home/eirik/miniconda3/envs/GADBench/lib/python3.10/site-packages/xgboost/training.py:200: UserWarning: [17:15:53] WARNING: /__w/xgboost/xgboost/src/learner.cc:782: 
Parameters: { "verbose" } are not used.

  bst.update(dtrain, iteration=i, fobj=obj)

[tolokers | rwr_r0.15_M1 | split 0 | seed 3407]
  rwr: 12/15 subgraphs (n: min=102 med=500 max=500 | m: min=149 med=2629 max=12545)
  Combined: N=5602 M=101816 train=3718 val=1884 unique_origs=5602
  Epoch 0, Loss 0.6942, Val AUROC 0.6269 AUPRC 0.3135 | Test AUROC 0.5196 AUPRC 0.2313
  Epoch 1, Loss 0.6832, Val AUROC 0.6334 AUPRC 0.3201 | Test AUROC 0.5248 AUPRC 0.2328
  Epoch 2, Loss 0.6776, Val AUROC 0.6524 AUPRC 0.3347 | Test AUROC 0.5535 AUPRC 0.2458
  Epoch 3, Loss 0.6702, Val AUROC 0.6681 AUPRC 0.3569 | Test AUROC 0.6117 AUPRC 0.2810
  Epoch 4, Loss 0.6607, Val AUROC 0.6779 AUPRC 0.3752 | Test AUROC 0.6719 AUPRC 0.3530
  Epoch 5, Loss 0.6512, Val AUROC 0.6802 AUPRC 0.3786 | Test AUROC 0.6824 AUPRC 0.3641
  Epoch 6, Loss 0.6430, Val AUROC 0.6814 AUPRC 0.3792 | Test AUROC 0.6856 AUPRC 0.3663
  Epoch 11, Loss 0.6101, Val AUROC 0.6914 AUPRC 0.3806 | Test AUROC 0.6909 AUPRC 0.3661
  Epoch 12, Loss 0.6091, Val AUROC 0.6936 AUPRC 0.3811 | Test AUROC 0.6893 AUPRC 0.3637
  Epoch 13, Loss 0.6068, Val AUROC 0.6967 AUPRC 0.3816 | Test AUROC 0.6889 AUPRC 0.3618
  Epoch 14, Loss 0.6044, Val AUROC 0.7008 AUPRC 0.3833 | Test AUROC 0.6935 AUPRC 0.3639
  Epoch 15, Loss 0.5997, Val AUROC 0.7045 AUPRC 0.3852 | Test AUROC 0.6976 AUPRC 0.3649
  Epoch 16, Loss 0.5959, Val AUROC 0.7075 AUPRC 0.3865 | Test AUROC 0.6960 AUPRC 0.3613
  Epoch 17, Loss 0.5938, Val AUROC 0.7097 AUPRC 0.3874 | Test AUROC 0.7039 AUPRC 0.3667
  Epoch 29, Loss 0.5802, Val AUROC 0.7146 AUPRC 0.3877 | Test AUROC 0.7140 AUPRC 0.3768
  Epoch 30, Loss 0.5793, Val AUROC 0.7154 AUPRC 0.3891 | Test AUROC 0.7147 AUPRC 0.3775
  Epoch 31, Loss 0.5781, Val AUROC 0.7164 AUPRC 0.3907 | Test AUROC 0.7155 AUPRC 0.3795
  Epoch 32, Loss 0.5766, Val AUROC 0.7166 AUPRC 0.3917 | Test AUROC 0.7174 AUPRC 0.3819
  Epoch 33, Loss 0.5757, Val AUROC 0.7166 AUPRC 0.3922 | Test AUROC 0.7184 AUPRC 0.3831
  Epoch 35, Loss 0.5745, Val AUROC 0.7177 AUPRC 0.3927 | Test AUROC 0.7198 AUPRC 0.3846
  Epoch 36, Loss 0.5734, Val AUROC 0.7185 AUPRC 0.3943 | Test AUROC 0.7196 AUPRC 0.3849
  Epoch 37, Loss 0.5723, Val AUROC 0.7189 AUPRC 0.3956 | Test AUROC 0.7199 AUPRC 0.3849
  Epoch 38, Loss 0.5715, Val AUROC 0.7194 AUPRC 0.3962 | Test AUROC 0.7206 AUPRC 0.3857
  Epoch 39, Loss 0.5706, Val AUROC 0.7197 AUPRC 0.3969 | Test AUROC 0.7216 AUPRC 0.3875
  Epoch 40, Loss 0.5694, Val AUROC 0.7199 AUPRC 0.3972 | Test AUROC 0.7225 AUPRC 0.3894
  Epoch 41, Loss 0.5687, Val AUROC 0.7205 AUPRC 0.3982 | Test AUROC 0.7226 AUPRC 0.3896
  Epoch 42, Loss 0.5681, Val AUROC 0.7208 AUPRC 0.3983 | Test AUROC 0.7234 AUPRC 0.3898
  Epoch 43, Loss 0.5675, Val AUROC 0.7219 AUPRC 0.4010 | Test AUROC 0.7233 AUPRC 0.3896
  Epoch 45, Loss 0.5667, Val AUROC 0.7227 AUPRC 0.4030 | Test AUROC 0.7237 AUPRC 0.3899
  Epoch 46, Loss 0.5658, Val AUROC 0.7230 AUPRC 0.4037 | Test AUROC 0.7241 AUPRC 0.3906
  Epoch 47, Loss 0.5650, Val AUROC 0.7230 AUPRC 0.4039 | Test AUROC 0.7247 AUPRC 0.3916
  Epoch 48, Loss 0.5649, Val AUROC 0.7235 AUPRC 0.4057 | Test AUROC 0.7251 AUPRC 0.3930
  Epoch 50, Loss 0.5644, Val AUROC 0.7236 AUPRC 0.4073 | Test AUROC 0.7253 AUPRC 0.3941
  Epoch 52, Loss 0.5630, Val AUROC 0.7235 AUPRC 0.4075 | Test AUROC 0.7253 AUPRC 0.3951
  Epoch 53, Loss 0.5626, Val AUROC 0.7238 AUPRC 0.4084 | Test AUROC 0.7257 AUPRC 0.3963
  Epoch 55, Loss 0.5625, Val AUROC 0.7239 AUPRC 0.4091 | Test AUROC 0.7254 AUPRC 0.3967
  Epoch 57, Loss 0.5617, Val AUROC 0.7241 AUPRC 0.4096 | Test AUROC 0.7246 AUPRC 0.3961
  Epoch 58, Loss 0.5612, Val AUROC 0.7241 AUPRC 0.4098 | Test AUROC 0.7246 AUPRC 0.3962
  Epoch 59, Loss 0.5608, Val AUROC 0.7242 AUPRC 0.4100 | Test AUROC 0.7245 AUPRC 0.3963
  Epoch 60, Loss 0.5607, Val AUROC 0.7243 AUPRC 0.4112 | Test AUROC 0.7250 AUPRC 0.3972
  Epoch 62, Loss 0.5603, Val AUROC 0.7249 AUPRC 0.4123 | Test AUROC 0.7242 AUPRC 0.3966
  Epoch 64, Loss 0.5597, Val AUROC 0.7252 AUPRC 0.4124 | Test AUROC 0.7242 AUPRC 0.3966
  Epoch 65, Loss 0.5593, Val AUROC 0.7252 AUPRC 0.4124 | Test AUROC 0.7241 AUPRC 0.3966
  Epoch 66, Loss 0.5590, Val AUROC 0.7254 AUPRC 0.4128 | Test AUROC 0.7241 AUPRC 0.3969
  Epoch 67, Loss 0.5587, Val AUROC 0.7257 AUPRC 0.4136 | Test AUROC 0.7239 AUPRC 0.3965
  Epoch 69, Loss 0.5583, Val AUROC 0.7253 AUPRC 0.4141 | Test AUROC 0.7243 AUPRC 0.3985
  Epoch 71, Loss 0.5581, Val AUROC 0.7254 AUPRC 0.4151 | Test AUROC 0.7248 AUPRC 0.3998
  Epoch 73, Loss 0.5584, Val AUROC 0.7255 AUPRC 0.4154 | Test AUROC 0.7245 AUPRC 0.3988
  Epoch 78, Loss 0.5566, Val AUROC 0.7257 AUPRC 0.4169 | Test AUROC 0.7237 AUPRC 0.3990
  Epoch 83, Loss 0.5554, Val AUROC 0.7258 AUPRC 0.4178 | Test AUROC 0.7226 AUPRC 0.3980
  Epoch 86, Loss 0.5541, Val AUROC 0.7257 AUPRC 0.4184 | Test AUROC 0.7218 AUPRC 0.3976
  Epoch 88, Loss 0.5541, Val AUROC 0.7256 AUPRC 0.4194 | Test AUROC 0.7214 AUPRC 0.3973
  Epoch 93, Loss 0.5527, Val AUROC 0.7253 AUPRC 0.4205 | Test AUROC 0.7205 AUPRC 0.3977
  Epoch 97, Loss 0.5516, Val AUROC 0.7253 AUPRC 0.4208 | Test AUROC 0.7192 AUPRC 0.3966
  Epoch 98, Loss 0.5513, Val AUROC 0.7252 AUPRC 0.4211 | Test AUROC 0.7195 AUPRC 0.3973
  Epoch 100, Loss 0.5509, Val AUROC 0.7248 AUPRC 0.4218 | Test AUROC 0.7204 AUPRC 0.3987
  Epoch 102, Loss 0.5507, Val AUROC 0.7248 AUPRC 0.4223 | Test AUROC 0.7199 AUPRC 0.3986
  Epoch 104, Loss 0.5505, Val AUROC 0.7251 AUPRC 0.4224 | Test AUROC 0.7204 AUPRC 0.3980
  Epoch 106, Loss 0.5509, Val AUROC 0.7249 AUPRC 0.4227 | Test AUROC 0.7201 AUPRC 0.3982
  Epoch 108, Loss 0.5501, Val AUROC 0.7247 AUPRC 0.4229 | Test AUROC 0.7200 AUPRC 0.3987
  Epoch 111, Loss 0.5488, Val AUROC 0.7248 AUPRC 0.4232 | Test AUROC 0.7198 AUPRC 0.3980
  Epoch 113, Loss 0.5491, Val AUROC 0.7249 AUPRC 0.4234 | Test AUROC 0.7195 AUPRC 0.3982
  Epoch 115, Loss 0.5480, Val AUROC 0.7251 AUPRC 0.4235 | Test AUROC 0.7183 AUPRC 0.3970
  Epoch 116, Loss 0.5474, Val AUROC 0.7250 AUPRC 0.4239 | Test AUROC 0.7184 AUPRC 0.3973
  Epoch 118, Loss 0.5475, Val AUROC 0.7249 AUPRC 0.4242 | Test AUROC 0.7190 AUPRC 0.3975
  Epoch 120, Loss 0.5471, Val AUROC 0.7249 AUPRC 0.4242 | Test AUROC 0.7184 AUPRC 0.3975
  Epoch 125, Loss 0.5465, Val AUROC 0.7249 AUPRC 0.4254 | Test AUROC 0.7186 AUPRC 0.3971
  Epoch 137, Loss 0.5433, Val AUROC 0.7252 AUPRC 0.4258 | Test AUROC 0.7178 AUPRC 0.3966
  Epoch 141, Loss 0.5441, Val AUROC 0.7247 AUPRC 0.4258 | Test AUROC 0.7189 AUPRC 0.3974
  Epoch 146, Loss 0.5419, Val AUROC 0.7257 AUPRC 0.4265 | Test AUROC 0.7175 AUPRC 0.3963
  Epoch 148, Loss 0.5427, Val AUROC 0.7258 AUPRC 0.4273 | Test AUROC 0.7176 AUPRC 0.3961
  Epoch 162, Loss 0.5394, Val AUROC 0.7268 AUPRC 0.4281 | Test AUROC 0.7181 AUPRC 0.3951
  Epoch 166, Loss 0.5411, Val AUROC 0.7270 AUPRC 0.4288 | Test AUROC 0.7186 AUPRC 0.3946
  Epoch 0, Loss 0.7419, Val AUROC 0.3676 AUPRC 0.1875 | Test AUROC 0.3820 AUPRC 0.1728
  Epoch 1, Loss 0.7238, Val AUROC 0.5037 AUPRC 0.2498 | Test AUROC 0.5547 AUPRC 0.2450
  Epoch 2, Loss 0.6980, Val AUROC 0.6692 AUPRC 0.3384 | Test AUROC 0.7031 AUPRC 0.3313
  Epoch 3, Loss 0.6745, Val AUROC 0.6806 AUPRC 0.3467 | Test AUROC 0.7054 AUPRC 0.3333
  Epoch 4, Loss 0.6589, Val AUROC 0.6792 AUPRC 0.3495 | Test AUROC 0.7034 AUPRC 0.3332
  Epoch 5, Loss 0.6444, Val AUROC 0.6780 AUPRC 0.3511 | Test AUROC 0.7021 AUPRC 0.3346
  Epoch 7, Loss 0.6222, Val AUROC 0.6781 AUPRC 0.3514 | Test AUROC 0.7016 AUPRC 0.3362
  Epoch 8, Loss 0.6161, Val AUROC 0.6797 AUPRC 0.3523 | Test AUROC 0.7026 AUPRC 0.3362
  Epoch 9, Loss 0.6103, Val AUROC 0.6816 AUPRC 0.3531 | Test AUROC 0.7047 AUPRC 0.3376
  Epoch 10, Loss 0.6089, Val AUROC 0.6841 AUPRC 0.3545 | Test AUROC 0.7073 AUPRC 0.3405
  Epoch 11, Loss 0.6067, Val AUROC 0.6871 AUPRC 0.3559 | Test AUROC 0.7107 AUPRC 0.3443
  Epoch 12, Loss 0.6043, Val AUROC 0.6903 AUPRC 0.3570 | Test AUROC 0.7144 AUPRC 0.3481
  Epoch 13, Loss 0.6027, Val AUROC 0.6935 AUPRC 0.3582 | Test AUROC 0.7179 AUPRC 0.3514
  Epoch 14, Loss 0.5989, Val AUROC 0.6968 AUPRC 0.3604 | Test AUROC 0.7217 AUPRC 0.3544
  Epoch 15, Loss 0.5965, Val AUROC 0.7000 AUPRC 0.3616 | Test AUROC 0.7256 AUPRC 0.3579
  Epoch 16, Loss 0.5936, Val AUROC 0.7028 AUPRC 0.3617 | Test AUROC 0.7292 AUPRC 0.3620
  Epoch 17, Loss 0.5919, Val AUROC 0.7056 AUPRC 0.3623 | Test AUROC 0.7321 AUPRC 0.3652
  Epoch 18, Loss 0.5904, Val AUROC 0.7082 AUPRC 0.3636 | Test AUROC 0.7342 AUPRC 0.3682
  Epoch 19, Loss 0.5893, Val AUROC 0.7101 AUPRC 0.3645 | Test AUROC 0.7357 AUPRC 0.3686
  Epoch 20, Loss 0.5884, Val AUROC 0.7116 AUPRC 0.3659 | Test AUROC 0.7364 AUPRC 0.3694
  Epoch 21, Loss 0.5875, Val AUROC 0.7127 AUPRC 0.3680 | Test AUROC 0.7368 AUPRC 0.3694
  Epoch 22, Loss 0.5866, Val AUROC 0.7140 AUPRC 0.3706 | Test AUROC 0.7368 AUPRC 0.3695
  Epoch 23, Loss 0.5857, Val AUROC 0.7150 AUPRC 0.3713 | Test AUROC 0.7366 AUPRC 0.3688
  Epoch 25, Loss 0.5849, Val AUROC 0.7170 AUPRC 0.3728 | Test AUROC 0.7370 AUPRC 0.3691
  Epoch 26, Loss 0.5835, Val AUROC 0.7184 AUPRC 0.3750 | Test AUROC 0.7375 AUPRC 0.3706
  Epoch 27, Loss 0.5828, Val AUROC 0.7197 AUPRC 0.3778 | Test AUROC 0.7381 AUPRC 0.3728
  Epoch 28, Loss 0.5817, Val AUROC 0.7209 AUPRC 0.3798 | Test AUROC 0.7382 AUPRC 0.3745
  Epoch 29, Loss 0.5807, Val AUROC 0.7214 AUPRC 0.3827 | Test AUROC 0.7381 AUPRC 0.3753
  Epoch 30, Loss 0.5802, Val AUROC 0.7219 AUPRC 0.3833 | Test AUROC 0.7380 AUPRC 0.3760
  Epoch 31, Loss 0.5790, Val AUROC 0.7220 AUPRC 0.3846 | Test AUROC 0.7376 AUPRC 0.3759
  Epoch 32, Loss 0.5783, Val AUROC 0.7220 AUPRC 0.3856 | Test AUROC 0.7371 AUPRC 0.3752
  Epoch 33, Loss 0.5770, Val AUROC 0.7220 AUPRC 0.3867 | Test AUROC 0.7366 AUPRC 0.3743
  Epoch 34, Loss 0.5763, Val AUROC 0.7224 AUPRC 0.3881 | Test AUROC 0.7364 AUPRC 0.3730
  Epoch 35, Loss 0.5754, Val AUROC 0.7230 AUPRC 0.3895 | Test AUROC 0.7364 AUPRC 0.3736
  Epoch 36, Loss 0.5743, Val AUROC 0.7239 AUPRC 0.3907 | Test AUROC 0.7364 AUPRC 0.3737
  Epoch 37, Loss 0.5735, Val AUROC 0.7246 AUPRC 0.3916 | Test AUROC 0.7368 AUPRC 0.3734
  Epoch 38, Loss 0.5724, Val AUROC 0.7253 AUPRC 0.3932 | Test AUROC 0.7370 AUPRC 0.3739
  Epoch 39, Loss 0.5717, Val AUROC 0.7258 AUPRC 0.3949 | Test AUROC 0.7368 AUPRC 0.3727
  Epoch 40, Loss 0.5707, Val AUROC 0.7261 AUPRC 0.3956 | Test AUROC 0.7366 AUPRC 0.3726
  Epoch 41, Loss 0.5697, Val AUROC 0.7264 AUPRC 0.3963 | Test AUROC 0.7365 AUPRC 0.3726
  Epoch 42, Loss 0.5689, Val AUROC 0.7265 AUPRC 0.3974 | Test AUROC 0.7360 AUPRC 0.3719
  Epoch 43, Loss 0.5680, Val AUROC 0.7266 AUPRC 0.3987 | Test AUROC 0.7357 AUPRC 0.3716
  Epoch 44, Loss 0.5673, Val AUROC 0.7271 AUPRC 0.4008 | Test AUROC 0.7356 AUPRC 0.3719
  Epoch 45, Loss 0.5666, Val AUROC 0.7277 AUPRC 0.4033 | Test AUROC 0.7352 AUPRC 0.3709
  Epoch 46, Loss 0.5657, Val AUROC 0.7280 AUPRC 0.4054 | Test AUROC 0.7349 AUPRC 0.3701
  Epoch 47, Loss 0.5651, Val AUROC 0.7281 AUPRC 0.4071 | Test AUROC 0.7346 AUPRC 0.3692
  Epoch 49, Loss 0.5640, Val AUROC 0.7278 AUPRC 0.4086 | Test AUROC 0.7335 AUPRC 0.3663
  Epoch 50, Loss 0.5634, Val AUROC 0.7277 AUPRC 0.4101 | Test AUROC 0.7333 AUPRC 0.3654
  Epoch 51, Loss 0.5631, Val AUROC 0.7277 AUPRC 0.4106 | Test AUROC 0.7331 AUPRC 0.3642
  Epoch 52, Loss 0.5627, Val AUROC 0.7279 AUPRC 0.4110 | Test AUROC 0.7332 AUPRC 0.3639
  Epoch 53, Loss 0.5622, Val AUROC 0.7283 AUPRC 0.4113 | Test AUROC 0.7333 AUPRC 0.3634
  Epoch 54, Loss 0.5618, Val AUROC 0.7288 AUPRC 0.4117 | Test AUROC 0.7334 AUPRC 0.3629
  Epoch 55, Loss 0.5615, Val AUROC 0.7288 AUPRC 0.4119 | Test AUROC 0.7337 AUPRC 0.3633
  Epoch 56, Loss 0.5612, Val AUROC 0.7288 AUPRC 0.4125 | Test AUROC 0.7334 AUPRC 0.3625
  Epoch 57, Loss 0.5608, Val AUROC 0.7287 AUPRC 0.4127 | Test AUROC 0.7335 AUPRC 0.3625
  Epoch 58, Loss 0.5605, Val AUROC 0.7289 AUPRC 0.4134 | Test AUROC 0.7333 AUPRC 0.3621
  Epoch 59, Loss 0.5603, Val AUROC 0.7292 AUPRC 0.4147 | Test AUROC 0.7332 AUPRC 0.3617
  Epoch 60, Loss 0.5601, Val AUROC 0.7294 AUPRC 0.4151 | Test AUROC 0.7330 AUPRC 0.3613
  Epoch 61, Loss 0.5598, Val AUROC 0.7296 AUPRC 0.4156 | Test AUROC 0.7328 AUPRC 0.3608
  Epoch 62, Loss 0.5596, Val AUROC 0.7298 AUPRC 0.4167 | Test AUROC 0.7329 AUPRC 0.3608
  Epoch 63, Loss 0.5594, Val AUROC 0.7297 AUPRC 0.4169 | Test AUROC 0.7328 AUPRC 0.3604
  Epoch 64, Loss 0.5592, Val AUROC 0.7297 AUPRC 0.4179 | Test AUROC 0.7331 AUPRC 0.3609
  Epoch 66, Loss 0.5590, Val AUROC 0.7298 AUPRC 0.4180 | Test AUROC 0.7332 AUPRC 0.3608
  Epoch 68, Loss 0.5596, Val AUROC 0.7297 AUPRC 0.4182 | Test AUROC 0.7332 AUPRC 0.3606
  Epoch 70, Loss 0.5598, Val AUROC 0.7297 AUPRC 0.4183 | Test AUROC 0.7329 AUPRC 0.3598
  Epoch 71, Loss 0.5585, Val AUROC 0.7297 AUPRC 0.4186 | Test AUROC 0.7329 AUPRC 0.3597
  Epoch 72, Loss 0.5582, Val AUROC 0.7298 AUPRC 0.4189 | Test AUROC 0.7324 AUPRC 0.3588
  Epoch 73, Loss 0.5591, Val AUROC 0.7298 AUPRC 0.4194 | Test AUROC 0.7334 AUPRC 0.3607
  Epoch 74, Loss 0.5588, Val AUROC 0.7298 AUPRC 0.4201 | Test AUROC 0.7329 AUPRC 0.3598
  Epoch 75, Loss 0.5578, Val AUROC 0.7298 AUPRC 0.4201 | Test AUROC 0.7328 AUPRC 0.3595
  Epoch 77, Loss 0.5584, Val AUROC 0.7295 AUPRC 0.4207 | Test AUROC 0.7327 AUPRC 0.3592
  Epoch 85, Loss 0.5572, Val AUROC 0.7294 AUPRC 0.4209 | Test AUROC 0.7332 AUPRC 0.3591
  Epoch 86, Loss 0.5569, Val AUROC 0.7294 AUPRC 0.4212 | Test AUROC 0.7329 AUPRC 0.3585
  Epoch 88, Loss 0.5571, Val AUROC 0.7294 AUPRC 0.4214 | Test AUROC 0.7327 AUPRC 0.3581
  Epoch 89, Loss 0.5568, Val AUROC 0.7293 AUPRC 0.4214 | Test AUROC 0.7326 AUPRC 0.3578
  Epoch 97, Loss 0.5563, Val AUROC 0.7293 AUPRC 0.4216 | Test AUROC 0.7324 AUPRC 0.3574
  Epoch 98, Loss 0.5562, Val AUROC 0.7293 AUPRC 0.4219 | Test AUROC 0.7324 AUPRC 0.3574
  Epoch 0, Loss 0.9902, Val AUROC 0.4824 AUPRC 0.2322 | Test AUROC 0.5211 AUPRC 0.2245
  Epoch 1, Loss 0.6989, Val AUROC 0.5170 AUPRC 0.2486 | Test AUROC 0.5616 AUPRC 0.2350
  Epoch 2, Loss 0.7293, Val AUROC 0.5902 AUPRC 0.3049 | Test AUROC 0.6340 AUPRC 0.2827
  Epoch 3, Loss 0.7163, Val AUROC 0.6237 AUPRC 0.3287 | Test AUROC 0.6665 AUPRC 0.3107
  Epoch 4, Loss 0.6811, Val AUROC 0.6347 AUPRC 0.3385 | Test AUROC 0.6716 AUPRC 0.3205
  Epoch 5, Loss 0.6598, Val AUROC 0.6410 AUPRC 0.3438 | Test AUROC 0.6682 AUPRC 0.3241
  Epoch 6, Loss 0.6578, Val AUROC 0.6479 AUPRC 0.3513 | Test AUROC 0.6696 AUPRC 0.3306
  Epoch 7, Loss 0.6650, Val AUROC 0.6516 AUPRC 0.3542 | Test AUROC 0.6716 AUPRC 0.3328
  Epoch 8, Loss 0.6646, Val AUROC 0.6535 AUPRC 0.3553 | Test AUROC 0.6744 AUPRC 0.3317
  Epoch 11, Loss 0.6378, Val AUROC 0.6618 AUPRC 0.3570 | Test AUROC 0.6855 AUPRC 0.3260
  Epoch 12, Loss 0.6385, Val AUROC 0.6674 AUPRC 0.3610 | Test AUROC 0.6886 AUPRC 0.3288
  Epoch 13, Loss 0.6356, Val AUROC 0.6722 AUPRC 0.3651 | Test AUROC 0.6924 AUPRC 0.3323
  Epoch 14, Loss 0.6272, Val AUROC 0.6762 AUPRC 0.3685 | Test AUROC 0.6955 AUPRC 0.3377
  Epoch 15, Loss 0.6187, Val AUROC 0.6793 AUPRC 0.3713 | Test AUROC 0.6982 AUPRC 0.3420
  Epoch 16, Loss 0.6164, Val AUROC 0.6825 AUPRC 0.3767 | Test AUROC 0.7008 AUPRC 0.3443
  Epoch 17, Loss 0.6166, Val AUROC 0.6863 AUPRC 0.3795 | Test AUROC 0.7038 AUPRC 0.3443
  Epoch 18, Loss 0.6097, Val AUROC 0.6908 AUPRC 0.3831 | Test AUROC 0.7069 AUPRC 0.3429
  Epoch 19, Loss 0.6019, Val AUROC 0.6947 AUPRC 0.3863 | Test AUROC 0.7097 AUPRC 0.3408
  Epoch 20, Loss 0.5996, Val AUROC 0.6981 AUPRC 0.3871 | Test AUROC 0.7124 AUPRC 0.3402
  Epoch 21, Loss 0.5970, Val AUROC 0.7011 AUPRC 0.3874 | Test AUROC 0.7150 AUPRC 0.3411
  Epoch 22, Loss 0.5898, Val AUROC 0.7042 AUPRC 0.3885 | Test AUROC 0.7180 AUPRC 0.3450
  Epoch 23, Loss 0.5839, Val AUROC 0.7069 AUPRC 0.3896 | Test AUROC 0.7205 AUPRC 0.3490
  Epoch 26, Loss 0.5735, Val AUROC 0.7108 AUPRC 0.3919 | Test AUROC 0.7260 AUPRC 0.3587
  Epoch 27, Loss 0.5724, Val AUROC 0.7130 AUPRC 0.3948 | Test AUROC 0.7287 AUPRC 0.3637
  Epoch 28, Loss 0.5676, Val AUROC 0.7157 AUPRC 0.3950 | Test AUROC 0.7322 AUPRC 0.3685
  Epoch 29, Loss 0.5642, Val AUROC 0.7179 AUPRC 0.3969 | Test AUROC 0.7353 AUPRC 0.3728
  Epoch 30, Loss 0.5622, Val AUROC 0.7196 AUPRC 0.4000 | Test AUROC 0.7384 AUPRC 0.3749
  Epoch 31, Loss 0.5581, Val AUROC 0.7206 AUPRC 0.4007 | Test AUROC 0.7413 AUPRC 0.3778
  Epoch 32, Loss 0.5571, Val AUROC 0.7224 AUPRC 0.4015 | Test AUROC 0.7436 AUPRC 0.3820
  Epoch 33, Loss 0.5535, Val AUROC 0.7245 AUPRC 0.4019 | Test AUROC 0.7447 AUPRC 0.3852
  Epoch 34, Loss 0.5514, Val AUROC 0.7260 AUPRC 0.4023 | Test AUROC 0.7460 AUPRC 0.3873
  Epoch 35, Loss 0.5488, Val AUROC 0.7272 AUPRC 0.4040 | Test AUROC 0.7475 AUPRC 0.3886
  Epoch 36, Loss 0.5461, Val AUROC 0.7285 AUPRC 0.4056 | Test AUROC 0.7476 AUPRC 0.3897
  Epoch 37, Loss 0.5438, Val AUROC 0.7303 AUPRC 0.4067 | Test AUROC 0.7472 AUPRC 0.3915
  Epoch 38, Loss 0.5414, Val AUROC 0.7310 AUPRC 0.4077 | Test AUROC 0.7475 AUPRC 0.3929
  Epoch 39, Loss 0.5387, Val AUROC 0.7307 AUPRC 0.4089 | Test AUROC 0.7487 AUPRC 0.3953
  Epoch 40, Loss 0.5371, Val AUROC 0.7325 AUPRC 0.4110 | Test AUROC 0.7491 AUPRC 0.3972
  Epoch 41, Loss 0.5337, Val AUROC 0.7343 AUPRC 0.4136 | Test AUROC 0.7496 AUPRC 0.3998
  Epoch 42, Loss 0.5322, Val AUROC 0.7352 AUPRC 0.4161 | Test AUROC 0.7512 AUPRC 0.4023
  Epoch 43, Loss 0.5295, Val AUROC 0.7372 AUPRC 0.4185 | Test AUROC 0.7519 AUPRC 0.4043
  Epoch 44, Loss 0.5273, Val AUROC 0.7401 AUPRC 0.4221 | Test AUROC 0.7515 AUPRC 0.4052
  Epoch 45, Loss 0.5258, Val AUROC 0.7414 AUPRC 0.4246 | Test AUROC 0.7513 AUPRC 0.4059
  Epoch 46, Loss 0.5232, Val AUROC 0.7431 AUPRC 0.4280 | Test AUROC 0.7498 AUPRC 0.4058
  Epoch 47, Loss 0.5214, Val AUROC 0.7451 AUPRC 0.4333 | Test AUROC 0.7472 AUPRC 0.4048
  Epoch 48, Loss 0.5203, Val AUROC 0.7451 AUPRC 0.4349 | Test AUROC 0.7466 AUPRC 0.4045
  Epoch 49, Loss 0.5189, Val AUROC 0.7465 AUPRC 0.4368 | Test AUROC 0.7445 AUPRC 0.4046
  Epoch 50, Loss 0.5170, Val AUROC 0.7467 AUPRC 0.4376 | Test AUROC 0.7455 AUPRC 0.4058
  Epoch 51, Loss 0.5149, Val AUROC 0.7476 AUPRC 0.4407 | Test AUROC 0.7465 AUPRC 0.4069
  Epoch 52, Loss 0.5131, Val AUROC 0.7490 AUPRC 0.4423 | Test AUROC 0.7474 AUPRC 0.4082
  Epoch 54, Loss 0.5104, Val AUROC 0.7509 AUPRC 0.4448 | Test AUROC 0.7482 AUPRC 0.4103
  Epoch 56, Loss 0.5071, Val AUROC 0.7530 AUPRC 0.4493 | Test AUROC 0.7465 AUPRC 0.4098
  Epoch 57, Loss 0.5051, Val AUROC 0.7530 AUPRC 0.4497 | Test AUROC 0.7464 AUPRC 0.4104
  Epoch 58, Loss 0.5033, Val AUROC 0.7538 AUPRC 0.4517 | Test AUROC 0.7451 AUPRC 0.4096
  Epoch 60, Loss 0.5004, Val AUROC 0.7543 AUPRC 0.4519 | Test AUROC 0.7463 AUPRC 0.4102
  Epoch 62, Loss 0.4989, Val AUROC 0.7550 AUPRC 0.4537 | Test AUROC 0.7469 AUPRC 0.4118
  Epoch 64, Loss 0.5066, Val AUROC 0.7558 AUPRC 0.4549 | Test AUROC 0.7452 AUPRC 0.4113
  Epoch 67, Loss 0.4967, Val AUROC 0.7561 AUPRC 0.4571 | Test AUROC 0.7447 AUPRC 0.4095
  Epoch 74, Loss 0.4876, Val AUROC 0.7552 AUPRC 0.4577 | Test AUROC 0.7476 AUPRC 0.4129
  Epoch 76, Loss 0.4876, Val AUROC 0.7557 AUPRC 0.4584 | Test AUROC 0.7461 AUPRC 0.4127
  Epoch 77, Loss 0.4835, Val AUROC 0.7557 AUPRC 0.4590 | Test AUROC 0.7467 AUPRC 0.4137
tensor([[0.0000, 0.0000, 0.3333,  ..., 0.5322, 1.0000, 0.9928],
        [0.0000, 0.5000, 0.5000,  ..., 0.5508, 1.0000, 0.9916],
        [0.4221, 0.0000, 0.0195,  ..., 0.5234, 0.9995, 0.9901],
        ...,
        [0.2500, 0.0000, 0.2500,  ..., 0.9167, 1.0000, 1.0000],
        [0.0000, 0.0000, 1.0000,  ..., 1.0000, 1.0000, 1.0000],
        [0.5556, 0.0000, 0.0000,  ..., 0.8750, 1.0000, 1.0000]],
       device='cuda:0')
tensor([[0.8070, 0.0322, 0.0221,  ..., 1.0000, 1.0000, 1.0000],
        [0.0000, 0.0000, 0.0000,  ..., 0.0000, 1.0000, 1.0000],
        [0.0000, 0.0000, 0.2000,  ..., 0.0000, 1.0000, 1.0000],
        ...,
        [0.0784, 0.0000, 0.0000,  ..., 0.8407, 0.9986, 0.8435],
        [0.9828, 0.0000, 0.0172,  ..., 0.7935, 0.9991, 0.8339],
        [0.4715, 0.0000, 0.0366,  ..., 0.8006, 0.9991, 0.8334]],
       device='cuda:0')
/home/eirik/miniconda3/envs/GADBench/lib/python3.10/site-packages/xgboost/training.py:200: UserWarning: [17:16:12] WARNING: /__w/xgboost/xgboost/src/learner.cc:782: 
Parameters: { "drop_rate", "h_feats", "lr", "num_layers", "verbose" } are not used.

  bst.update(dtrain, iteration=i, fobj=obj)
/home/eirik/miniconda3/envs/GADBench/lib/python3.10/site-packages/xgboost/training.py:200: UserWarning: [17:16:12] WARNING: /__w/xgboost/xgboost/src/learner.cc:782: 
Parameters: { "verbose" } are not used.

  bst.update(dtrain, iteration=i, fobj=obj)

[tolokers | rwr_r0.15_M2 | split 0 | seed 3407]
  rwr: 15/15 subgraphs (n: min=500 med=500 max=500 | m: min=1477 med=4733 max=17502)
  Combined: N=7500 M=196632 train=3155 val=1556 unique_origs=4711
  Epoch 0, Loss 0.6967, Val AUROC 0.5965 AUPRC 0.2747 | Test AUROC 0.5171 AUPRC 0.2303
  Epoch 2, Loss 0.6819, Val AUROC 0.6193 AUPRC 0.2871 | Test AUROC 0.5325 AUPRC 0.2352
  Epoch 3, Loss 0.6756, Val AUROC 0.6507 AUPRC 0.3132 | Test AUROC 0.5819 AUPRC 0.2597
  Epoch 4, Loss 0.6673, Val AUROC 0.6751 AUPRC 0.3585 | Test AUROC 0.6597 AUPRC 0.3410
  Epoch 5, Loss 0.6583, Val AUROC 0.6868 AUPRC 0.3713 | Test AUROC 0.6767 AUPRC 0.3586
  Epoch 6, Loss 0.6512, Val AUROC 0.6892 AUPRC 0.3740 | Test AUROC 0.6786 AUPRC 0.3608
  Epoch 11, Loss 0.6156, Val AUROC 0.6937 AUPRC 0.3757 | Test AUROC 0.6780 AUPRC 0.3577
  Epoch 12, Loss 0.6131, Val AUROC 0.6952 AUPRC 0.3765 | Test AUROC 0.6772 AUPRC 0.3563
  Epoch 14, Loss 0.6111, Val AUROC 0.6979 AUPRC 0.3777 | Test AUROC 0.6724 AUPRC 0.3508
  Epoch 15, Loss 0.6097, Val AUROC 0.7021 AUPRC 0.3809 | Test AUROC 0.6765 AUPRC 0.3540
  Epoch 16, Loss 0.6074, Val AUROC 0.7052 AUPRC 0.3834 | Test AUROC 0.6767 AUPRC 0.3537
  Epoch 17, Loss 0.6047, Val AUROC 0.7075 AUPRC 0.3845 | Test AUROC 0.6729 AUPRC 0.3497
  Epoch 18, Loss 0.6020, Val AUROC 0.7114 AUPRC 0.3868 | Test AUROC 0.6753 AUPRC 0.3508
  Epoch 19, Loss 0.5991, Val AUROC 0.7163 AUPRC 0.3902 | Test AUROC 0.6808 AUPRC 0.3548
  Epoch 20, Loss 0.5974, Val AUROC 0.7196 AUPRC 0.3924 | Test AUROC 0.6806 AUPRC 0.3538
  Epoch 21, Loss 0.5960, Val AUROC 0.7216 AUPRC 0.3932 | Test AUROC 0.6817 AUPRC 0.3541
  Epoch 22, Loss 0.5955, Val AUROC 0.7231 AUPRC 0.3936 | Test AUROC 0.6882 AUPRC 0.3590
  Epoch 0, Loss 0.7349, Val AUROC 0.3709 AUPRC 0.1802 | Test AUROC 0.3786 AUPRC 0.1728
  Epoch 1, Loss 0.7223, Val AUROC 0.5210 AUPRC 0.2398 | Test AUROC 0.5456 AUPRC 0.2399
  Epoch 2, Loss 0.6967, Val AUROC 0.6814 AUPRC 0.3311 | Test AUROC 0.6982 AUPRC 0.3250
  Epoch 3, Loss 0.6771, Val AUROC 0.6929 AUPRC 0.3388 | Test AUROC 0.7022 AUPRC 0.3303
  Epoch 5, Loss 0.6492, Val AUROC 0.6876 AUPRC 0.3409 | Test AUROC 0.6998 AUPRC 0.3325
  Epoch 6, Loss 0.6354, Val AUROC 0.6863 AUPRC 0.3420 | Test AUROC 0.6982 AUPRC 0.3329
  Epoch 10, Loss 0.6099, Val AUROC 0.6876 AUPRC 0.3424 | Test AUROC 0.7012 AUPRC 0.3346
  Epoch 11, Loss 0.6069, Val AUROC 0.6896 AUPRC 0.3447 | Test AUROC 0.7033 AUPRC 0.3369
  Epoch 12, Loss 0.6055, Val AUROC 0.6930 AUPRC 0.3470 | Test AUROC 0.7063 AUPRC 0.3392
  Epoch 13, Loss 0.6041, Val AUROC 0.6965 AUPRC 0.3492 | Test AUROC 0.7092 AUPRC 0.3412
  Epoch 14, Loss 0.6007, Val AUROC 0.7001 AUPRC 0.3514 | Test AUROC 0.7123 AUPRC 0.3433
  Epoch 15, Loss 0.5988, Val AUROC 0.7037 AUPRC 0.3538 | Test AUROC 0.7158 AUPRC 0.3459
  Epoch 16, Loss 0.5956, Val AUROC 0.7066 AUPRC 0.3557 | Test AUROC 0.7193 AUPRC 0.3491
  Epoch 17, Loss 0.5937, Val AUROC 0.7094 AUPRC 0.3571 | Test AUROC 0.7222 AUPRC 0.3511
  Epoch 18, Loss 0.5908, Val AUROC 0.7120 AUPRC 0.3584 | Test AUROC 0.7244 AUPRC 0.3526
  Epoch 19, Loss 0.5888, Val AUROC 0.7147 AUPRC 0.3595 | Test AUROC 0.7270 AUPRC 0.3544
  Epoch 20, Loss 0.5870, Val AUROC 0.7166 AUPRC 0.3606 | Test AUROC 0.7294 AUPRC 0.3567
  Epoch 21, Loss 0.5861, Val AUROC 0.7189 AUPRC 0.3623 | Test AUROC 0.7310 AUPRC 0.3587
  Epoch 22, Loss 0.5849, Val AUROC 0.7210 AUPRC 0.3644 | Test AUROC 0.7320 AUPRC 0.3601
  Epoch 23, Loss 0.5845, Val AUROC 0.7223 AUPRC 0.3658 | Test AUROC 0.7331 AUPRC 0.3622
  Epoch 24, Loss 0.5835, Val AUROC 0.7234 AUPRC 0.3671 | Test AUROC 0.7336 AUPRC 0.3634
  Epoch 25, Loss 0.5829, Val AUROC 0.7240 AUPRC 0.3677 | Test AUROC 0.7336 AUPRC 0.3634
  Epoch 26, Loss 0.5816, Val AUROC 0.7241 AUPRC 0.3679 | Test AUROC 0.7334 AUPRC 0.3632
  Epoch 27, Loss 0.5808, Val AUROC 0.7240 AUPRC 0.3685 | Test AUROC 0.7333 AUPRC 0.3633
  Epoch 28, Loss 0.5795, Val AUROC 0.7236 AUPRC 0.3689 | Test AUROC 0.7328 AUPRC 0.3629
  Epoch 29, Loss 0.5786, Val AUROC 0.7232 AUPRC 0.3694 | Test AUROC 0.7323 AUPRC 0.3623
  Epoch 30, Loss 0.5777, Val AUROC 0.7232 AUPRC 0.3705 | Test AUROC 0.7322 AUPRC 0.3628
  Epoch 31, Loss 0.5767, Val AUROC 0.7232 AUPRC 0.3715 | Test AUROC 0.7325 AUPRC 0.3639
  Epoch 32, Loss 0.5758, Val AUROC 0.7234 AUPRC 0.3724 | Test AUROC 0.7325 AUPRC 0.3646
  Epoch 33, Loss 0.5746, Val AUROC 0.7234 AUPRC 0.3740 | Test AUROC 0.7326 AUPRC 0.3652
  Epoch 34, Loss 0.5738, Val AUROC 0.7235 AUPRC 0.3753 | Test AUROC 0.7330 AUPRC 0.3668
  Epoch 35, Loss 0.5729, Val AUROC 0.7236 AUPRC 0.3775 | Test AUROC 0.7330 AUPRC 0.3673
  Epoch 36, Loss 0.5720, Val AUROC 0.7235 AUPRC 0.3789 | Test AUROC 0.7328 AUPRC 0.3666
  Epoch 37, Loss 0.5711, Val AUROC 0.7234 AUPRC 0.3790 | Test AUROC 0.7327 AUPRC 0.3663
  Epoch 38, Loss 0.5700, Val AUROC 0.7232 AUPRC 0.3802 | Test AUROC 0.7325 AUPRC 0.3657
  Epoch 39, Loss 0.5693, Val AUROC 0.7233 AUPRC 0.3815 | Test AUROC 0.7321 AUPRC 0.3645
  Epoch 40, Loss 0.5686, Val AUROC 0.7233 AUPRC 0.3830 | Test AUROC 0.7321 AUPRC 0.3644
  Epoch 41, Loss 0.5677, Val AUROC 0.7234 AUPRC 0.3848 | Test AUROC 0.7322 AUPRC 0.3643
  Epoch 42, Loss 0.5669, Val AUROC 0.7235 AUPRC 0.3870 | Test AUROC 0.7323 AUPRC 0.3644
  Epoch 43, Loss 0.5661, Val AUROC 0.7235 AUPRC 0.3889 | Test AUROC 0.7323 AUPRC 0.3643
  Epoch 44, Loss 0.5654, Val AUROC 0.7234 AUPRC 0.3894 | Test AUROC 0.7323 AUPRC 0.3646
  Epoch 45, Loss 0.5647, Val AUROC 0.7236 AUPRC 0.3907 | Test AUROC 0.7322 AUPRC 0.3637
  Epoch 46, Loss 0.5640, Val AUROC 0.7237 AUPRC 0.3919 | Test AUROC 0.7322 AUPRC 0.3639
  Epoch 48, Loss 0.5629, Val AUROC 0.7234 AUPRC 0.3921 | Test AUROC 0.7322 AUPRC 0.3641
  Epoch 0, Loss 1.0499, Val AUROC 0.4816 AUPRC 0.2180 | Test AUROC 0.5073 AUPRC 0.2163
  Epoch 1, Loss 0.6997, Val AUROC 0.4947 AUPRC 0.2190 | Test AUROC 0.5251 AUPRC 0.2182
  Epoch 2, Loss 0.7389, Val AUROC 0.5751 AUPRC 0.2659 | Test AUROC 0.6004 AUPRC 0.2602
  Epoch 3, Loss 0.7294, Val AUROC 0.6220 AUPRC 0.3103 | Test AUROC 0.6592 AUPRC 0.3091
  Epoch 4, Loss 0.6885, Val AUROC 0.6379 AUPRC 0.3196 | Test AUROC 0.6777 AUPRC 0.3299
  Epoch 5, Loss 0.6633, Val AUROC 0.6442 AUPRC 0.3269 | Test AUROC 0.6763 AUPRC 0.3360
  Epoch 6, Loss 0.6622, Val AUROC 0.6471 AUPRC 0.3288 | Test AUROC 0.6736 AUPRC 0.3353
  Epoch 7, Loss 0.6706, Val AUROC 0.6489 AUPRC 0.3311 | Test AUROC 0.6746 AUPRC 0.3356
  Epoch 8, Loss 0.6695, Val AUROC 0.6492 AUPRC 0.3321 | Test AUROC 0.6781 AUPRC 0.3352
  Epoch 9, Loss 0.6589, Val AUROC 0.6507 AUPRC 0.3349 | Test AUROC 0.6823 AUPRC 0.3351
  Epoch 10, Loss 0.6481, Val AUROC 0.6531 AUPRC 0.3391 | Test AUROC 0.6858 AUPRC 0.3344
  Epoch 11, Loss 0.6452, Val AUROC 0.6557 AUPRC 0.3427 | Test AUROC 0.6875 AUPRC 0.3336
  Epoch 12, Loss 0.6465, Val AUROC 0.6580 AUPRC 0.3427 | Test AUROC 0.6890 AUPRC 0.3338
  Epoch 17, Loss 0.6226, Val AUROC 0.6742 AUPRC 0.3442 | Test AUROC 0.6981 AUPRC 0.3332
  Epoch 18, Loss 0.6171, Val AUROC 0.6782 AUPRC 0.3483 | Test AUROC 0.7021 AUPRC 0.3360
  Epoch 19, Loss 0.6102, Val AUROC 0.6823 AUPRC 0.3505 | Test AUROC 0.7061 AUPRC 0.3381
  Epoch 20, Loss 0.6075, Val AUROC 0.6865 AUPRC 0.3542 | Test AUROC 0.7100 AUPRC 0.3404
  Epoch 21, Loss 0.6035, Val AUROC 0.6906 AUPRC 0.3594 | Test AUROC 0.7144 AUPRC 0.3440
  Epoch 22, Loss 0.5963, Val AUROC 0.6943 AUPRC 0.3669 | Test AUROC 0.7184 AUPRC 0.3473
  Epoch 23, Loss 0.5926, Val AUROC 0.6970 AUPRC 0.3701 | Test AUROC 0.7220 AUPRC 0.3500
  Epoch 24, Loss 0.5894, Val AUROC 0.6996 AUPRC 0.3716 | Test AUROC 0.7256 AUPRC 0.3535
  Epoch 25, Loss 0.5832, Val AUROC 0.7019 AUPRC 0.3724 | Test AUROC 0.7287 AUPRC 0.3574
  Epoch 27, Loss 0.5789, Val AUROC 0.7055 AUPRC 0.3729 | Test AUROC 0.7326 AUPRC 0.3611
  Epoch 28, Loss 0.5739, Val AUROC 0.7071 AUPRC 0.3758 | Test AUROC 0.7342 AUPRC 0.3634
  Epoch 29, Loss 0.5729, Val AUROC 0.7092 AUPRC 0.3784 | Test AUROC 0.7352 AUPRC 0.3636
  Epoch 32, Loss 0.5631, Val AUROC 0.7134 AUPRC 0.3808 | Test AUROC 0.7385 AUPRC 0.3690
  Epoch 33, Loss 0.5603, Val AUROC 0.7146 AUPRC 0.3826 | Test AUROC 0.7394 AUPRC 0.3718
  Epoch 36, Loss 0.5533, Val AUROC 0.7185 AUPRC 0.3847 | Test AUROC 0.7422 AUPRC 0.3775
  Epoch 37, Loss 0.5495, Val AUROC 0.7196 AUPRC 0.3877 | Test AUROC 0.7429 AUPRC 0.3806
  Epoch 38, Loss 0.5483, Val AUROC 0.7208 AUPRC 0.3893 | Test AUROC 0.7441 AUPRC 0.3827
  Epoch 39, Loss 0.5449, Val AUROC 0.7222 AUPRC 0.3905 | Test AUROC 0.7455 AUPRC 0.3838
  Epoch 40, Loss 0.5435, Val AUROC 0.7237 AUPRC 0.3933 | Test AUROC 0.7465 AUPRC 0.3874
  Epoch 41, Loss 0.5402, Val AUROC 0.7254 AUPRC 0.3963 | Test AUROC 0.7471 AUPRC 0.3916
  Epoch 42, Loss 0.5388, Val AUROC 0.7271 AUPRC 0.3985 | Test AUROC 0.7481 AUPRC 0.3930
  Epoch 43, Loss 0.5356, Val AUROC 0.7289 AUPRC 0.4017 | Test AUROC 0.7487 AUPRC 0.3938
  Epoch 44, Loss 0.5345, Val AUROC 0.7302 AUPRC 0.4043 | Test AUROC 0.7489 AUPRC 0.3978
  Epoch 45, Loss 0.5316, Val AUROC 0.7318 AUPRC 0.4067 | Test AUROC 0.7487 AUPRC 0.3995
  Epoch 46, Loss 0.5303, Val AUROC 0.7332 AUPRC 0.4093 | Test AUROC 0.7489 AUPRC 0.3998
  Epoch 47, Loss 0.5282, Val AUROC 0.7347 AUPRC 0.4122 | Test AUROC 0.7485 AUPRC 0.4018
  Epoch 48, Loss 0.5261, Val AUROC 0.7358 AUPRC 0.4159 | Test AUROC 0.7483 AUPRC 0.4046
  Epoch 49, Loss 0.5249, Val AUROC 0.7367 AUPRC 0.4179 | Test AUROC 0.7480 AUPRC 0.4049
  Epoch 50, Loss 0.5228, Val AUROC 0.7377 AUPRC 0.4199 | Test AUROC 0.7476 AUPRC 0.4053
  Epoch 51, Loss 0.5216, Val AUROC 0.7387 AUPRC 0.4231 | Test AUROC 0.7473 AUPRC 0.4077
  Epoch 52, Loss 0.5203, Val AUROC 0.7397 AUPRC 0.4254 | Test AUROC 0.7472 AUPRC 0.4083
  Epoch 53, Loss 0.5183, Val AUROC 0.7407 AUPRC 0.4280 | Test AUROC 0.7471 AUPRC 0.4088
  Epoch 54, Loss 0.5170, Val AUROC 0.7415 AUPRC 0.4312 | Test AUROC 0.7472 AUPRC 0.4098
  Epoch 55, Loss 0.5156, Val AUROC 0.7420 AUPRC 0.4317 | Test AUROC 0.7476 AUPRC 0.4106
  Epoch 56, Loss 0.5137, Val AUROC 0.7425 AUPRC 0.4317 | Test AUROC 0.7474 AUPRC 0.4113
  Epoch 57, Loss 0.5120, Val AUROC 0.7428 AUPRC 0.4331 | Test AUROC 0.7467 AUPRC 0.4112
  Epoch 58, Loss 0.5105, Val AUROC 0.7431 AUPRC 0.4339 | Test AUROC 0.7468 AUPRC 0.4108
  Epoch 59, Loss 0.5089, Val AUROC 0.7434 AUPRC 0.4352 | Test AUROC 0.7470 AUPRC 0.4126
  Epoch 60, Loss 0.5073, Val AUROC 0.7436 AUPRC 0.4356 | Test AUROC 0.7472 AUPRC 0.4124
  Epoch 61, Loss 0.5055, Val AUROC 0.7439 AUPRC 0.4375 | Test AUROC 0.7466 AUPRC 0.4127
  Epoch 62, Loss 0.5036, Val AUROC 0.7439 AUPRC 0.4390 | Test AUROC 0.7460 AUPRC 0.4119
  Epoch 63, Loss 0.5021, Val AUROC 0.7444 AUPRC 0.4396 | Test AUROC 0.7466 AUPRC 0.4123
  Epoch 64, Loss 0.5004, Val AUROC 0.7450 AUPRC 0.4407 | Test AUROC 0.7474 AUPRC 0.4144
  Epoch 65, Loss 0.4994, Val AUROC 0.7456 AUPRC 0.4411 | Test AUROC 0.7477 AUPRC 0.4131
  Epoch 66, Loss 0.4979, Val AUROC 0.7465 AUPRC 0.4434 | Test AUROC 0.7467 AUPRC 0.4135
  Epoch 68, Loss 0.4984, Val AUROC 0.7460 AUPRC 0.4441 | Test AUROC 0.7468 AUPRC 0.4144
  Epoch 70, Loss 0.4953, Val AUROC 0.7467 AUPRC 0.4450 | Test AUROC 0.7467 AUPRC 0.4145
  Epoch 71, Loss 0.4899, Val AUROC 0.7462 AUPRC 0.4460 | Test AUROC 0.7458 AUPRC 0.4145
  Epoch 72, Loss 0.4917, Val AUROC 0.7473 AUPRC 0.4465 | Test AUROC 0.7477 AUPRC 0.4147
  Epoch 77, Loss 0.4839, Val AUROC 0.7474 AUPRC 0.4472 | Test AUROC 0.7475 AUPRC 0.4149
  Epoch 78, Loss 0.4811, Val AUROC 0.7473 AUPRC 0.4472 | Test AUROC 0.7486 AUPRC 0.4166
  Epoch 82, Loss 0.4755, Val AUROC 0.7476 AUPRC 0.4485 | Test AUROC 0.7483 AUPRC 0.4180
  Epoch 84, Loss 0.4718, Val AUROC 0.7477 AUPRC 0.4486 | Test AUROC 0.7483 AUPRC 0.4185
  Epoch 86, Loss 0.4693, Val AUROC 0.7454 AUPRC 0.4490 | Test AUROC 0.7451 AUPRC 0.4148
  Epoch 90, Loss 0.4700, Val AUROC 0.7470 AUPRC 0.4494 | Test AUROC 0.7454 AUPRC 0.4153
tensor([[0.0000, 0.0000, 0.3333,  ..., 0.5322, 1.0000, 0.9928],
        [0.0000, 0.5000, 0.5000,  ..., 0.5508, 1.0000, 0.9916],
        [0.4221, 0.0000, 0.0195,  ..., 0.5234, 0.9995, 0.9901],
        ...,
        [0.7143, 0.0000, 0.0714,  ..., 0.3688, 1.0000, 1.0000],
        [0.3333, 0.0000, 0.6667,  ..., 0.3229, 1.0000, 1.0000],
        [0.5833, 0.0000, 0.0000,  ..., 0.2985, 1.0000, 0.9751]],
       device='cuda:0')
tensor([[0.8070, 0.0322, 0.0221,  ..., 1.0000, 1.0000, 1.0000],
        [0.0000, 0.0000, 0.0000,  ..., 0.0000, 1.0000, 1.0000],
        [0.0000, 0.0000, 0.2000,  ..., 0.0000, 1.0000, 1.0000],
        ...,
        [0.0784, 0.0000, 0.0000,  ..., 0.8407, 0.9986, 0.8435],
        [0.9828, 0.0000, 0.0172,  ..., 0.7935, 0.9991, 0.8339],
        [0.4715, 0.0000, 0.0366,  ..., 0.8006, 0.9991, 0.8334]],
       device='cuda:0')
/home/eirik/miniconda3/envs/GADBench/lib/python3.10/site-packages/xgboost/training.py:200: UserWarning: [17:16:31] WARNING: /__w/xgboost/xgboost/src/learner.cc:782: 
Parameters: { "drop_rate", "h_feats", "lr", "num_layers", "verbose" } are not used.

  bst.update(dtrain, iteration=i, fobj=obj)
/home/eirik/miniconda3/envs/GADBench/lib/python3.10/site-packages/xgboost/training.py:200: UserWarning: [17:16:32] WARNING: /__w/xgboost/xgboost/src/learner.cc:782: 
Parameters: { "verbose" } are not used.

  bst.update(dtrain, iteration=i, fobj=obj)

[tolokers | metis_K5 | split 0 | seed 3407]
  metis: 5/5 subgraphs (n: min=1201 med=1725 max=1736 | m: min=4116 med=40794 max=89974)
  Combined: N=8066 M=416538 train=5365 val=2701 unique_origs=8066
  Epoch 0, Loss 0.6974, Val AUROC 0.6403 AUPRC 0.3458 | Test AUROC 0.6324 AUPRC 0.3058
  Epoch 1, Loss 0.6867, Val AUROC 0.6659 AUPRC 0.3709 | Test AUROC 0.6597 AUPRC 0.3418
  Epoch 2, Loss 0.6777, Val AUROC 0.6761 AUPRC 0.3840 | Test AUROC 0.6730 AUPRC 0.3578
  Epoch 3, Loss 0.6679, Val AUROC 0.6794 AUPRC 0.3871 | Test AUROC 0.6782 AUPRC 0.3641
  Epoch 4, Loss 0.6575, Val AUROC 0.6812 AUPRC 0.3878 | Test AUROC 0.6799 AUPRC 0.3665
  Epoch 5, Loss 0.6469, Val AUROC 0.6825 AUPRC 0.3886 | Test AUROC 0.6815 AUPRC 0.3670
  Epoch 6, Loss 0.6365, Val AUROC 0.6840 AUPRC 0.3896 | Test AUROC 0.6836 AUPRC 0.3680
  Epoch 7, Loss 0.6268, Val AUROC 0.6857 AUPRC 0.3908 | Test AUROC 0.6858 AUPRC 0.3684
  Epoch 8, Loss 0.6191, Val AUROC 0.6876 AUPRC 0.3917 | Test AUROC 0.6885 AUPRC 0.3696
  Epoch 9, Loss 0.6143, Val AUROC 0.6907 AUPRC 0.3922 | Test AUROC 0.6920 AUPRC 0.3713
  Epoch 10, Loss 0.6115, Val AUROC 0.6949 AUPRC 0.3936 | Test AUROC 0.6954 AUPRC 0.3727
  Epoch 11, Loss 0.6094, Val AUROC 0.6996 AUPRC 0.3945 | Test AUROC 0.6983 AUPRC 0.3737
  Epoch 12, Loss 0.6063, Val AUROC 0.7072 AUPRC 0.3965 | Test AUROC 0.7027 AUPRC 0.3752
  Epoch 13, Loss 0.6021, Val AUROC 0.7201 AUPRC 0.3995 | Test AUROC 0.7096 AUPRC 0.3777
  Epoch 14, Loss 0.5977, Val AUROC 0.7287 AUPRC 0.4012 | Test AUROC 0.7133 AUPRC 0.3792
  Epoch 15, Loss 0.5936, Val AUROC 0.7342 AUPRC 0.4035 | Test AUROC 0.7138 AUPRC 0.3783
  Epoch 16, Loss 0.5908, Val AUROC 0.7413 AUPRC 0.4061 | Test AUROC 0.7131 AUPRC 0.3767
  Epoch 17, Loss 0.5891, Val AUROC 0.7436 AUPRC 0.4072 | Test AUROC 0.7079 AUPRC 0.3733
  Epoch 18, Loss 0.5883, Val AUROC 0.7448 AUPRC 0.4086 | Test AUROC 0.7068 AUPRC 0.3727
  Epoch 19, Loss 0.5874, Val AUROC 0.7458 AUPRC 0.4098 | Test AUROC 0.7040 AUPRC 0.3708
  Epoch 20, Loss 0.5858, Val AUROC 0.7455 AUPRC 0.4131 | Test AUROC 0.7111 AUPRC 0.3768
  Epoch 21, Loss 0.5835, Val AUROC 0.7463 AUPRC 0.4145 | Test AUROC 0.7126 AUPRC 0.3779
  Epoch 22, Loss 0.5811, Val AUROC 0.7446 AUPRC 0.4171 | Test AUROC 0.7156 AUPRC 0.3804
  Epoch 23, Loss 0.5794, Val AUROC 0.7449 AUPRC 0.4186 | Test AUROC 0.7151 AUPRC 0.3807
  Epoch 24, Loss 0.5785, Val AUROC 0.7468 AUPRC 0.4191 | Test AUROC 0.7138 AUPRC 0.3796
  Epoch 25, Loss 0.5777, Val AUROC 0.7470 AUPRC 0.4196 | Test AUROC 0.7100 AUPRC 0.3781
  Epoch 26, Loss 0.5770, Val AUROC 0.7524 AUPRC 0.4205 | Test AUROC 0.7079 AUPRC 0.3757
  Epoch 28, Loss 0.5757, Val AUROC 0.7521 AUPRC 0.4213 | Test AUROC 0.7057 AUPRC 0.3749
  Epoch 29, Loss 0.5725, Val AUROC 0.7545 AUPRC 0.4233 | Test AUROC 0.7039 AUPRC 0.3736
  Epoch 30, Loss 0.5737, Val AUROC 0.7518 AUPRC 0.4238 | Test AUROC 0.7054 AUPRC 0.3755
  Epoch 31, Loss 0.5715, Val AUROC 0.7521 AUPRC 0.4257 | Test AUROC 0.7073 AUPRC 0.3762
  Epoch 32, Loss 0.5696, Val AUROC 0.7535 AUPRC 0.4279 | Test AUROC 0.7104 AUPRC 0.3780
  Epoch 33, Loss 0.5696, Val AUROC 0.7521 AUPRC 0.4286 | Test AUROC 0.7110 AUPRC 0.3791
  Epoch 34, Loss 0.5674, Val AUROC 0.7513 AUPRC 0.4296 | Test AUROC 0.7104 AUPRC 0.3789
  Epoch 35, Loss 0.5679, Val AUROC 0.7527 AUPRC 0.4307 | Test AUROC 0.7122 AUPRC 0.3802
  Epoch 36, Loss 0.5663, Val AUROC 0.7537 AUPRC 0.4317 | Test AUROC 0.7120 AUPRC 0.3799
  Epoch 37, Loss 0.5661, Val AUROC 0.7535 AUPRC 0.4329 | Test AUROC 0.7097 AUPRC 0.3789
  Epoch 38, Loss 0.5651, Val AUROC 0.7545 AUPRC 0.4335 | Test AUROC 0.7085 AUPRC 0.3782
  Epoch 39, Loss 0.5642, Val AUROC 0.7564 AUPRC 0.4342 | Test AUROC 0.7081 AUPRC 0.3776
  Epoch 40, Loss 0.5641, Val AUROC 0.7565 AUPRC 0.4353 | Test AUROC 0.7064 AUPRC 0.3770
  Epoch 41, Loss 0.5630, Val AUROC 0.7563 AUPRC 0.4371 | Test AUROC 0.7053 AUPRC 0.3763
  Epoch 42, Loss 0.5630, Val AUROC 0.7574 AUPRC 0.4375 | Test AUROC 0.7068 AUPRC 0.3776
  Epoch 43, Loss 0.5617, Val AUROC 0.7577 AUPRC 0.4381 | Test AUROC 0.7084 AUPRC 0.3787
  Epoch 44, Loss 0.5612, Val AUROC 0.7569 AUPRC 0.4404 | Test AUROC 0.7092 AUPRC 0.3793
  Epoch 45, Loss 0.5602, Val AUROC 0.7570 AUPRC 0.4426 | Test AUROC 0.7108 AUPRC 0.3804
  Epoch 46, Loss 0.5591, Val AUROC 0.7576 AUPRC 0.4431 | Test AUROC 0.7123 AUPRC 0.3813
  Epoch 47, Loss 0.5592, Val AUROC 0.7573 AUPRC 0.4449 | Test AUROC 0.7119 AUPRC 0.3805
  Epoch 48, Loss 0.5578, Val AUROC 0.7580 AUPRC 0.4455 | Test AUROC 0.7119 AUPRC 0.3803
  Epoch 51, Loss 0.5558, Val AUROC 0.7591 AUPRC 0.4470 | Test AUROC 0.7120 AUPRC 0.3808
  Epoch 52, Loss 0.5554, Val AUROC 0.7597 AUPRC 0.4472 | Test AUROC 0.7130 AUPRC 0.3817
  Epoch 53, Loss 0.5544, Val AUROC 0.7600 AUPRC 0.4477 | Test AUROC 0.7137 AUPRC 0.3822
  Epoch 54, Loss 0.5541, Val AUROC 0.7599 AUPRC 0.4494 | Test AUROC 0.7140 AUPRC 0.3822
  Epoch 55, Loss 0.5534, Val AUROC 0.7609 AUPRC 0.4500 | Test AUROC 0.7146 AUPRC 0.3829
  Epoch 56, Loss 0.5523, Val AUROC 0.7622 AUPRC 0.4504 | Test AUROC 0.7151 AUPRC 0.3832
  Epoch 57, Loss 0.5519, Val AUROC 0.7619 AUPRC 0.4514 | Test AUROC 0.7154 AUPRC 0.3837
  Epoch 58, Loss 0.5513, Val AUROC 0.7621 AUPRC 0.4524 | Test AUROC 0.7160 AUPRC 0.3840
  Epoch 60, Loss 0.5501, Val AUROC 0.7621 AUPRC 0.4529 | Test AUROC 0.7174 AUPRC 0.3849
  Epoch 61, Loss 0.5493, Val AUROC 0.7619 AUPRC 0.4536 | Test AUROC 0.7174 AUPRC 0.3850
  Epoch 64, Loss 0.5471, Val AUROC 0.7629 AUPRC 0.4537 | Test AUROC 0.7163 AUPRC 0.3839
  Epoch 65, Loss 0.5465, Val AUROC 0.7637 AUPRC 0.4539 | Test AUROC 0.7162 AUPRC 0.3840
  Epoch 66, Loss 0.5456, Val AUROC 0.7637 AUPRC 0.4549 | Test AUROC 0.7164 AUPRC 0.3845
  Epoch 67, Loss 0.5448, Val AUROC 0.7632 AUPRC 0.4566 | Test AUROC 0.7169 AUPRC 0.3848
  Epoch 68, Loss 0.5441, Val AUROC 0.7636 AUPRC 0.4571 | Test AUROC 0.7172 AUPRC 0.3853
  Epoch 69, Loss 0.5432, Val AUROC 0.7639 AUPRC 0.4577 | Test AUROC 0.7175 AUPRC 0.3859
  Epoch 70, Loss 0.5424, Val AUROC 0.7639 AUPRC 0.4582 | Test AUROC 0.7177 AUPRC 0.3860
  Epoch 73, Loss 0.5401, Val AUROC 0.7642 AUPRC 0.4587 | Test AUROC 0.7186 AUPRC 0.3884
  Epoch 74, Loss 0.5394, Val AUROC 0.7645 AUPRC 0.4592 | Test AUROC 0.7187 AUPRC 0.3885
  Epoch 75, Loss 0.5386, Val AUROC 0.7647 AUPRC 0.4601 | Test AUROC 0.7186 AUPRC 0.3888
  Epoch 76, Loss 0.5378, Val AUROC 0.7648 AUPRC 0.4609 | Test AUROC 0.7182 AUPRC 0.3885
  Epoch 77, Loss 0.5370, Val AUROC 0.7652 AUPRC 0.4613 | Test AUROC 0.7175 AUPRC 0.3883
  Epoch 78, Loss 0.5362, Val AUROC 0.7655 AUPRC 0.4625 | Test AUROC 0.7174 AUPRC 0.3883
  Epoch 79, Loss 0.5354, Val AUROC 0.7657 AUPRC 0.4635 | Test AUROC 0.7177 AUPRC 0.3885
  Epoch 80, Loss 0.5347, Val AUROC 0.7659 AUPRC 0.4642 | Test AUROC 0.7177 AUPRC 0.3891
  Epoch 81, Loss 0.5339, Val AUROC 0.7659 AUPRC 0.4646 | Test AUROC 0.7176 AUPRC 0.3892
  Epoch 82, Loss 0.5332, Val AUROC 0.7661 AUPRC 0.4651 | Test AUROC 0.7167 AUPRC 0.3891
  Epoch 83, Loss 0.5324, Val AUROC 0.7666 AUPRC 0.4665 | Test AUROC 0.7162 AUPRC 0.3888
  Epoch 84, Loss 0.5316, Val AUROC 0.7669 AUPRC 0.4677 | Test AUROC 0.7159 AUPRC 0.3888
  Epoch 85, Loss 0.5309, Val AUROC 0.7673 AUPRC 0.4687 | Test AUROC 0.7153 AUPRC 0.3889
  Epoch 86, Loss 0.5302, Val AUROC 0.7674 AUPRC 0.4699 | Test AUROC 0.7155 AUPRC 0.3887
  Epoch 87, Loss 0.5295, Val AUROC 0.7678 AUPRC 0.4702 | Test AUROC 0.7140 AUPRC 0.3883
  Epoch 88, Loss 0.5287, Val AUROC 0.7679 AUPRC 0.4714 | Test AUROC 0.7146 AUPRC 0.3887
  Epoch 89, Loss 0.5280, Val AUROC 0.7685 AUPRC 0.4723 | Test AUROC 0.7133 AUPRC 0.3880
  Epoch 90, Loss 0.5273, Val AUROC 0.7688 AUPRC 0.4737 | Test AUROC 0.7146 AUPRC 0.3889
  Epoch 91, Loss 0.5266, Val AUROC 0.7693 AUPRC 0.4745 | Test AUROC 0.7125 AUPRC 0.3882
  Epoch 92, Loss 0.5262, Val AUROC 0.7689 AUPRC 0.4750 | Test AUROC 0.7145 AUPRC 0.3892
  Epoch 93, Loss 0.5262, Val AUROC 0.7698 AUPRC 0.4759 | Test AUROC 0.7098 AUPRC 0.3873
  Epoch 96, Loss 0.5262, Val AUROC 0.7702 AUPRC 0.4761 | Test AUROC 0.7138 AUPRC 0.3900
  Epoch 98, Loss 0.5236, Val AUROC 0.7709 AUPRC 0.4768 | Test AUROC 0.7089 AUPRC 0.3881
  Epoch 99, Loss 0.5248, Val AUROC 0.7712 AUPRC 0.4778 | Test AUROC 0.7130 AUPRC 0.3904
  Epoch 100, Loss 0.5222, Val AUROC 0.7718 AUPRC 0.4785 | Test AUROC 0.7123 AUPRC 0.3905
  Epoch 101, Loss 0.5213, Val AUROC 0.7727 AUPRC 0.4799 | Test AUROC 0.7092 AUPRC 0.3885
  Epoch 106, Loss 0.5200, Val AUROC 0.7720 AUPRC 0.4799 | Test AUROC 0.7104 AUPRC 0.3901
  Epoch 107, Loss 0.5190, Val AUROC 0.7722 AUPRC 0.4802 | Test AUROC 0.7085 AUPRC 0.3888
  Epoch 108, Loss 0.5195, Val AUROC 0.7720 AUPRC 0.4808 | Test AUROC 0.7117 AUPRC 0.3899
  Epoch 109, Loss 0.5189, Val AUROC 0.7723 AUPRC 0.4808 | Test AUROC 0.7104 AUPRC 0.3895
  Epoch 110, Loss 0.5180, Val AUROC 0.7726 AUPRC 0.4809 | Test AUROC 0.7089 AUPRC 0.3883
  Epoch 112, Loss 0.5183, Val AUROC 0.7726 AUPRC 0.4814 | Test AUROC 0.7091 AUPRC 0.3883
  Epoch 123, Loss 0.5154, Val AUROC 0.7721 AUPRC 0.4815 | Test AUROC 0.7075 AUPRC 0.3875
  Epoch 126, Loss 0.5146, Val AUROC 0.7722 AUPRC 0.4816 | Test AUROC 0.7072 AUPRC 0.3876
  Epoch 129, Loss 0.5142, Val AUROC 0.7717 AUPRC 0.4823 | Test AUROC 0.7080 AUPRC 0.3880
  Epoch 130, Loss 0.5138, Val AUROC 0.7719 AUPRC 0.4826 | Test AUROC 0.7077 AUPRC 0.3880
  Epoch 132, Loss 0.5135, Val AUROC 0.7718 AUPRC 0.4828 | Test AUROC 0.7082 AUPRC 0.3882
  Epoch 136, Loss 0.5132, Val AUROC 0.7717 AUPRC 0.4833 | Test AUROC 0.7077 AUPRC 0.3875
  Epoch 140, Loss 0.5124, Val AUROC 0.7719 AUPRC 0.4833 | Test AUROC 0.7069 AUPRC 0.3873
  Epoch 141, Loss 0.5124, Val AUROC 0.7714 AUPRC 0.4836 | Test AUROC 0.7082 AUPRC 0.3884
  Epoch 143, Loss 0.5128, Val AUROC 0.7715 AUPRC 0.4841 | Test AUROC 0.7093 AUPRC 0.3903
  Epoch 145, Loss 0.5132, Val AUROC 0.7715 AUPRC 0.4845 | Test AUROC 0.7097 AUPRC 0.3911
  Epoch 159, Loss 0.5109, Val AUROC 0.7720 AUPRC 0.4845 | Test AUROC 0.7078 AUPRC 0.3905
  Epoch 160, Loss 0.5104, Val AUROC 0.7726 AUPRC 0.4847 | Test AUROC 0.7069 AUPRC 0.3893
  Epoch 174, Loss 0.5085, Val AUROC 0.7728 AUPRC 0.4849 | Test AUROC 0.7065 AUPRC 0.3886
  Epoch 176, Loss 0.5085, Val AUROC 0.7727 AUPRC 0.4857 | Test AUROC 0.7075 AUPRC 0.3899
  Epoch 178, Loss 0.5092, Val AUROC 0.7724 AUPRC 0.4858 | Test AUROC 0.7084 AUPRC 0.3913
  Epoch 180, Loss 0.5107, Val AUROC 0.7726 AUPRC 0.4859 | Test AUROC 0.7091 AUPRC 0.3918
  Epoch 187, Loss 0.5083, Val AUROC 0.7728 AUPRC 0.4859 | Test AUROC 0.7069 AUPRC 0.3891
  Epoch 0, Loss 0.7414, Val AUROC 0.3618 AUPRC 0.1744 | Test AUROC 0.3812 AUPRC 0.1722
  Epoch 1, Loss 0.7238, Val AUROC 0.4875 AUPRC 0.2180 | Test AUROC 0.5429 AUPRC 0.2389
  Epoch 2, Loss 0.6992, Val AUROC 0.6659 AUPRC 0.2983 | Test AUROC 0.7033 AUPRC 0.3310
  Epoch 3, Loss 0.6762, Val AUROC 0.6858 AUPRC 0.3103 | Test AUROC 0.7073 AUPRC 0.3358
  Epoch 4, Loss 0.6612, Val AUROC 0.6855 AUPRC 0.3140 | Test AUROC 0.7064 AUPRC 0.3382
  Epoch 5, Loss 0.6476, Val AUROC 0.6863 AUPRC 0.3212 | Test AUROC 0.7056 AUPRC 0.3410
  Epoch 6, Loss 0.6337, Val AUROC 0.6884 AUPRC 0.3289 | Test AUROC 0.7048 AUPRC 0.3435
  Epoch 7, Loss 0.6251, Val AUROC 0.6898 AUPRC 0.3311 | Test AUROC 0.7046 AUPRC 0.3440
  Epoch 8, Loss 0.6173, Val AUROC 0.6917 AUPRC 0.3317 | Test AUROC 0.7054 AUPRC 0.3438
  Epoch 9, Loss 0.6093, Val AUROC 0.6947 AUPRC 0.3330 | Test AUROC 0.7077 AUPRC 0.3452
  Epoch 10, Loss 0.6055, Val AUROC 0.6979 AUPRC 0.3360 | Test AUROC 0.7103 AUPRC 0.3478
  Epoch 11, Loss 0.6021, Val AUROC 0.7015 AUPRC 0.3414 | Test AUROC 0.7129 AUPRC 0.3512
  Epoch 12, Loss 0.5983, Val AUROC 0.7052 AUPRC 0.3451 | Test AUROC 0.7162 AUPRC 0.3548
  Epoch 13, Loss 0.5962, Val AUROC 0.7088 AUPRC 0.3478 | Test AUROC 0.7198 AUPRC 0.3578
  Epoch 14, Loss 0.5921, Val AUROC 0.7122 AUPRC 0.3488 | Test AUROC 0.7239 AUPRC 0.3604
  Epoch 15, Loss 0.5881, Val AUROC 0.7160 AUPRC 0.3506 | Test AUROC 0.7283 AUPRC 0.3636
  Epoch 16, Loss 0.5853, Val AUROC 0.7189 AUPRC 0.3523 | Test AUROC 0.7323 AUPRC 0.3674
  Epoch 17, Loss 0.5816, Val AUROC 0.7215 AUPRC 0.3541 | Test AUROC 0.7358 AUPRC 0.3712
  Epoch 18, Loss 0.5803, Val AUROC 0.7234 AUPRC 0.3551 | Test AUROC 0.7383 AUPRC 0.3740
  Epoch 19, Loss 0.5786, Val AUROC 0.7247 AUPRC 0.3560 | Test AUROC 0.7400 AUPRC 0.3765
  Epoch 20, Loss 0.5784, Val AUROC 0.7255 AUPRC 0.3569 | Test AUROC 0.7410 AUPRC 0.3778
  Epoch 21, Loss 0.5769, Val AUROC 0.7261 AUPRC 0.3579 | Test AUROC 0.7415 AUPRC 0.3782
  Epoch 22, Loss 0.5764, Val AUROC 0.7265 AUPRC 0.3582 | Test AUROC 0.7418 AUPRC 0.3773
  Epoch 23, Loss 0.5742, Val AUROC 0.7269 AUPRC 0.3585 | Test AUROC 0.7422 AUPRC 0.3769
  Epoch 24, Loss 0.5731, Val AUROC 0.7267 AUPRC 0.3605 | Test AUROC 0.7419 AUPRC 0.3766
  Epoch 25, Loss 0.5720, Val AUROC 0.7270 AUPRC 0.3609 | Test AUROC 0.7419 AUPRC 0.3760
  Epoch 26, Loss 0.5709, Val AUROC 0.7275 AUPRC 0.3616 | Test AUROC 0.7421 AUPRC 0.3753
  Epoch 27, Loss 0.5704, Val AUROC 0.7278 AUPRC 0.3633 | Test AUROC 0.7418 AUPRC 0.3751
  Epoch 28, Loss 0.5689, Val AUROC 0.7283 AUPRC 0.3652 | Test AUROC 0.7418 AUPRC 0.3754
  Epoch 29, Loss 0.5681, Val AUROC 0.7289 AUPRC 0.3667 | Test AUROC 0.7418 AUPRC 0.3755
  Epoch 30, Loss 0.5668, Val AUROC 0.7297 AUPRC 0.3702 | Test AUROC 0.7418 AUPRC 0.3760
  Epoch 31, Loss 0.5653, Val AUROC 0.7305 AUPRC 0.3736 | Test AUROC 0.7418 AUPRC 0.3765
  Epoch 32, Loss 0.5646, Val AUROC 0.7313 AUPRC 0.3754 | Test AUROC 0.7419 AUPRC 0.3767
  Epoch 33, Loss 0.5632, Val AUROC 0.7320 AUPRC 0.3782 | Test AUROC 0.7418 AUPRC 0.3771
  Epoch 34, Loss 0.5621, Val AUROC 0.7327 AUPRC 0.3812 | Test AUROC 0.7417 AUPRC 0.3779
  Epoch 35, Loss 0.5611, Val AUROC 0.7334 AUPRC 0.3838 | Test AUROC 0.7416 AUPRC 0.3780
  Epoch 36, Loss 0.5596, Val AUROC 0.7337 AUPRC 0.3857 | Test AUROC 0.7413 AUPRC 0.3776
  Epoch 37, Loss 0.5587, Val AUROC 0.7341 AUPRC 0.3891 | Test AUROC 0.7412 AUPRC 0.3787
  Epoch 38, Loss 0.5578, Val AUROC 0.7343 AUPRC 0.3909 | Test AUROC 0.7409 AUPRC 0.3781
  Epoch 39, Loss 0.5566, Val AUROC 0.7348 AUPRC 0.3925 | Test AUROC 0.7407 AUPRC 0.3774
  Epoch 40, Loss 0.5559, Val AUROC 0.7355 AUPRC 0.3950 | Test AUROC 0.7403 AUPRC 0.3769
  Epoch 41, Loss 0.5552, Val AUROC 0.7359 AUPRC 0.3963 | Test AUROC 0.7398 AUPRC 0.3759
  Epoch 42, Loss 0.5544, Val AUROC 0.7362 AUPRC 0.3972 | Test AUROC 0.7394 AUPRC 0.3757
  Epoch 43, Loss 0.5538, Val AUROC 0.7366 AUPRC 0.3983 | Test AUROC 0.7392 AUPRC 0.3744
  Epoch 44, Loss 0.5531, Val AUROC 0.7368 AUPRC 0.3983 | Test AUROC 0.7389 AUPRC 0.3736
  Epoch 45, Loss 0.5524, Val AUROC 0.7372 AUPRC 0.3996 | Test AUROC 0.7386 AUPRC 0.3735
  Epoch 46, Loss 0.5518, Val AUROC 0.7376 AUPRC 0.4015 | Test AUROC 0.7383 AUPRC 0.3726
  Epoch 47, Loss 0.5514, Val AUROC 0.7380 AUPRC 0.4039 | Test AUROC 0.7379 AUPRC 0.3709
  Epoch 48, Loss 0.5507, Val AUROC 0.7384 AUPRC 0.4060 | Test AUROC 0.7375 AUPRC 0.3699
  Epoch 49, Loss 0.5501, Val AUROC 0.7388 AUPRC 0.4078 | Test AUROC 0.7370 AUPRC 0.3687
  Epoch 50, Loss 0.5496, Val AUROC 0.7390 AUPRC 0.4083 | Test AUROC 0.7365 AUPRC 0.3676
  Epoch 51, Loss 0.5492, Val AUROC 0.7393 AUPRC 0.4090 | Test AUROC 0.7362 AUPRC 0.3666
  Epoch 52, Loss 0.5489, Val AUROC 0.7395 AUPRC 0.4097 | Test AUROC 0.7359 AUPRC 0.3653
  Epoch 53, Loss 0.5486, Val AUROC 0.7399 AUPRC 0.4104 | Test AUROC 0.7359 AUPRC 0.3645
  Epoch 55, Loss 0.5477, Val AUROC 0.7406 AUPRC 0.4106 | Test AUROC 0.7363 AUPRC 0.3638
  Epoch 56, Loss 0.5473, Val AUROC 0.7409 AUPRC 0.4108 | Test AUROC 0.7366 AUPRC 0.3636
  Epoch 57, Loss 0.5469, Val AUROC 0.7413 AUPRC 0.4116 | Test AUROC 0.7370 AUPRC 0.3638
  Epoch 58, Loss 0.5464, Val AUROC 0.7416 AUPRC 0.4119 | Test AUROC 0.7375 AUPRC 0.3646
  Epoch 59, Loss 0.5460, Val AUROC 0.7420 AUPRC 0.4121 | Test AUROC 0.7378 AUPRC 0.3652
  Epoch 63, Loss 0.5473, Val AUROC 0.7428 AUPRC 0.4126 | Test AUROC 0.7387 AUPRC 0.3649
  Epoch 64, Loss 0.5479, Val AUROC 0.7429 AUPRC 0.4129 | Test AUROC 0.7393 AUPRC 0.3656
  Epoch 65, Loss 0.5444, Val AUROC 0.7431 AUPRC 0.4134 | Test AUROC 0.7390 AUPRC 0.3650
  Epoch 66, Loss 0.5441, Val AUROC 0.7433 AUPRC 0.4141 | Test AUROC 0.7381 AUPRC 0.3630
  Epoch 67, Loss 0.5458, Val AUROC 0.7432 AUPRC 0.4146 | Test AUROC 0.7387 AUPRC 0.3643
  Epoch 68, Loss 0.5434, Val AUROC 0.7434 AUPRC 0.4151 | Test AUROC 0.7385 AUPRC 0.3638
  Epoch 76, Loss 0.5421, Val AUROC 0.7442 AUPRC 0.4153 | Test AUROC 0.7384 AUPRC 0.3625
  Epoch 77, Loss 0.5408, Val AUROC 0.7444 AUPRC 0.4153 | Test AUROC 0.7386 AUPRC 0.3628
  Epoch 78, Loss 0.5415, Val AUROC 0.7447 AUPRC 0.4161 | Test AUROC 0.7379 AUPRC 0.3616
  Epoch 79, Loss 0.5411, Val AUROC 0.7449 AUPRC 0.4162 | Test AUROC 0.7380 AUPRC 0.3618
  Epoch 81, Loss 0.5409, Val AUROC 0.7454 AUPRC 0.4165 | Test AUROC 0.7377 AUPRC 0.3612
  Epoch 85, Loss 0.5396, Val AUROC 0.7462 AUPRC 0.4167 | Test AUROC 0.7381 AUPRC 0.3616
  Epoch 87, Loss 0.5396, Val AUROC 0.7463 AUPRC 0.4167 | Test AUROC 0.7380 AUPRC 0.3616
  Epoch 94, Loss 0.5383, Val AUROC 0.7461 AUPRC 0.4169 | Test AUROC 0.7383 AUPRC 0.3616
  Epoch 95, Loss 0.5380, Val AUROC 0.7461 AUPRC 0.4171 | Test AUROC 0.7384 AUPRC 0.3616
  Epoch 98, Loss 0.5377, Val AUROC 0.7462 AUPRC 0.4172 | Test AUROC 0.7384 AUPRC 0.3610
  Epoch 99, Loss 0.5376, Val AUROC 0.7463 AUPRC 0.4179 | Test AUROC 0.7383 AUPRC 0.3606
  Epoch 0, Loss 1.0971, Val AUROC 0.5195 AUPRC 0.2336 | Test AUROC 0.5088 AUPRC 0.2168
  Epoch 1, Loss 0.6957, Val AUROC 0.5743 AUPRC 0.2691 | Test AUROC 0.5168 AUPRC 0.2173
  Epoch 2, Loss 0.7406, Val AUROC 0.6382 AUPRC 0.3074 | Test AUROC 0.5866 AUPRC 0.2556
  Epoch 3, Loss 0.7367, Val AUROC 0.6765 AUPRC 0.3295 | Test AUROC 0.6518 AUPRC 0.3035
  Epoch 4, Loss 0.6928, Val AUROC 0.6883 AUPRC 0.3363 | Test AUROC 0.6834 AUPRC 0.3278
  Epoch 7, Loss 0.6646, Val AUROC 0.6935 AUPRC 0.3409 | Test AUROC 0.6947 AUPRC 0.3471
  Epoch 8, Loss 0.6695, Val AUROC 0.6977 AUPRC 0.3431 | Test AUROC 0.6974 AUPRC 0.3470
  Epoch 9, Loss 0.6624, Val AUROC 0.7008 AUPRC 0.3454 | Test AUROC 0.7000 AUPRC 0.3448
  Epoch 10, Loss 0.6490, Val AUROC 0.7055 AUPRC 0.3519 | Test AUROC 0.7021 AUPRC 0.3416
  Epoch 11, Loss 0.6371, Val AUROC 0.7118 AUPRC 0.3627 | Test AUROC 0.7060 AUPRC 0.3445
  Epoch 12, Loss 0.6290, Val AUROC 0.7188 AUPRC 0.3707 | Test AUROC 0.7096 AUPRC 0.3478
  Epoch 13, Loss 0.6214, Val AUROC 0.7217 AUPRC 0.3721 | Test AUROC 0.7135 AUPRC 0.3506
  Epoch 14, Loss 0.6122, Val AUROC 0.7238 AUPRC 0.3739 | Test AUROC 0.7173 AUPRC 0.3539
  Epoch 15, Loss 0.6042, Val AUROC 0.7260 AUPRC 0.3768 | Test AUROC 0.7204 AUPRC 0.3557
  Epoch 16, Loss 0.5977, Val AUROC 0.7289 AUPRC 0.3812 | Test AUROC 0.7225 AUPRC 0.3568
  Epoch 17, Loss 0.5883, Val AUROC 0.7324 AUPRC 0.3870 | Test AUROC 0.7237 AUPRC 0.3572
  Epoch 18, Loss 0.5816, Val AUROC 0.7362 AUPRC 0.3927 | Test AUROC 0.7261 AUPRC 0.3584
  Epoch 19, Loss 0.5758, Val AUROC 0.7398 AUPRC 0.3978 | Test AUROC 0.7297 AUPRC 0.3608
  Epoch 20, Loss 0.5717, Val AUROC 0.7424 AUPRC 0.3988 | Test AUROC 0.7314 AUPRC 0.3609
  Epoch 21, Loss 0.5674, Val AUROC 0.7447 AUPRC 0.4000 | Test AUROC 0.7312 AUPRC 0.3586
  Epoch 22, Loss 0.5644, Val AUROC 0.7477 AUPRC 0.4016 | Test AUROC 0.7332 AUPRC 0.3591
  Epoch 23, Loss 0.5591, Val AUROC 0.7503 AUPRC 0.4038 | Test AUROC 0.7357 AUPRC 0.3604
  Epoch 24, Loss 0.5565, Val AUROC 0.7523 AUPRC 0.4048 | Test AUROC 0.7363 AUPRC 0.3596
  Epoch 25, Loss 0.5527, Val AUROC 0.7552 AUPRC 0.4080 | Test AUROC 0.7385 AUPRC 0.3611
  Epoch 26, Loss 0.5491, Val AUROC 0.7586 AUPRC 0.4125 | Test AUROC 0.7416 AUPRC 0.3643
  Epoch 27, Loss 0.5465, Val AUROC 0.7615 AUPRC 0.4165 | Test AUROC 0.7427 AUPRC 0.3650
  Epoch 28, Loss 0.5423, Val AUROC 0.7646 AUPRC 0.4222 | Test AUROC 0.7449 AUPRC 0.3671
  Epoch 29, Loss 0.5392, Val AUROC 0.7681 AUPRC 0.4316 | Test AUROC 0.7484 AUPRC 0.3727
  Epoch 30, Loss 0.5362, Val AUROC 0.7709 AUPRC 0.4394 | Test AUROC 0.7496 AUPRC 0.3752
  Epoch 31, Loss 0.5328, Val AUROC 0.7736 AUPRC 0.4476 | Test AUROC 0.7505 AUPRC 0.3775
  Epoch 32, Loss 0.5310, Val AUROC 0.7759 AUPRC 0.4581 | Test AUROC 0.7525 AUPRC 0.3839
  Epoch 33, Loss 0.5291, Val AUROC 0.7785 AUPRC 0.4637 | Test AUROC 0.7526 AUPRC 0.3847
  Epoch 34, Loss 0.5268, Val AUROC 0.7807 AUPRC 0.4677 | Test AUROC 0.7526 AUPRC 0.3856
  Epoch 35, Loss 0.5254, Val AUROC 0.7824 AUPRC 0.4731 | Test AUROC 0.7534 AUPRC 0.3892
  Epoch 36, Loss 0.5236, Val AUROC 0.7846 AUPRC 0.4750 | Test AUROC 0.7528 AUPRC 0.3876
  Epoch 37, Loss 0.5209, Val AUROC 0.7859 AUPRC 0.4781 | Test AUROC 0.7531 AUPRC 0.3891
  Epoch 38, Loss 0.5182, Val AUROC 0.7872 AUPRC 0.4810 | Test AUROC 0.7530 AUPRC 0.3903
  Epoch 40, Loss 0.5146, Val AUROC 0.7894 AUPRC 0.4858 | Test AUROC 0.7527 AUPRC 0.3924
  Epoch 42, Loss 0.5112, Val AUROC 0.7917 AUPRC 0.4922 | Test AUROC 0.7528 AUPRC 0.3930
  Epoch 43, Loss 0.5088, Val AUROC 0.7928 AUPRC 0.4939 | Test AUROC 0.7524 AUPRC 0.3915
  Epoch 44, Loss 0.5061, Val AUROC 0.7941 AUPRC 0.5002 | Test AUROC 0.7528 AUPRC 0.3938
  Epoch 45, Loss 0.5040, Val AUROC 0.7958 AUPRC 0.5074 | Test AUROC 0.7528 AUPRC 0.3966
  Epoch 46, Loss 0.5026, Val AUROC 0.7970 AUPRC 0.5107 | Test AUROC 0.7521 AUPRC 0.3964
  Epoch 47, Loss 0.5016, Val AUROC 0.7988 AUPRC 0.5185 | Test AUROC 0.7519 AUPRC 0.4031
  Epoch 48, Loss 0.5010, Val AUROC 0.7995 AUPRC 0.5197 | Test AUROC 0.7513 AUPRC 0.3996
  Epoch 49, Loss 0.5000, Val AUROC 0.8014 AUPRC 0.5257 | Test AUROC 0.7510 AUPRC 0.4063
  Epoch 51, Loss 0.4957, Val AUROC 0.8031 AUPRC 0.5290 | Test AUROC 0.7511 AUPRC 0.4069
  Epoch 52, Loss 0.4939, Val AUROC 0.8036 AUPRC 0.5307 | Test AUROC 0.7511 AUPRC 0.4081
  Epoch 54, Loss 0.4929, Val AUROC 0.8038 AUPRC 0.5330 | Test AUROC 0.7510 AUPRC 0.4106
  Epoch 56, Loss 0.4932, Val AUROC 0.8038 AUPRC 0.5334 | Test AUROC 0.7499 AUPRC 0.4094
  Epoch 64, Loss 0.4823, Val AUROC 0.8061 AUPRC 0.5351 | Test AUROC 0.7494 AUPRC 0.4091
  Epoch 66, Loss 0.4825, Val AUROC 0.8069 AUPRC 0.5356 | Test AUROC 0.7502 AUPRC 0.4107
  Epoch 73, Loss 0.4763, Val AUROC 0.8073 AUPRC 0.5358 | Test AUROC 0.7518 AUPRC 0.4131
  Epoch 80, Loss 0.4704, Val AUROC 0.8075 AUPRC 0.5360 | Test AUROC 0.7521 AUPRC 0.4173
tensor([[0.0000, 0.0000, 0.0000,  ..., 0.4160, 0.9984, 0.9929],
        [0.0000, 0.0000, 0.2000,  ..., 0.4020, 0.9979, 0.9695],
        [0.9417, 0.0000, 0.0194,  ..., 0.4388, 0.9981, 0.9819],
        ...,
        [0.8111, 0.1682, 0.0207,  ..., 0.7869, 0.9995, 0.7992],
        [0.9828, 0.0000, 0.0172,  ..., 0.7861, 0.9992, 0.8452],
        [0.4715, 0.0000, 0.0366,  ..., 0.7858, 0.9988, 0.8441]],
       device='cuda:0')
tensor([[0.8070, 0.0322, 0.0221,  ..., 1.0000, 1.0000, 1.0000],
        [0.0000, 0.0000, 0.0000,  ..., 0.0000, 1.0000, 1.0000],
        [0.0000, 0.0000, 0.2000,  ..., 0.0000, 1.0000, 1.0000],
        ...,
        [0.0784, 0.0000, 0.0000,  ..., 0.8407, 0.9986, 0.8435],
        [0.9828, 0.0000, 0.0172,  ..., 0.7935, 0.9991, 0.8339],
        [0.4715, 0.0000, 0.0366,  ..., 0.8006, 0.9991, 0.8334]],
       device='cuda:0')
/home/eirik/miniconda3/envs/GADBench/lib/python3.10/site-packages/xgboost/training.py:200: UserWarning: [17:16:56] WARNING: /__w/xgboost/xgboost/src/learner.cc:782: 
Parameters: { "drop_rate", "h_feats", "lr", "num_layers", "verbose" } are not used.

  bst.update(dtrain, iteration=i, fobj=obj)
/home/eirik/miniconda3/envs/GADBench/lib/python3.10/site-packages/xgboost/training.py:200: UserWarning: [17:16:57] WARNING: /__w/xgboost/xgboost/src/learner.cc:782: 
Parameters: { "verbose" } are not used.

  bst.update(dtrain, iteration=i, fobj=obj)

[tolokers | bfs_part_mn32 | split 0 | seed 3407]
  bfs_partition: 290/290 subgraphs (n: min=2 med=2 max=500 | m: min=1 med=1 max=18700)
  Combined: N=6938 M=136894 train=4608 val=2330 unique_origs=6938
  Epoch 0, Loss 0.6945, Val AUROC 0.6044 AUPRC 0.2868 | Test AUROC 0.5253 AUPRC 0.2344
  Epoch 1, Loss 0.6826, Val AUROC 0.6115 AUPRC 0.2932 | Test AUROC 0.5270 AUPRC 0.2346
  Epoch 2, Loss 0.6766, Val AUROC 0.6351 AUPRC 0.3151 | Test AUROC 0.5560 AUPRC 0.2451
  Epoch 3, Loss 0.6691, Val AUROC 0.6605 AUPRC 0.3498 | Test AUROC 0.6103 AUPRC 0.2839
  Epoch 4, Loss 0.6597, Val AUROC 0.6728 AUPRC 0.3753 | Test AUROC 0.6707 AUPRC 0.3515
  Epoch 5, Loss 0.6502, Val AUROC 0.6770 AUPRC 0.3850 | Test AUROC 0.6812 AUPRC 0.3636
  Epoch 22, Loss 0.5958, Val AUROC 0.7086 AUPRC 0.3856 | Test AUROC 0.7058 AUPRC 0.3724
  Epoch 25, Loss 0.5915, Val AUROC 0.7122 AUPRC 0.3862 | Test AUROC 0.7037 AUPRC 0.3716
  Epoch 26, Loss 0.5897, Val AUROC 0.7158 AUPRC 0.3901 | Test AUROC 0.7030 AUPRC 0.3710
  Epoch 27, Loss 0.5879, Val AUROC 0.7185 AUPRC 0.3925 | Test AUROC 0.6973 AUPRC 0.3668
  Epoch 28, Loss 0.5866, Val AUROC 0.7208 AUPRC 0.3951 | Test AUROC 0.6947 AUPRC 0.3648
  Epoch 29, Loss 0.5859, Val AUROC 0.7223 AUPRC 0.3973 | Test AUROC 0.6912 AUPRC 0.3623
  Epoch 30, Loss 0.5845, Val AUROC 0.7230 AUPRC 0.4005 | Test AUROC 0.6957 AUPRC 0.3653
  Epoch 31, Loss 0.5828, Val AUROC 0.7237 AUPRC 0.4021 | Test AUROC 0.6931 AUPRC 0.3631
  Epoch 32, Loss 0.5818, Val AUROC 0.7235 AUPRC 0.4032 | Test AUROC 0.7006 AUPRC 0.3682
  Epoch 33, Loss 0.5814, Val AUROC 0.7249 AUPRC 0.4069 | Test AUROC 0.6975 AUPRC 0.3651
  Epoch 34, Loss 0.5799, Val AUROC 0.7261 AUPRC 0.4088 | Test AUROC 0.7002 AUPRC 0.3667
  Epoch 35, Loss 0.5783, Val AUROC 0.7271 AUPRC 0.4106 | Test AUROC 0.7019 AUPRC 0.3674
  Epoch 36, Loss 0.5777, Val AUROC 0.7288 AUPRC 0.4160 | Test AUROC 0.6986 AUPRC 0.3640
  Epoch 37, Loss 0.5773, Val AUROC 0.7285 AUPRC 0.4162 | Test AUROC 0.7033 AUPRC 0.3676
  Epoch 38, Loss 0.5766, Val AUROC 0.7292 AUPRC 0.4176 | Test AUROC 0.7028 AUPRC 0.3672
  Epoch 39, Loss 0.5753, Val AUROC 0.7292 AUPRC 0.4176 | Test AUROC 0.7050 AUPRC 0.3689
  Epoch 42, Loss 0.5735, Val AUROC 0.7303 AUPRC 0.4178 | Test AUROC 0.7098 AUPRC 0.3719
  Epoch 43, Loss 0.5725, Val AUROC 0.7313 AUPRC 0.4181 | Test AUROC 0.7088 AUPRC 0.3703
  Epoch 46, Loss 0.5708, Val AUROC 0.7335 AUPRC 0.4200 | Test AUROC 0.7088 AUPRC 0.3695
  Epoch 47, Loss 0.5704, Val AUROC 0.7333 AUPRC 0.4213 | Test AUROC 0.7140 AUPRC 0.3746
  Epoch 48, Loss 0.5698, Val AUROC 0.7339 AUPRC 0.4223 | Test AUROC 0.7133 AUPRC 0.3734
  Epoch 49, Loss 0.5686, Val AUROC 0.7339 AUPRC 0.4231 | Test AUROC 0.7152 AUPRC 0.3758
  Epoch 51, Loss 0.5675, Val AUROC 0.7345 AUPRC 0.4238 | Test AUROC 0.7140 AUPRC 0.3744
  Epoch 53, Loss 0.5660, Val AUROC 0.7340 AUPRC 0.4242 | Test AUROC 0.7160 AUPRC 0.3767
  Epoch 54, Loss 0.5654, Val AUROC 0.7346 AUPRC 0.4259 | Test AUROC 0.7153 AUPRC 0.3762
  Epoch 56, Loss 0.5648, Val AUROC 0.7349 AUPRC 0.4272 | Test AUROC 0.7164 AUPRC 0.3771
  Epoch 57, Loss 0.5637, Val AUROC 0.7353 AUPRC 0.4285 | Test AUROC 0.7170 AUPRC 0.3776
  Epoch 58, Loss 0.5632, Val AUROC 0.7352 AUPRC 0.4289 | Test AUROC 0.7184 AUPRC 0.3790
  Epoch 59, Loss 0.5629, Val AUROC 0.7358 AUPRC 0.4300 | Test AUROC 0.7171 AUPRC 0.3772
  Epoch 62, Loss 0.5608, Val AUROC 0.7361 AUPRC 0.4311 | Test AUROC 0.7174 AUPRC 0.3782
  Epoch 64, Loss 0.5598, Val AUROC 0.7362 AUPRC 0.4316 | Test AUROC 0.7176 AUPRC 0.3778
  Epoch 66, Loss 0.5584, Val AUROC 0.7366 AUPRC 0.4317 | Test AUROC 0.7191 AUPRC 0.3808
  Epoch 67, Loss 0.5577, Val AUROC 0.7368 AUPRC 0.4320 | Test AUROC 0.7191 AUPRC 0.3811
  Epoch 69, Loss 0.5568, Val AUROC 0.7371 AUPRC 0.4326 | Test AUROC 0.7181 AUPRC 0.3798
  Epoch 71, Loss 0.5557, Val AUROC 0.7375 AUPRC 0.4336 | Test AUROC 0.7194 AUPRC 0.3815
  Epoch 72, Loss 0.5552, Val AUROC 0.7378 AUPRC 0.4338 | Test AUROC 0.7207 AUPRC 0.3834
  Epoch 73, Loss 0.5546, Val AUROC 0.7383 AUPRC 0.4350 | Test AUROC 0.7205 AUPRC 0.3835
  Epoch 74, Loss 0.5541, Val AUROC 0.7384 AUPRC 0.4350 | Test AUROC 0.7210 AUPRC 0.3838
  Epoch 75, Loss 0.5535, Val AUROC 0.7386 AUPRC 0.4359 | Test AUROC 0.7201 AUPRC 0.3826
  Epoch 76, Loss 0.5529, Val AUROC 0.7384 AUPRC 0.4361 | Test AUROC 0.7197 AUPRC 0.3817
  Epoch 77, Loss 0.5523, Val AUROC 0.7387 AUPRC 0.4372 | Test AUROC 0.7192 AUPRC 0.3820
  Epoch 78, Loss 0.5517, Val AUROC 0.7388 AUPRC 0.4374 | Test AUROC 0.7196 AUPRC 0.3820
  Epoch 79, Loss 0.5511, Val AUROC 0.7390 AUPRC 0.4382 | Test AUROC 0.7194 AUPRC 0.3823
  Epoch 81, Loss 0.5501, Val AUROC 0.7390 AUPRC 0.4390 | Test AUROC 0.7192 AUPRC 0.3815
  Epoch 83, Loss 0.5497, Val AUROC 0.7390 AUPRC 0.4398 | Test AUROC 0.7177 AUPRC 0.3792
  Epoch 90, Loss 0.5457, Val AUROC 0.7393 AUPRC 0.4403 | Test AUROC 0.7161 AUPRC 0.3778
  Epoch 92, Loss 0.5447, Val AUROC 0.7396 AUPRC 0.4407 | Test AUROC 0.7148 AUPRC 0.3761
  Epoch 94, Loss 0.5426, Val AUROC 0.7394 AUPRC 0.4409 | Test AUROC 0.7146 AUPRC 0.3778
  Epoch 95, Loss 0.5421, Val AUROC 0.7394 AUPRC 0.4421 | Test AUROC 0.7145 AUPRC 0.3772
  Epoch 97, Loss 0.5420, Val AUROC 0.7394 AUPRC 0.4432 | Test AUROC 0.7128 AUPRC 0.3745
  Epoch 99, Loss 0.5413, Val AUROC 0.7395 AUPRC 0.4445 | Test AUROC 0.7127 AUPRC 0.3752
  Epoch 102, Loss 0.5387, Val AUROC 0.7394 AUPRC 0.4446 | Test AUROC 0.7113 AUPRC 0.3747
  Epoch 103, Loss 0.5384, Val AUROC 0.7391 AUPRC 0.4447 | Test AUROC 0.7098 AUPRC 0.3736
  Epoch 104, Loss 0.5385, Val AUROC 0.7395 AUPRC 0.4460 | Test AUROC 0.7115 AUPRC 0.3751
  Epoch 106, Loss 0.5388, Val AUROC 0.7397 AUPRC 0.4477 | Test AUROC 0.7107 AUPRC 0.3743
  Epoch 111, Loss 0.5356, Val AUROC 0.7396 AUPRC 0.4478 | Test AUROC 0.7088 AUPRC 0.3713
  Epoch 113, Loss 0.5362, Val AUROC 0.7395 AUPRC 0.4487 | Test AUROC 0.7075 AUPRC 0.3694
  Epoch 118, Loss 0.5333, Val AUROC 0.7392 AUPRC 0.4489 | Test AUROC 0.7047 AUPRC 0.3660
  Epoch 130, Loss 0.5284, Val AUROC 0.7391 AUPRC 0.4492 | Test AUROC 0.6973 AUPRC 0.3589
  Epoch 132, Loss 0.5298, Val AUROC 0.7392 AUPRC 0.4502 | Test AUROC 0.6973 AUPRC 0.3591
  Epoch 137, Loss 0.5275, Val AUROC 0.7391 AUPRC 0.4510 | Test AUROC 0.6940 AUPRC 0.3566
  Epoch 0, Loss 0.7423, Val AUROC 0.3684 AUPRC 0.1855 | Test AUROC 0.3862 AUPRC 0.1747
  Epoch 1, Loss 0.7176, Val AUROC 0.5281 AUPRC 0.2531 | Test AUROC 0.5919 AUPRC 0.2656
  Epoch 2, Loss 0.6948, Val AUROC 0.6612 AUPRC 0.3233 | Test AUROC 0.7079 AUPRC 0.3339
  Epoch 3, Loss 0.6718, Val AUROC 0.6733 AUPRC 0.3362 | Test AUROC 0.7066 AUPRC 0.3344
  Epoch 4, Loss 0.6559, Val AUROC 0.6744 AUPRC 0.3416 | Test AUROC 0.7047 AUPRC 0.3345
  Epoch 5, Loss 0.6430, Val AUROC 0.6762 AUPRC 0.3458 | Test AUROC 0.7034 AUPRC 0.3355
  Epoch 6, Loss 0.6303, Val AUROC 0.6779 AUPRC 0.3491 | Test AUROC 0.7036 AUPRC 0.3377
  Epoch 7, Loss 0.6227, Val AUROC 0.6800 AUPRC 0.3516 | Test AUROC 0.7050 AUPRC 0.3392
  Epoch 8, Loss 0.6177, Val AUROC 0.6821 AUPRC 0.3527 | Test AUROC 0.7070 AUPRC 0.3399
  Epoch 9, Loss 0.6125, Val AUROC 0.6840 AUPRC 0.3541 | Test AUROC 0.7099 AUPRC 0.3417
  Epoch 18, Loss 0.5946, Val AUROC 0.7047 AUPRC 0.3550 | Test AUROC 0.7397 AUPRC 0.3736
  Epoch 19, Loss 0.5947, Val AUROC 0.7058 AUPRC 0.3562 | Test AUROC 0.7403 AUPRC 0.3741
  Epoch 20, Loss 0.5938, Val AUROC 0.7067 AUPRC 0.3573 | Test AUROC 0.7406 AUPRC 0.3732
  Epoch 21, Loss 0.5924, Val AUROC 0.7072 AUPRC 0.3585 | Test AUROC 0.7402 AUPRC 0.3714
  Epoch 22, Loss 0.5906, Val AUROC 0.7075 AUPRC 0.3596 | Test AUROC 0.7394 AUPRC 0.3682
  Epoch 23, Loss 0.5892, Val AUROC 0.7078 AUPRC 0.3617 | Test AUROC 0.7386 AUPRC 0.3654
  Epoch 24, Loss 0.5885, Val AUROC 0.7087 AUPRC 0.3661 | Test AUROC 0.7378 AUPRC 0.3635
  Epoch 25, Loss 0.5872, Val AUROC 0.7101 AUPRC 0.3705 | Test AUROC 0.7372 AUPRC 0.3626
  Epoch 26, Loss 0.5858, Val AUROC 0.7120 AUPRC 0.3722 | Test AUROC 0.7370 AUPRC 0.3629
  Epoch 27, Loss 0.5843, Val AUROC 0.7137 AUPRC 0.3731 | Test AUROC 0.7381 AUPRC 0.3647
  Epoch 28, Loss 0.5823, Val AUROC 0.7154 AUPRC 0.3749 | Test AUROC 0.7393 AUPRC 0.3662
  Epoch 29, Loss 0.5806, Val AUROC 0.7168 AUPRC 0.3762 | Test AUROC 0.7401 AUPRC 0.3682
  Epoch 30, Loss 0.5790, Val AUROC 0.7182 AUPRC 0.3783 | Test AUROC 0.7403 AUPRC 0.3707
  Epoch 31, Loss 0.5774, Val AUROC 0.7194 AUPRC 0.3804 | Test AUROC 0.7405 AUPRC 0.3718
  Epoch 32, Loss 0.5762, Val AUROC 0.7205 AUPRC 0.3846 | Test AUROC 0.7404 AUPRC 0.3727
  Epoch 33, Loss 0.5748, Val AUROC 0.7216 AUPRC 0.3884 | Test AUROC 0.7398 AUPRC 0.3722
  Epoch 34, Loss 0.5735, Val AUROC 0.7223 AUPRC 0.3913 | Test AUROC 0.7389 AUPRC 0.3697
  Epoch 35, Loss 0.5723, Val AUROC 0.7231 AUPRC 0.3950 | Test AUROC 0.7382 AUPRC 0.3684
  Epoch 36, Loss 0.5713, Val AUROC 0.7238 AUPRC 0.3974 | Test AUROC 0.7375 AUPRC 0.3665
  Epoch 37, Loss 0.5702, Val AUROC 0.7245 AUPRC 0.4001 | Test AUROC 0.7370 AUPRC 0.3647
  Epoch 38, Loss 0.5692, Val AUROC 0.7250 AUPRC 0.4022 | Test AUROC 0.7367 AUPRC 0.3625
  Epoch 39, Loss 0.5682, Val AUROC 0.7256 AUPRC 0.4046 | Test AUROC 0.7365 AUPRC 0.3599
  Epoch 40, Loss 0.5673, Val AUROC 0.7262 AUPRC 0.4070 | Test AUROC 0.7363 AUPRC 0.3579
  Epoch 41, Loss 0.5665, Val AUROC 0.7265 AUPRC 0.4087 | Test AUROC 0.7361 AUPRC 0.3559
  Epoch 42, Loss 0.5658, Val AUROC 0.7270 AUPRC 0.4103 | Test AUROC 0.7356 AUPRC 0.3537
  Epoch 43, Loss 0.5651, Val AUROC 0.7274 AUPRC 0.4120 | Test AUROC 0.7347 AUPRC 0.3514
  Epoch 44, Loss 0.5644, Val AUROC 0.7279 AUPRC 0.4138 | Test AUROC 0.7337 AUPRC 0.3493
  Epoch 45, Loss 0.5638, Val AUROC 0.7284 AUPRC 0.4152 | Test AUROC 0.7325 AUPRC 0.3477
  Epoch 46, Loss 0.5632, Val AUROC 0.7291 AUPRC 0.4162 | Test AUROC 0.7318 AUPRC 0.3470
  Epoch 47, Loss 0.5626, Val AUROC 0.7297 AUPRC 0.4169 | Test AUROC 0.7313 AUPRC 0.3465
  Epoch 51, Loss 0.5609, Val AUROC 0.7302 AUPRC 0.4179 | Test AUROC 0.7326 AUPRC 0.3486
  Epoch 58, Loss 0.5589, Val AUROC 0.7313 AUPRC 0.4179 | Test AUROC 0.7316 AUPRC 0.3468
  Epoch 60, Loss 0.5585, Val AUROC 0.7318 AUPRC 0.4180 | Test AUROC 0.7316 AUPRC 0.3470
  Epoch 0, Loss 1.0017, Val AUROC 0.4703 AUPRC 0.2233 | Test AUROC 0.5197 AUPRC 0.2242
  Epoch 1, Loss 0.7016, Val AUROC 0.5174 AUPRC 0.2370 | Test AUROC 0.5505 AUPRC 0.2301
  Epoch 2, Loss 0.7331, Val AUROC 0.5963 AUPRC 0.2970 | Test AUROC 0.6253 AUPRC 0.2785
  Epoch 3, Loss 0.7233, Val AUROC 0.6339 AUPRC 0.3272 | Test AUROC 0.6713 AUPRC 0.3145
  Epoch 8, Loss 0.6690, Val AUROC 0.6564 AUPRC 0.3273 | Test AUROC 0.6827 AUPRC 0.3385
  Epoch 9, Loss 0.6593, Val AUROC 0.6613 AUPRC 0.3293 | Test AUROC 0.6862 AUPRC 0.3376
  Epoch 10, Loss 0.6466, Val AUROC 0.6666 AUPRC 0.3351 | Test AUROC 0.6893 AUPRC 0.3340
  Epoch 11, Loss 0.6390, Val AUROC 0.6720 AUPRC 0.3408 | Test AUROC 0.6925 AUPRC 0.3314
  Epoch 12, Loss 0.6380, Val AUROC 0.6767 AUPRC 0.3491 | Test AUROC 0.6951 AUPRC 0.3317
  Epoch 13, Loss 0.6376, Val AUROC 0.6803 AUPRC 0.3565 | Test AUROC 0.6985 AUPRC 0.3365
  Epoch 14, Loss 0.6307, Val AUROC 0.6843 AUPRC 0.3614 | Test AUROC 0.7021 AUPRC 0.3411
  Epoch 15, Loss 0.6196, Val AUROC 0.6882 AUPRC 0.3677 | Test AUROC 0.7049 AUPRC 0.3466
  Epoch 16, Loss 0.6166, Val AUROC 0.6924 AUPRC 0.3731 | Test AUROC 0.7083 AUPRC 0.3514
  Epoch 17, Loss 0.6157, Val AUROC 0.6981 AUPRC 0.3777 | Test AUROC 0.7133 AUPRC 0.3519
  Epoch 18, Loss 0.6058, Val AUROC 0.7027 AUPRC 0.3831 | Test AUROC 0.7174 AUPRC 0.3517
  Epoch 19, Loss 0.5988, Val AUROC 0.7066 AUPRC 0.3896 | Test AUROC 0.7194 AUPRC 0.3520
  Epoch 20, Loss 0.5980, Val AUROC 0.7108 AUPRC 0.3934 | Test AUROC 0.7221 AUPRC 0.3541
  Epoch 21, Loss 0.5928, Val AUROC 0.7155 AUPRC 0.3998 | Test AUROC 0.7264 AUPRC 0.3577
  Epoch 22, Loss 0.5852, Val AUROC 0.7203 AUPRC 0.4058 | Test AUROC 0.7300 AUPRC 0.3608
  Epoch 23, Loss 0.5835, Val AUROC 0.7241 AUPRC 0.4107 | Test AUROC 0.7322 AUPRC 0.3616
  Epoch 24, Loss 0.5807, Val AUROC 0.7264 AUPRC 0.4130 | Test AUROC 0.7326 AUPRC 0.3621
  Epoch 25, Loss 0.5742, Val AUROC 0.7277 AUPRC 0.4141 | Test AUROC 0.7315 AUPRC 0.3603
  Epoch 26, Loss 0.5733, Val AUROC 0.7304 AUPRC 0.4184 | Test AUROC 0.7334 AUPRC 0.3625
  Epoch 27, Loss 0.5701, Val AUROC 0.7346 AUPRC 0.4245 | Test AUROC 0.7381 AUPRC 0.3655
  Epoch 28, Loss 0.5646, Val AUROC 0.7376 AUPRC 0.4283 | Test AUROC 0.7411 AUPRC 0.3677
  Epoch 29, Loss 0.5643, Val AUROC 0.7393 AUPRC 0.4315 | Test AUROC 0.7418 AUPRC 0.3681
  Epoch 30, Loss 0.5593, Val AUROC 0.7407 AUPRC 0.4336 | Test AUROC 0.7412 AUPRC 0.3659
  Epoch 31, Loss 0.5575, Val AUROC 0.7427 AUPRC 0.4350 | Test AUROC 0.7429 AUPRC 0.3680
  Epoch 34, Loss 0.5513, Val AUROC 0.7483 AUPRC 0.4382 | Test AUROC 0.7474 AUPRC 0.3750
  Epoch 35, Loss 0.5473, Val AUROC 0.7507 AUPRC 0.4416 | Test AUROC 0.7488 AUPRC 0.3767
  Epoch 36, Loss 0.5467, Val AUROC 0.7529 AUPRC 0.4441 | Test AUROC 0.7501 AUPRC 0.3797
  Epoch 37, Loss 0.5429, Val AUROC 0.7547 AUPRC 0.4458 | Test AUROC 0.7513 AUPRC 0.3827
  Epoch 38, Loss 0.5420, Val AUROC 0.7569 AUPRC 0.4495 | Test AUROC 0.7527 AUPRC 0.3845
  Epoch 39, Loss 0.5385, Val AUROC 0.7589 AUPRC 0.4524 | Test AUROC 0.7539 AUPRC 0.3866
  Epoch 40, Loss 0.5372, Val AUROC 0.7608 AUPRC 0.4557 | Test AUROC 0.7553 AUPRC 0.3896
  Epoch 41, Loss 0.5340, Val AUROC 0.7622 AUPRC 0.4571 | Test AUROC 0.7563 AUPRC 0.3925
  Epoch 42, Loss 0.5329, Val AUROC 0.7638 AUPRC 0.4599 | Test AUROC 0.7568 AUPRC 0.3942
  Epoch 43, Loss 0.5300, Val AUROC 0.7650 AUPRC 0.4615 | Test AUROC 0.7566 AUPRC 0.3958
  Epoch 44, Loss 0.5291, Val AUROC 0.7665 AUPRC 0.4650 | Test AUROC 0.7562 AUPRC 0.3976
  Epoch 45, Loss 0.5269, Val AUROC 0.7680 AUPRC 0.4673 | Test AUROC 0.7559 AUPRC 0.4004
  Epoch 46, Loss 0.5249, Val AUROC 0.7694 AUPRC 0.4686 | Test AUROC 0.7564 AUPRC 0.4023
  Epoch 47, Loss 0.5238, Val AUROC 0.7709 AUPRC 0.4711 | Test AUROC 0.7569 AUPRC 0.4047
  Epoch 48, Loss 0.5212, Val AUROC 0.7722 AUPRC 0.4734 | Test AUROC 0.7577 AUPRC 0.4085
  Epoch 49, Loss 0.5197, Val AUROC 0.7734 AUPRC 0.4755 | Test AUROC 0.7584 AUPRC 0.4093
  Epoch 50, Loss 0.5182, Val AUROC 0.7743 AUPRC 0.4781 | Test AUROC 0.7583 AUPRC 0.4125
  Epoch 51, Loss 0.5158, Val AUROC 0.7749 AUPRC 0.4800 | Test AUROC 0.7577 AUPRC 0.4133
  Epoch 53, Loss 0.5128, Val AUROC 0.7760 AUPRC 0.4811 | Test AUROC 0.7579 AUPRC 0.4165
  Epoch 56, Loss 0.5073, Val AUROC 0.7782 AUPRC 0.4818 | Test AUROC 0.7595 AUPRC 0.4184
  Epoch 60, Loss 0.5028, Val AUROC 0.7798 AUPRC 0.4832 | Test AUROC 0.7582 AUPRC 0.4164
  Epoch 62, Loss 0.5013, Val AUROC 0.7803 AUPRC 0.4844 | Test AUROC 0.7578 AUPRC 0.4145
  Epoch 64, Loss 0.4954, Val AUROC 0.7804 AUPRC 0.4852 | Test AUROC 0.7561 AUPRC 0.4102
  Epoch 65, Loss 0.4937, Val AUROC 0.7804 AUPRC 0.4866 | Test AUROC 0.7551 AUPRC 0.4084
  Epoch 67, Loss 0.4944, Val AUROC 0.7799 AUPRC 0.4871 | Test AUROC 0.7550 AUPRC 0.4073
  Epoch 77, Loss 0.4826, Val AUROC 0.7794 AUPRC 0.4874 | Test AUROC 0.7471 AUPRC 0.3932
  Epoch 80, Loss 0.4750, Val AUROC 0.7794 AUPRC 0.4879 | Test AUROC 0.7439 AUPRC 0.3879
  Epoch 82, Loss 0.4752, Val AUROC 0.7801 AUPRC 0.4892 | Test AUROC 0.7447 AUPRC 0.3877
  Epoch 85, Loss 0.4680, Val AUROC 0.7797 AUPRC 0.4900 | Test AUROC 0.7421 AUPRC 0.3838
  Epoch 87, Loss 0.4688, Val AUROC 0.7799 AUPRC 0.4906 | Test AUROC 0.7437 AUPRC 0.3845
  Epoch 89, Loss 0.4656, Val AUROC 0.7805 AUPRC 0.4925 | Test AUROC 0.7427 AUPRC 0.3824
  Epoch 90, Loss 0.4619, Val AUROC 0.7806 AUPRC 0.4927 | Test AUROC 0.7415 AUPRC 0.3806
  Epoch 91, Loss 0.4598, Val AUROC 0.7804 AUPRC 0.4929 | Test AUROC 0.7424 AUPRC 0.3814
  Epoch 95, Loss 0.4627, Val AUROC 0.7798 AUPRC 0.4936 | Test AUROC 0.7399 AUPRC 0.3783
  Epoch 96, Loss 0.4608, Val AUROC 0.7804 AUPRC 0.4945 | Test AUROC 0.7393 AUPRC 0.3757
  Epoch 97, Loss 0.4576, Val AUROC 0.7804 AUPRC 0.4946 | Test AUROC 0.7397 AUPRC 0.3765
  Epoch 100, Loss 0.4531, Val AUROC 0.7796 AUPRC 0.4950 | Test AUROC 0.7349 AUPRC 0.3720
tensor([[0.0000, 0.0000, 0.3333,  ..., 0.5063, 0.9994, 0.9851],
        [0.5846, 0.2665, 0.0588,  ..., 0.5535, 0.9963, 0.9705],
        [0.7832, 0.0708, 0.0044,  ..., 0.5153, 0.9999, 0.9895],
        ...,
        [1.0000, 0.0000, 0.0000,  ..., 1.0000, 1.0000, 1.0000],
        [0.5385, 0.0769, 0.0769,  ..., 0.0000, 1.0000, 1.0000],
        [0.5556, 0.0000, 0.0278,  ..., 0.0000, 1.0000, 1.0000]],
       device='cuda:0')
tensor([[0.8070, 0.0322, 0.0221,  ..., 1.0000, 1.0000, 1.0000],
        [0.0000, 0.0000, 0.0000,  ..., 0.0000, 1.0000, 1.0000],
        [0.0000, 0.0000, 0.2000,  ..., 0.0000, 1.0000, 1.0000],
        ...,
        [0.0784, 0.0000, 0.0000,  ..., 0.8407, 0.9986, 0.8435],
        [0.9828, 0.0000, 0.0172,  ..., 0.7935, 0.9991, 0.8339],
        [0.4715, 0.0000, 0.0366,  ..., 0.8006, 0.9991, 0.8334]],
       device='cuda:0')
/home/eirik/miniconda3/envs/GADBench/lib/python3.10/site-packages/xgboost/training.py:200: UserWarning: [17:17:20] WARNING: /__w/xgboost/xgboost/src/learner.cc:782: 
Parameters: { "drop_rate", "h_feats", "lr", "num_layers", "verbose" } are not used.

  bst.update(dtrain, iteration=i, fobj=obj)
/home/eirik/miniconda3/envs/GADBench/lib/python3.10/site-packages/xgboost/training.py:200: UserWarning: [17:17:20] WARNING: /__w/xgboost/xgboost/src/learner.cc:782: 
Parameters: { "verbose" } are not used.

  bst.update(dtrain, iteration=i, fobj=obj)

[load] tolokers split 1
  Split 1: kept 8818 train+val nodes; LCC = 8680 (98.4%); dropped 138 (130 components)

[tolokers | ff_b0.3_M1 | split 1 | seed 3417]
  forest_fire: 12/15 subgraphs (n: min=2 med=500 max=500 | m: min=1 med=3452 max=17481)
  Combined: N=5502 M=105910 train=3626 val=1876 unique_origs=5502
  Epoch 0, Loss 0.6877, Val AUROC 0.6782 AUPRC 0.3784 | Test AUROC 0.6824 AUPRC 0.3623
  Epoch 1, Loss 0.6800, Val AUROC 0.6834 AUPRC 0.3814 | Test AUROC 0.6875 AUPRC 0.3714
  Epoch 2, Loss 0.6717, Val AUROC 0.6861 AUPRC 0.3836 | Test AUROC 0.6881 AUPRC 0.3727
  Epoch 24, Loss 0.5885, Val AUROC 0.7241 AUPRC 0.3877 | Test AUROC 0.7025 AUPRC 0.3677
  Epoch 25, Loss 0.5869, Val AUROC 0.7255 AUPRC 0.3924 | Test AUROC 0.7039 AUPRC 0.3686
  Epoch 26, Loss 0.5856, Val AUROC 0.7264 AUPRC 0.3964 | Test AUROC 0.7052 AUPRC 0.3695
  Epoch 27, Loss 0.5848, Val AUROC 0.7268 AUPRC 0.3982 | Test AUROC 0.7058 AUPRC 0.3698
  Epoch 28, Loss 0.5840, Val AUROC 0.7271 AUPRC 0.3983 | Test AUROC 0.7057 AUPRC 0.3687
  Epoch 29, Loss 0.5828, Val AUROC 0.7276 AUPRC 0.3998 | Test AUROC 0.7056 AUPRC 0.3683
  Epoch 30, Loss 0.5816, Val AUROC 0.7282 AUPRC 0.4036 | Test AUROC 0.7057 AUPRC 0.3679
  Epoch 31, Loss 0.5806, Val AUROC 0.7290 AUPRC 0.4060 | Test AUROC 0.7054 AUPRC 0.3673
  Epoch 32, Loss 0.5796, Val AUROC 0.7286 AUPRC 0.4086 | Test AUROC 0.7058 AUPRC 0.3676
  Epoch 33, Loss 0.5787, Val AUROC 0.7293 AUPRC 0.4102 | Test AUROC 0.7055 AUPRC 0.3672
  Epoch 34, Loss 0.5778, Val AUROC 0.7296 AUPRC 0.4108 | Test AUROC 0.7056 AUPRC 0.3671
  Epoch 35, Loss 0.5768, Val AUROC 0.7306 AUPRC 0.4122 | Test AUROC 0.7052 AUPRC 0.3657
  Epoch 36, Loss 0.5759, Val AUROC 0.7325 AUPRC 0.4158 | Test AUROC 0.7051 AUPRC 0.3657
  Epoch 37, Loss 0.5751, Val AUROC 0.7335 AUPRC 0.4191 | Test AUROC 0.7060 AUPRC 0.3665
  Epoch 38, Loss 0.5745, Val AUROC 0.7355 AUPRC 0.4226 | Test AUROC 0.7064 AUPRC 0.3685
  Epoch 39, Loss 0.5739, Val AUROC 0.7360 AUPRC 0.4260 | Test AUROC 0.7074 AUPRC 0.3690
  Epoch 40, Loss 0.5734, Val AUROC 0.7373 AUPRC 0.4279 | Test AUROC 0.7071 AUPRC 0.3697
  Epoch 45, Loss 0.5707, Val AUROC 0.7392 AUPRC 0.4292 | Test AUROC 0.7068 AUPRC 0.3682
  Epoch 47, Loss 0.5698, Val AUROC 0.7406 AUPRC 0.4303 | Test AUROC 0.7066 AUPRC 0.3683
  Epoch 48, Loss 0.5692, Val AUROC 0.7411 AUPRC 0.4303 | Test AUROC 0.7067 AUPRC 0.3684
  Epoch 49, Loss 0.5687, Val AUROC 0.7414 AUPRC 0.4308 | Test AUROC 0.7068 AUPRC 0.3690
  Epoch 50, Loss 0.5682, Val AUROC 0.7418 AUPRC 0.4320 | Test AUROC 0.7065 AUPRC 0.3691
  Epoch 52, Loss 0.5678, Val AUROC 0.7421 AUPRC 0.4325 | Test AUROC 0.7047 AUPRC 0.3681
  Epoch 54, Loss 0.5681, Val AUROC 0.7424 AUPRC 0.4327 | Test AUROC 0.7033 AUPRC 0.3678
  Epoch 55, Loss 0.5675, Val AUROC 0.7428 AUPRC 0.4329 | Test AUROC 0.7055 AUPRC 0.3697
  Epoch 57, Loss 0.5658, Val AUROC 0.7429 AUPRC 0.4336 | Test AUROC 0.7019 AUPRC 0.3676
  Epoch 62, Loss 0.5646, Val AUROC 0.7436 AUPRC 0.4339 | Test AUROC 0.7009 AUPRC 0.3678
  Epoch 63, Loss 0.5637, Val AUROC 0.7439 AUPRC 0.4341 | Test AUROC 0.7013 AUPRC 0.3679
  Epoch 64, Loss 0.5631, Val AUROC 0.7441 AUPRC 0.4345 | Test AUROC 0.7027 AUPRC 0.3682
  Epoch 65, Loss 0.5632, Val AUROC 0.7439 AUPRC 0.4346 | Test AUROC 0.6983 AUPRC 0.3670
  Epoch 66, Loss 0.5631, Val AUROC 0.7444 AUPRC 0.4356 | Test AUROC 0.7017 AUPRC 0.3678
  Epoch 67, Loss 0.5623, Val AUROC 0.7445 AUPRC 0.4357 | Test AUROC 0.7015 AUPRC 0.3678
  Epoch 69, Loss 0.5620, Val AUROC 0.7452 AUPRC 0.4363 | Test AUROC 0.7021 AUPRC 0.3686
  Epoch 71, Loss 0.5611, Val AUROC 0.7455 AUPRC 0.4368 | Test AUROC 0.6995 AUPRC 0.3684
  Epoch 73, Loss 0.5606, Val AUROC 0.7457 AUPRC 0.4372 | Test AUROC 0.6976 AUPRC 0.3682
  Epoch 78, Loss 0.5591, Val AUROC 0.7462 AUPRC 0.4379 | Test AUROC 0.6974 AUPRC 0.3695
  Epoch 80, Loss 0.5589, Val AUROC 0.7463 AUPRC 0.4380 | Test AUROC 0.6962 AUPRC 0.3700
  Epoch 91, Loss 0.5584, Val AUROC 0.7483 AUPRC 0.4386 | Test AUROC 0.6973 AUPRC 0.3738
  Epoch 92, Loss 0.5559, Val AUROC 0.7484 AUPRC 0.4388 | Test AUROC 0.6982 AUPRC 0.3738
  Epoch 95, Loss 0.5562, Val AUROC 0.7487 AUPRC 0.4388 | Test AUROC 0.7001 AUPRC 0.3746
  Epoch 97, Loss 0.5550, Val AUROC 0.7490 AUPRC 0.4400 | Test AUROC 0.6962 AUPRC 0.3758
  Epoch 103, Loss 0.5525, Val AUROC 0.7501 AUPRC 0.4404 | Test AUROC 0.6992 AUPRC 0.3770
  Epoch 105, Loss 0.5528, Val AUROC 0.7510 AUPRC 0.4407 | Test AUROC 0.7006 AUPRC 0.3772
  Epoch 108, Loss 0.5517, Val AUROC 0.7518 AUPRC 0.4417 | Test AUROC 0.7005 AUPRC 0.3765
  Epoch 111, Loss 0.5504, Val AUROC 0.7528 AUPRC 0.4425 | Test AUROC 0.7015 AUPRC 0.3774
  Epoch 113, Loss 0.5505, Val AUROC 0.7532 AUPRC 0.4431 | Test AUROC 0.7020 AUPRC 0.3780
  Epoch 116, Loss 0.5491, Val AUROC 0.7539 AUPRC 0.4432 | Test AUROC 0.7031 AUPRC 0.3778
  Epoch 117, Loss 0.5489, Val AUROC 0.7539 AUPRC 0.4435 | Test AUROC 0.7053 AUPRC 0.3792
  Epoch 118, Loss 0.5490, Val AUROC 0.7543 AUPRC 0.4439 | Test AUROC 0.7024 AUPRC 0.3781
  Epoch 120, Loss 0.5486, Val AUROC 0.7543 AUPRC 0.4439 | Test AUROC 0.7032 AUPRC 0.3779
  Epoch 122, Loss 0.5477, Val AUROC 0.7544 AUPRC 0.4440 | Test AUROC 0.7045 AUPRC 0.3789
  Epoch 123, Loss 0.5473, Val AUROC 0.7545 AUPRC 0.4446 | Test AUROC 0.7041 AUPRC 0.3787
  Epoch 125, Loss 0.5472, Val AUROC 0.7551 AUPRC 0.4454 | Test AUROC 0.7030 AUPRC 0.3787
  Epoch 129, Loss 0.5481, Val AUROC 0.7555 AUPRC 0.4454 | Test AUROC 0.7016 AUPRC 0.3767
  Epoch 132, Loss 0.5453, Val AUROC 0.7559 AUPRC 0.4458 | Test AUROC 0.7039 AUPRC 0.3781
  Epoch 134, Loss 0.5463, Val AUROC 0.7560 AUPRC 0.4460 | Test AUROC 0.7023 AUPRC 0.3774
  Epoch 136, Loss 0.5464, Val AUROC 0.7563 AUPRC 0.4461 | Test AUROC 0.7036 AUPRC 0.3778
  Epoch 141, Loss 0.5447, Val AUROC 0.7567 AUPRC 0.4461 | Test AUROC 0.7044 AUPRC 0.3777
  Epoch 144, Loss 0.5431, Val AUROC 0.7568 AUPRC 0.4464 | Test AUROC 0.7045 AUPRC 0.3772
  Epoch 151, Loss 0.5417, Val AUROC 0.7576 AUPRC 0.4468 | Test AUROC 0.7051 AUPRC 0.3764
  Epoch 153, Loss 0.5415, Val AUROC 0.7578 AUPRC 0.4468 | Test AUROC 0.7055 AUPRC 0.3759
  Epoch 154, Loss 0.5412, Val AUROC 0.7577 AUPRC 0.4470 | Test AUROC 0.7078 AUPRC 0.3762
  Epoch 155, Loss 0.5408, Val AUROC 0.7580 AUPRC 0.4475 | Test AUROC 0.7058 AUPRC 0.3758
  Epoch 159, Loss 0.5395, Val AUROC 0.7585 AUPRC 0.4476 | Test AUROC 0.7068 AUPRC 0.3755
  Epoch 160, Loss 0.5393, Val AUROC 0.7584 AUPRC 0.4480 | Test AUROC 0.7076 AUPRC 0.3758
  Epoch 165, Loss 0.5395, Val AUROC 0.7588 AUPRC 0.4486 | Test AUROC 0.7040 AUPRC 0.3737
  Epoch 167, Loss 0.5437, Val AUROC 0.7594 AUPRC 0.4492 | Test AUROC 0.7030 AUPRC 0.3736
  Epoch 170, Loss 0.5378, Val AUROC 0.7591 AUPRC 0.4501 | Test AUROC 0.7040 AUPRC 0.3721
  Epoch 172, Loss 0.5399, Val AUROC 0.7599 AUPRC 0.4509 | Test AUROC 0.7068 AUPRC 0.3750
  Epoch 173, Loss 0.5373, Val AUROC 0.7598 AUPRC 0.4510 | Test AUROC 0.7068 AUPRC 0.3746
  Epoch 175, Loss 0.5391, Val AUROC 0.7593 AUPRC 0.4510 | Test AUROC 0.7043 AUPRC 0.3713
  Epoch 178, Loss 0.5367, Val AUROC 0.7593 AUPRC 0.4510 | Test AUROC 0.7049 AUPRC 0.3723
  Epoch 0, Loss 0.7295, Val AUROC 0.4889 AUPRC 0.2138 | Test AUROC 0.4962 AUPRC 0.2134
  Epoch 1, Loss 0.6967, Val AUROC 0.6530 AUPRC 0.3232 | Test AUROC 0.6809 AUPRC 0.3231
  Epoch 2, Loss 0.6715, Val AUROC 0.6828 AUPRC 0.3432 | Test AUROC 0.7060 AUPRC 0.3422
  Epoch 3, Loss 0.6519, Val AUROC 0.6892 AUPRC 0.3485 | Test AUROC 0.7149 AUPRC 0.3516
  Epoch 17, Loss 0.5857, Val AUROC 0.7172 AUPRC 0.3502 | Test AUROC 0.7300 AUPRC 0.3566
  Epoch 18, Loss 0.5831, Val AUROC 0.7211 AUPRC 0.3540 | Test AUROC 0.7324 AUPRC 0.3576
  Epoch 19, Loss 0.5808, Val AUROC 0.7241 AUPRC 0.3558 | Test AUROC 0.7341 AUPRC 0.3589
  Epoch 20, Loss 0.5792, Val AUROC 0.7261 AUPRC 0.3586 | Test AUROC 0.7351 AUPRC 0.3599
  Epoch 21, Loss 0.5778, Val AUROC 0.7281 AUPRC 0.3625 | Test AUROC 0.7356 AUPRC 0.3611
  Epoch 22, Loss 0.5765, Val AUROC 0.7299 AUPRC 0.3663 | Test AUROC 0.7356 AUPRC 0.3616
  Epoch 23, Loss 0.5752, Val AUROC 0.7321 AUPRC 0.3708 | Test AUROC 0.7358 AUPRC 0.3630
  Epoch 24, Loss 0.5747, Val AUROC 0.7324 AUPRC 0.3724 | Test AUROC 0.7349 AUPRC 0.3622
  Epoch 25, Loss 0.5742, Val AUROC 0.7338 AUPRC 0.3757 | Test AUROC 0.7350 AUPRC 0.3637
  Epoch 26, Loss 0.5723, Val AUROC 0.7343 AUPRC 0.3777 | Test AUROC 0.7347 AUPRC 0.3643
  Epoch 27, Loss 0.5716, Val AUROC 0.7344 AUPRC 0.3778 | Test AUROC 0.7339 AUPRC 0.3632
  Epoch 28, Loss 0.5710, Val AUROC 0.7353 AUPRC 0.3802 | Test AUROC 0.7338 AUPRC 0.3639
  Epoch 29, Loss 0.5693, Val AUROC 0.7359 AUPRC 0.3815 | Test AUROC 0.7336 AUPRC 0.3644
  Epoch 31, Loss 0.5680, Val AUROC 0.7364 AUPRC 0.3834 | Test AUROC 0.7336 AUPRC 0.3649
  Epoch 32, Loss 0.5669, Val AUROC 0.7377 AUPRC 0.3863 | Test AUROC 0.7343 AUPRC 0.3670
  Epoch 33, Loss 0.5667, Val AUROC 0.7385 AUPRC 0.3885 | Test AUROC 0.7347 AUPRC 0.3670
  Epoch 34, Loss 0.5656, Val AUROC 0.7396 AUPRC 0.3914 | Test AUROC 0.7353 AUPRC 0.3677
  Epoch 35, Loss 0.5651, Val AUROC 0.7416 AUPRC 0.3954 | Test AUROC 0.7359 AUPRC 0.3696
  Epoch 36, Loss 0.5648, Val AUROC 0.7423 AUPRC 0.3973 | Test AUROC 0.7362 AUPRC 0.3695
  Epoch 37, Loss 0.5639, Val AUROC 0.7432 AUPRC 0.3983 | Test AUROC 0.7367 AUPRC 0.3698
  Epoch 38, Loss 0.5637, Val AUROC 0.7445 AUPRC 0.4024 | Test AUROC 0.7372 AUPRC 0.3708
  Epoch 39, Loss 0.5634, Val AUROC 0.7452 AUPRC 0.4037 | Test AUROC 0.7376 AUPRC 0.3709
  Epoch 40, Loss 0.5627, Val AUROC 0.7459 AUPRC 0.4054 | Test AUROC 0.7380 AUPRC 0.3709
  Epoch 41, Loss 0.5625, Val AUROC 0.7470 AUPRC 0.4077 | Test AUROC 0.7384 AUPRC 0.3716
  Epoch 42, Loss 0.5622, Val AUROC 0.7474 AUPRC 0.4091 | Test AUROC 0.7386 AUPRC 0.3711
  Epoch 43, Loss 0.5616, Val AUROC 0.7476 AUPRC 0.4097 | Test AUROC 0.7387 AUPRC 0.3709
  Epoch 44, Loss 0.5613, Val AUROC 0.7484 AUPRC 0.4116 | Test AUROC 0.7390 AUPRC 0.3713
  Epoch 45, Loss 0.5611, Val AUROC 0.7486 AUPRC 0.4123 | Test AUROC 0.7392 AUPRC 0.3705
  Epoch 47, Loss 0.5602, Val AUROC 0.7498 AUPRC 0.4134 | Test AUROC 0.7401 AUPRC 0.3711
  Epoch 49, Loss 0.5595, Val AUROC 0.7505 AUPRC 0.4145 | Test AUROC 0.7412 AUPRC 0.3716
  Epoch 50, Loss 0.5590, Val AUROC 0.7511 AUPRC 0.4157 | Test AUROC 0.7417 AUPRC 0.3719
  Epoch 51, Loss 0.5588, Val AUROC 0.7514 AUPRC 0.4168 | Test AUROC 0.7421 AUPRC 0.3724
  Epoch 52, Loss 0.5586, Val AUROC 0.7522 AUPRC 0.4183 | Test AUROC 0.7427 AUPRC 0.3735
  Epoch 53, Loss 0.5583, Val AUROC 0.7528 AUPRC 0.4197 | Test AUROC 0.7430 AUPRC 0.3737
  Epoch 55, Loss 0.5580, Val AUROC 0.7538 AUPRC 0.4202 | Test AUROC 0.7433 AUPRC 0.3744
  Epoch 96, Loss 0.5527, Val AUROC 0.7578 AUPRC 0.4203 | Test AUROC 0.7404 AUPRC 0.3654
  Epoch 97, Loss 0.5522, Val AUROC 0.7581 AUPRC 0.4206 | Test AUROC 0.7407 AUPRC 0.3662
  Epoch 100, Loss 0.5521, Val AUROC 0.7584 AUPRC 0.4208 | Test AUROC 0.7406 AUPRC 0.3664
  Epoch 102, Loss 0.5521, Val AUROC 0.7587 AUPRC 0.4215 | Test AUROC 0.7406 AUPRC 0.3666
  Epoch 103, Loss 0.5519, Val AUROC 0.7586 AUPRC 0.4215 | Test AUROC 0.7409 AUPRC 0.3672
  Epoch 104, Loss 0.5517, Val AUROC 0.7586 AUPRC 0.4215 | Test AUROC 0.7410 AUPRC 0.3675
  Epoch 105, Loss 0.5516, Val AUROC 0.7590 AUPRC 0.4217 | Test AUROC 0.7408 AUPRC 0.3672
  Epoch 0, Loss 0.7135, Val AUROC 0.5832 AUPRC 0.2715 | Test AUROC 0.5827 AUPRC 0.2655
  Epoch 1, Loss 0.7653, Val AUROC 0.6919 AUPRC 0.3308 | Test AUROC 0.6908 AUPRC 0.3309
  Epoch 2, Loss 0.6658, Val AUROC 0.7080 AUPRC 0.3582 | Test AUROC 0.7122 AUPRC 0.3610
  Epoch 3, Loss 0.6684, Val AUROC 0.7100 AUPRC 0.3656 | Test AUROC 0.7172 AUPRC 0.3681
  Epoch 8, Loss 0.6213, Val AUROC 0.7167 AUPRC 0.3688 | Test AUROC 0.7211 AUPRC 0.3613
  Epoch 9, Loss 0.6016, Val AUROC 0.7191 AUPRC 0.3781 | Test AUROC 0.7239 AUPRC 0.3681
  Epoch 10, Loss 0.6030, Val AUROC 0.7210 AUPRC 0.3804 | Test AUROC 0.7241 AUPRC 0.3697
  Epoch 15, Loss 0.5842, Val AUROC 0.7287 AUPRC 0.3841 | Test AUROC 0.7202 AUPRC 0.3617
  Epoch 16, Loss 0.5737, Val AUROC 0.7297 AUPRC 0.3901 | Test AUROC 0.7212 AUPRC 0.3632
  Epoch 17, Loss 0.5763, Val AUROC 0.7317 AUPRC 0.3946 | Test AUROC 0.7198 AUPRC 0.3626
  Epoch 22, Loss 0.5631, Val AUROC 0.7398 AUPRC 0.4004 | Test AUROC 0.7155 AUPRC 0.3534
  Epoch 23, Loss 0.5578, Val AUROC 0.7410 AUPRC 0.4062 | Test AUROC 0.7186 AUPRC 0.3550
  Epoch 24, Loss 0.5583, Val AUROC 0.7423 AUPRC 0.4085 | Test AUROC 0.7211 AUPRC 0.3560
  Epoch 25, Loss 0.5569, Val AUROC 0.7441 AUPRC 0.4098 | Test AUROC 0.7226 AUPRC 0.3575
  Epoch 27, Loss 0.5507, Val AUROC 0.7471 AUPRC 0.4121 | Test AUROC 0.7249 AUPRC 0.3589
  Epoch 28, Loss 0.5506, Val AUROC 0.7497 AUPRC 0.4170 | Test AUROC 0.7261 AUPRC 0.3578
  Epoch 29, Loss 0.5456, Val AUROC 0.7520 AUPRC 0.4220 | Test AUROC 0.7264 AUPRC 0.3562
  Epoch 30, Loss 0.5441, Val AUROC 0.7547 AUPRC 0.4244 | Test AUROC 0.7259 AUPRC 0.3547
  Epoch 31, Loss 0.5433, Val AUROC 0.7574 AUPRC 0.4287 | Test AUROC 0.7252 AUPRC 0.3533
  Epoch 32, Loss 0.5394, Val AUROC 0.7586 AUPRC 0.4310 | Test AUROC 0.7250 AUPRC 0.3532
  Epoch 33, Loss 0.5385, Val AUROC 0.7605 AUPRC 0.4335 | Test AUROC 0.7256 AUPRC 0.3544
  Epoch 34, Loss 0.5367, Val AUROC 0.7631 AUPRC 0.4359 | Test AUROC 0.7275 AUPRC 0.3569
  Epoch 37, Loss 0.5288, Val AUROC 0.7673 AUPRC 0.4361 | Test AUROC 0.7291 AUPRC 0.3579
  Epoch 38, Loss 0.5275, Val AUROC 0.7693 AUPRC 0.4376 | Test AUROC 0.7282 AUPRC 0.3569
  Epoch 39, Loss 0.5248, Val AUROC 0.7719 AUPRC 0.4402 | Test AUROC 0.7275 AUPRC 0.3557
  Epoch 40, Loss 0.5226, Val AUROC 0.7727 AUPRC 0.4430 | Test AUROC 0.7269 AUPRC 0.3553
  Epoch 41, Loss 0.5203, Val AUROC 0.7727 AUPRC 0.4456 | Test AUROC 0.7273 AUPRC 0.3579
  Epoch 42, Loss 0.5184, Val AUROC 0.7731 AUPRC 0.4484 | Test AUROC 0.7293 AUPRC 0.3602
  Epoch 43, Loss 0.5165, Val AUROC 0.7750 AUPRC 0.4490 | Test AUROC 0.7289 AUPRC 0.3583
  Epoch 44, Loss 0.5140, Val AUROC 0.7764 AUPRC 0.4508 | Test AUROC 0.7261 AUPRC 0.3567
  Epoch 45, Loss 0.5116, Val AUROC 0.7764 AUPRC 0.4530 | Test AUROC 0.7247 AUPRC 0.3580
  Epoch 46, Loss 0.5106, Val AUROC 0.7774 AUPRC 0.4551 | Test AUROC 0.7278 AUPRC 0.3586
  Epoch 47, Loss 0.5078, Val AUROC 0.7778 AUPRC 0.4578 | Test AUROC 0.7304 AUPRC 0.3618
  Epoch 48, Loss 0.5060, Val AUROC 0.7776 AUPRC 0.4610 | Test AUROC 0.7296 AUPRC 0.3631
  Epoch 51, Loss 0.5003, Val AUROC 0.7785 AUPRC 0.4625 | Test AUROC 0.7284 AUPRC 0.3645
  Epoch 52, Loss 0.4980, Val AUROC 0.7787 AUPRC 0.4631 | Test AUROC 0.7310 AUPRC 0.3671
  Epoch 53, Loss 0.4963, Val AUROC 0.7790 AUPRC 0.4641 | Test AUROC 0.7315 AUPRC 0.3684
  Epoch 54, Loss 0.4944, Val AUROC 0.7778 AUPRC 0.4647 | Test AUROC 0.7290 AUPRC 0.3707
  Epoch 56, Loss 0.4904, Val AUROC 0.7787 AUPRC 0.4660 | Test AUROC 0.7280 AUPRC 0.3708
  Epoch 58, Loss 0.4860, Val AUROC 0.7800 AUPRC 0.4678 | Test AUROC 0.7301 AUPRC 0.3713
tensor([[0.9136, 0.0741, 0.0123,  ..., 0.3685, 1.0000, 0.9208],
        [0.9773, 0.0057, 0.0170,  ..., 0.3467, 1.0000, 0.9061],
        [0.9643, 0.0038, 0.0226,  ..., 0.3946, 1.0000, 0.9159],
        ...,
        [0.9231, 0.0000, 0.0769,  ..., 0.2644, 0.4712, 0.4832],
        [0.6000, 0.0000, 0.0000,  ..., 0.0000, 1.0000, 1.0000],
        [0.0000, 0.0000, 0.0000,  ..., 0.0000, 1.0000, 1.0000]],
       device='cuda:0')
tensor([[0.8070, 0.0322, 0.0221,  ..., 1.0000, 1.0000, 1.0000],
        [0.0000, 0.0000, 0.0000,  ..., 0.0000, 1.0000, 1.0000],
        [0.0000, 0.0000, 0.2000,  ..., 0.0000, 1.0000, 1.0000],
        ...,
        [0.0784, 0.0000, 0.0000,  ..., 0.8407, 0.9986, 0.8435],
        [0.9828, 0.0000, 0.0172,  ..., 0.7935, 0.9991, 0.8339],
        [0.4715, 0.0000, 0.0366,  ..., 0.8006, 0.9991, 0.8334]],
       device='cuda:0')
/home/eirik/miniconda3/envs/GADBench/lib/python3.10/site-packages/xgboost/training.py:200: UserWarning: [17:17:50] WARNING: /__w/xgboost/xgboost/src/learner.cc:782: 
Parameters: { "drop_rate", "h_feats", "lr", "num_layers", "verbose" } are not used.

  bst.update(dtrain, iteration=i, fobj=obj)
/home/eirik/miniconda3/envs/GADBench/lib/python3.10/site-packages/xgboost/training.py:200: UserWarning: [17:17:51] WARNING: /__w/xgboost/xgboost/src/learner.cc:782: 
Parameters: { "verbose" } are not used.

  bst.update(dtrain, iteration=i, fobj=obj)

[tolokers | ff_b0.3_M2 | split 1 | seed 3417]
  forest_fire: 14/15 subgraphs (n: min=500 med=500 max=500 | m: min=1916 med=9039 max=20618)
  Combined: N=7000 M=246524 train=2997 val=1475 unique_origs=4472
  Epoch 0, Loss 0.6894, Val AUROC 0.6596 AUPRC 0.3951 | Test AUROC 0.6848 AUPRC 0.3641
  Epoch 1, Loss 0.6826, Val AUROC 0.6665 AUPRC 0.4006 | Test AUROC 0.6907 AUPRC 0.3738
  Epoch 2, Loss 0.6758, Val AUROC 0.6690 AUPRC 0.4023 | Test AUROC 0.6916 AUPRC 0.3749
  Epoch 38, Loss 0.5956, Val AUROC 0.7227 AUPRC 0.4029 | Test AUROC 0.7093 AUPRC 0.3749
  Epoch 39, Loss 0.5949, Val AUROC 0.7236 AUPRC 0.4041 | Test AUROC 0.7103 AUPRC 0.3765
  Epoch 40, Loss 0.5940, Val AUROC 0.7242 AUPRC 0.4055 | Test AUROC 0.7111 AUPRC 0.3782
  Epoch 42, Loss 0.5928, Val AUROC 0.7247 AUPRC 0.4066 | Test AUROC 0.7123 AUPRC 0.3802
  Epoch 43, Loss 0.5920, Val AUROC 0.7248 AUPRC 0.4077 | Test AUROC 0.7131 AUPRC 0.3815
  Epoch 44, Loss 0.5913, Val AUROC 0.7247 AUPRC 0.4084 | Test AUROC 0.7142 AUPRC 0.3828
  Epoch 45, Loss 0.5908, Val AUROC 0.7254 AUPRC 0.4101 | Test AUROC 0.7143 AUPRC 0.3840
  Epoch 46, Loss 0.5902, Val AUROC 0.7258 AUPRC 0.4105 | Test AUROC 0.7149 AUPRC 0.3847
  Epoch 47, Loss 0.5895, Val AUROC 0.7263 AUPRC 0.4114 | Test AUROC 0.7149 AUPRC 0.3854
  Epoch 48, Loss 0.5889, Val AUROC 0.7267 AUPRC 0.4131 | Test AUROC 0.7144 AUPRC 0.3859
  Epoch 49, Loss 0.5884, Val AUROC 0.7270 AUPRC 0.4142 | Test AUROC 0.7153 AUPRC 0.3871
  Epoch 50, Loss 0.5878, Val AUROC 0.7277 AUPRC 0.4161 | Test AUROC 0.7152 AUPRC 0.3884
  Epoch 51, Loss 0.5871, Val AUROC 0.7281 AUPRC 0.4176 | Test AUROC 0.7157 AUPRC 0.3895
  Epoch 52, Loss 0.5864, Val AUROC 0.7282 AUPRC 0.4186 | Test AUROC 0.7160 AUPRC 0.3910
  Epoch 53, Loss 0.5858, Val AUROC 0.7284 AUPRC 0.4193 | Test AUROC 0.7149 AUPRC 0.3913
  Epoch 54, Loss 0.5853, Val AUROC 0.7286 AUPRC 0.4203 | Test AUROC 0.7153 AUPRC 0.3925
  Epoch 55, Loss 0.5847, Val AUROC 0.7288 AUPRC 0.4205 | Test AUROC 0.7134 AUPRC 0.3921
  Epoch 56, Loss 0.5842, Val AUROC 0.7290 AUPRC 0.4217 | Test AUROC 0.7149 AUPRC 0.3932
  Epoch 57, Loss 0.5836, Val AUROC 0.7291 AUPRC 0.4220 | Test AUROC 0.7124 AUPRC 0.3924
  Epoch 58, Loss 0.5832, Val AUROC 0.7296 AUPRC 0.4240 | Test AUROC 0.7150 AUPRC 0.3943
  Epoch 59, Loss 0.5828, Val AUROC 0.7298 AUPRC 0.4249 | Test AUROC 0.7099 AUPRC 0.3918
  Epoch 60, Loss 0.5826, Val AUROC 0.7306 AUPRC 0.4269 | Test AUROC 0.7138 AUPRC 0.3943
  Epoch 61, Loss 0.5822, Val AUROC 0.7306 AUPRC 0.4269 | Test AUROC 0.7080 AUPRC 0.3913
  Epoch 62, Loss 0.5815, Val AUROC 0.7313 AUPRC 0.4283 | Test AUROC 0.7115 AUPRC 0.3949
  Epoch 63, Loss 0.5804, Val AUROC 0.7313 AUPRC 0.4288 | Test AUROC 0.7100 AUPRC 0.3945
  Epoch 64, Loss 0.5797, Val AUROC 0.7312 AUPRC 0.4292 | Test AUROC 0.7076 AUPRC 0.3930
  Epoch 65, Loss 0.5795, Val AUROC 0.7315 AUPRC 0.4298 | Test AUROC 0.7105 AUPRC 0.3954
  Epoch 67, Loss 0.5791, Val AUROC 0.7321 AUPRC 0.4305 | Test AUROC 0.7073 AUPRC 0.3932
  Epoch 70, Loss 0.5773, Val AUROC 0.7329 AUPRC 0.4328 | Test AUROC 0.7078 AUPRC 0.3945
  Epoch 72, Loss 0.5772, Val AUROC 0.7336 AUPRC 0.4353 | Test AUROC 0.7043 AUPRC 0.3931
  Epoch 75, Loss 0.5752, Val AUROC 0.7341 AUPRC 0.4361 | Test AUROC 0.7044 AUPRC 0.3930
  Epoch 77, Loss 0.5752, Val AUROC 0.7350 AUPRC 0.4386 | Test AUROC 0.7025 AUPRC 0.3924
  Epoch 80, Loss 0.5733, Val AUROC 0.7357 AUPRC 0.4392 | Test AUROC 0.7024 AUPRC 0.3926
  Epoch 84, Loss 0.5722, Val AUROC 0.7363 AUPRC 0.4400 | Test AUROC 0.6996 AUPRC 0.3909
  Epoch 85, Loss 0.5716, Val AUROC 0.7370 AUPRC 0.4408 | Test AUROC 0.7009 AUPRC 0.3914
  Epoch 87, Loss 0.5716, Val AUROC 0.7376 AUPRC 0.4413 | Test AUROC 0.7015 AUPRC 0.3910
  Epoch 89, Loss 0.5713, Val AUROC 0.7381 AUPRC 0.4417 | Test AUROC 0.7001 AUPRC 0.3900
  Epoch 94, Loss 0.5694, Val AUROC 0.7392 AUPRC 0.4420 | Test AUROC 0.6998 AUPRC 0.3887
  Epoch 105, Loss 0.5686, Val AUROC 0.7417 AUPRC 0.4424 | Test AUROC 0.7003 AUPRC 0.3852
  Epoch 106, Loss 0.5670, Val AUROC 0.7417 AUPRC 0.4426 | Test AUROC 0.6969 AUPRC 0.3841
  Epoch 108, Loss 0.5653, Val AUROC 0.7426 AUPRC 0.4432 | Test AUROC 0.6996 AUPRC 0.3840
  Epoch 110, Loss 0.5664, Val AUROC 0.7429 AUPRC 0.4439 | Test AUROC 0.6989 AUPRC 0.3836
  Epoch 111, Loss 0.5649, Val AUROC 0.7428 AUPRC 0.4439 | Test AUROC 0.6977 AUPRC 0.3827
  Epoch 113, Loss 0.5643, Val AUROC 0.7439 AUPRC 0.4451 | Test AUROC 0.6984 AUPRC 0.3818
  Epoch 121, Loss 0.5619, Val AUROC 0.7448 AUPRC 0.4454 | Test AUROC 0.6953 AUPRC 0.3803
  Epoch 122, Loss 0.5614, Val AUROC 0.7453 AUPRC 0.4460 | Test AUROC 0.6936 AUPRC 0.3792
  Epoch 123, Loss 0.5618, Val AUROC 0.7457 AUPRC 0.4469 | Test AUROC 0.6969 AUPRC 0.3800
  Epoch 132, Loss 0.5593, Val AUROC 0.7457 AUPRC 0.4471 | Test AUROC 0.6958 AUPRC 0.3801
  Epoch 133, Loss 0.5590, Val AUROC 0.7463 AUPRC 0.4472 | Test AUROC 0.6936 AUPRC 0.3788
  Epoch 134, Loss 0.5586, Val AUROC 0.7466 AUPRC 0.4480 | Test AUROC 0.6943 AUPRC 0.3786
  Epoch 138, Loss 0.5574, Val AUROC 0.7470 AUPRC 0.4482 | Test AUROC 0.6942 AUPRC 0.3767
  Epoch 144, Loss 0.5651, Val AUROC 0.7481 AUPRC 0.4491 | Test AUROC 0.6948 AUPRC 0.3730
  Epoch 153, Loss 0.5560, Val AUROC 0.7485 AUPRC 0.4505 | Test AUROC 0.6943 AUPRC 0.3706
  Epoch 154, Loss 0.5553, Val AUROC 0.7500 AUPRC 0.4510 | Test AUROC 0.6881 AUPRC 0.3686
  Epoch 160, Loss 0.5535, Val AUROC 0.7503 AUPRC 0.4514 | Test AUROC 0.6865 AUPRC 0.3664
  Epoch 165, Loss 0.5522, Val AUROC 0.7512 AUPRC 0.4515 | Test AUROC 0.6875 AUPRC 0.3652
  Epoch 166, Loss 0.5526, Val AUROC 0.7510 AUPRC 0.4515 | Test AUROC 0.6872 AUPRC 0.3649
  Epoch 171, Loss 0.5513, Val AUROC 0.7514 AUPRC 0.4516 | Test AUROC 0.6851 AUPRC 0.3619
  Epoch 177, Loss 0.5501, Val AUROC 0.7514 AUPRC 0.4518 | Test AUROC 0.6854 AUPRC 0.3602
  Epoch 183, Loss 0.5489, Val AUROC 0.7516 AUPRC 0.4519 | Test AUROC 0.6857 AUPRC 0.3588
  Epoch 187, Loss 0.5523, Val AUROC 0.7515 AUPRC 0.4521 | Test AUROC 0.6876 AUPRC 0.3556
  Epoch 188, Loss 0.5558, Val AUROC 0.7530 AUPRC 0.4525 | Test AUROC 0.6809 AUPRC 0.3582
  Epoch 189, Loss 0.5545, Val AUROC 0.7532 AUPRC 0.4542 | Test AUROC 0.6851 AUPRC 0.3579
  Epoch 196, Loss 0.5504, Val AUROC 0.7538 AUPRC 0.4544 | Test AUROC 0.6812 AUPRC 0.3560
  Epoch 0, Loss 0.7243, Val AUROC 0.4723 AUPRC 0.2194 | Test AUROC 0.4863 AUPRC 0.2084
  Epoch 1, Loss 0.6968, Val AUROC 0.6251 AUPRC 0.3190 | Test AUROC 0.6644 AUPRC 0.3063
  Epoch 2, Loss 0.6758, Val AUROC 0.6555 AUPRC 0.3348 | Test AUROC 0.6933 AUPRC 0.3271
  Epoch 3, Loss 0.6593, Val AUROC 0.6681 AUPRC 0.3370 | Test AUROC 0.7054 AUPRC 0.3382
  Epoch 4, Loss 0.6462, Val AUROC 0.6731 AUPRC 0.3370 | Test AUROC 0.7113 AUPRC 0.3453
  Epoch 5, Loss 0.6357, Val AUROC 0.6760 AUPRC 0.3388 | Test AUROC 0.7145 AUPRC 0.3498
  Epoch 9, Loss 0.6129, Val AUROC 0.6842 AUPRC 0.3393 | Test AUROC 0.7195 AUPRC 0.3523
  Epoch 10, Loss 0.6098, Val AUROC 0.6872 AUPRC 0.3418 | Test AUROC 0.7207 AUPRC 0.3523
  Epoch 11, Loss 0.6073, Val AUROC 0.6900 AUPRC 0.3447 | Test AUROC 0.7212 AUPRC 0.3515
  Epoch 12, Loss 0.6050, Val AUROC 0.6923 AUPRC 0.3461 | Test AUROC 0.7213 AUPRC 0.3501
  Epoch 13, Loss 0.6030, Val AUROC 0.6936 AUPRC 0.3461 | Test AUROC 0.7213 AUPRC 0.3493
  Epoch 14, Loss 0.6011, Val AUROC 0.6955 AUPRC 0.3467 | Test AUROC 0.7210 AUPRC 0.3482
  Epoch 15, Loss 0.5995, Val AUROC 0.6976 AUPRC 0.3484 | Test AUROC 0.7210 AUPRC 0.3477
  Epoch 16, Loss 0.5980, Val AUROC 0.6998 AUPRC 0.3507 | Test AUROC 0.7217 AUPRC 0.3480
  Epoch 17, Loss 0.5964, Val AUROC 0.7027 AUPRC 0.3539 | Test AUROC 0.7231 AUPRC 0.3494
  Epoch 18, Loss 0.5943, Val AUROC 0.7055 AUPRC 0.3551 | Test AUROC 0.7254 AUPRC 0.3514
  Epoch 19, Loss 0.5921, Val AUROC 0.7076 AUPRC 0.3565 | Test AUROC 0.7278 AUPRC 0.3533
  Epoch 20, Loss 0.5901, Val AUROC 0.7094 AUPRC 0.3567 | Test AUROC 0.7301 AUPRC 0.3544
  Epoch 21, Loss 0.5884, Val AUROC 0.7113 AUPRC 0.3574 | Test AUROC 0.7323 AUPRC 0.3567
  Epoch 22, Loss 0.5867, Val AUROC 0.7134 AUPRC 0.3587 | Test AUROC 0.7339 AUPRC 0.3581
  Epoch 24, Loss 0.5836, Val AUROC 0.7160 AUPRC 0.3597 | Test AUROC 0.7356 AUPRC 0.3593
  Epoch 25, Loss 0.5822, Val AUROC 0.7169 AUPRC 0.3600 | Test AUROC 0.7353 AUPRC 0.3576
  Epoch 26, Loss 0.5808, Val AUROC 0.7177 AUPRC 0.3602 | Test AUROC 0.7350 AUPRC 0.3565
  Epoch 27, Loss 0.5795, Val AUROC 0.7184 AUPRC 0.3606 | Test AUROC 0.7342 AUPRC 0.3555
  Epoch 28, Loss 0.5782, Val AUROC 0.7195 AUPRC 0.3618 | Test AUROC 0.7333 AUPRC 0.3537
  Epoch 29, Loss 0.5770, Val AUROC 0.7203 AUPRC 0.3626 | Test AUROC 0.7327 AUPRC 0.3528
  Epoch 30, Loss 0.5760, Val AUROC 0.7209 AUPRC 0.3639 | Test AUROC 0.7320 AUPRC 0.3517
  Epoch 31, Loss 0.5748, Val AUROC 0.7211 AUPRC 0.3655 | Test AUROC 0.7321 AUPRC 0.3518
  Epoch 32, Loss 0.5737, Val AUROC 0.7210 AUPRC 0.3661 | Test AUROC 0.7323 AUPRC 0.3522
  Epoch 33, Loss 0.5727, Val AUROC 0.7215 AUPRC 0.3671 | Test AUROC 0.7328 AUPRC 0.3527
  Epoch 38, Loss 0.5685, Val AUROC 0.7204 AUPRC 0.3672 | Test AUROC 0.7370 AUPRC 0.3580
  Epoch 39, Loss 0.5678, Val AUROC 0.7207 AUPRC 0.3679 | Test AUROC 0.7375 AUPRC 0.3585
  Epoch 40, Loss 0.5673, Val AUROC 0.7211 AUPRC 0.3696 | Test AUROC 0.7378 AUPRC 0.3585
  Epoch 41, Loss 0.5668, Val AUROC 0.7214 AUPRC 0.3707 | Test AUROC 0.7382 AUPRC 0.3589
  Epoch 42, Loss 0.5663, Val AUROC 0.7219 AUPRC 0.3718 | Test AUROC 0.7381 AUPRC 0.3586
  Epoch 43, Loss 0.5658, Val AUROC 0.7228 AUPRC 0.3745 | Test AUROC 0.7391 AUPRC 0.3599
  Epoch 44, Loss 0.5652, Val AUROC 0.7261 AUPRC 0.3805 | Test AUROC 0.7396 AUPRC 0.3608
  Epoch 45, Loss 0.5646, Val AUROC 0.7282 AUPRC 0.3851 | Test AUROC 0.7403 AUPRC 0.3623
  Epoch 46, Loss 0.5645, Val AUROC 0.7291 AUPRC 0.3857 | Test AUROC 0.7399 AUPRC 0.3616
  Epoch 47, Loss 0.5648, Val AUROC 0.7281 AUPRC 0.3865 | Test AUROC 0.7423 AUPRC 0.3652
  Epoch 48, Loss 0.5650, Val AUROC 0.7288 AUPRC 0.3867 | Test AUROC 0.7413 AUPRC 0.3636
  Epoch 49, Loss 0.5638, Val AUROC 0.7281 AUPRC 0.3877 | Test AUROC 0.7417 AUPRC 0.3647
  Epoch 50, Loss 0.5629, Val AUROC 0.7277 AUPRC 0.3878 | Test AUROC 0.7425 AUPRC 0.3659
  Epoch 53, Loss 0.5623, Val AUROC 0.7278 AUPRC 0.3896 | Test AUROC 0.7431 AUPRC 0.3667
  Epoch 55, Loss 0.5620, Val AUROC 0.7280 AUPRC 0.3899 | Test AUROC 0.7424 AUPRC 0.3656
  Epoch 56, Loss 0.5619, Val AUROC 0.7288 AUPRC 0.3922 | Test AUROC 0.7428 AUPRC 0.3661
  Epoch 69, Loss 0.5601, Val AUROC 0.7284 AUPRC 0.3935 | Test AUROC 0.7420 AUPRC 0.3649
  Epoch 0, Loss 0.7115, Val AUROC 0.5691 AUPRC 0.2808 | Test AUROC 0.5645 AUPRC 0.2561
  Epoch 1, Loss 0.7804, Val AUROC 0.6712 AUPRC 0.3351 | Test AUROC 0.6867 AUPRC 0.3223
  Epoch 2, Loss 0.6678, Val AUROC 0.6954 AUPRC 0.3668 | Test AUROC 0.7150 AUPRC 0.3664
  Epoch 3, Loss 0.6797, Val AUROC 0.7019 AUPRC 0.3766 | Test AUROC 0.7219 AUPRC 0.3742
  Epoch 8, Loss 0.6341, Val AUROC 0.7150 AUPRC 0.3801 | Test AUROC 0.7254 AUPRC 0.3579
  Epoch 9, Loss 0.6116, Val AUROC 0.7185 AUPRC 0.3931 | Test AUROC 0.7300 AUPRC 0.3673
  Epoch 10, Loss 0.6009, Val AUROC 0.7202 AUPRC 0.4011 | Test AUROC 0.7303 AUPRC 0.3701
  Epoch 11, Loss 0.6068, Val AUROC 0.7211 AUPRC 0.4026 | Test AUROC 0.7288 AUPRC 0.3675
  Epoch 12, Loss 0.6059, Val AUROC 0.7224 AUPRC 0.4031 | Test AUROC 0.7258 AUPRC 0.3621
  Epoch 16, Loss 0.5867, Val AUROC 0.7273 AUPRC 0.4072 | Test AUROC 0.7250 AUPRC 0.3601
  Epoch 17, Loss 0.5796, Val AUROC 0.7289 AUPRC 0.4117 | Test AUROC 0.7284 AUPRC 0.3654
  Epoch 18, Loss 0.5815, Val AUROC 0.7306 AUPRC 0.4143 | Test AUROC 0.7301 AUPRC 0.3689
  Epoch 24, Loss 0.5637, Val AUROC 0.7401 AUPRC 0.4150 | Test AUROC 0.7261 AUPRC 0.3620
  Epoch 25, Loss 0.5628, Val AUROC 0.7412 AUPRC 0.4187 | Test AUROC 0.7243 AUPRC 0.3606
  Epoch 26, Loss 0.5629, Val AUROC 0.7431 AUPRC 0.4197 | Test AUROC 0.7226 AUPRC 0.3590
  Epoch 29, Loss 0.5577, Val AUROC 0.7460 AUPRC 0.4244 | Test AUROC 0.7237 AUPRC 0.3593
  Epoch 30, Loss 0.5538, Val AUROC 0.7475 AUPRC 0.4306 | Test AUROC 0.7259 AUPRC 0.3625
  Epoch 31, Loss 0.5531, Val AUROC 0.7485 AUPRC 0.4328 | Test AUROC 0.7272 AUPRC 0.3645
  Epoch 32, Loss 0.5519, Val AUROC 0.7498 AUPRC 0.4328 | Test AUROC 0.7288 AUPRC 0.3651
  Epoch 33, Loss 0.5487, Val AUROC 0.7510 AUPRC 0.4339 | Test AUROC 0.7298 AUPRC 0.3654
  Epoch 34, Loss 0.5482, Val AUROC 0.7517 AUPRC 0.4342 | Test AUROC 0.7308 AUPRC 0.3666
  Epoch 35, Loss 0.5462, Val AUROC 0.7520 AUPRC 0.4349 | Test AUROC 0.7320 AUPRC 0.3671
  Epoch 36, Loss 0.5438, Val AUROC 0.7525 AUPRC 0.4361 | Test AUROC 0.7329 AUPRC 0.3685
  Epoch 37, Loss 0.5429, Val AUROC 0.7542 AUPRC 0.4382 | Test AUROC 0.7333 AUPRC 0.3674
  Epoch 38, Loss 0.5405, Val AUROC 0.7557 AUPRC 0.4392 | Test AUROC 0.7339 AUPRC 0.3672
  Epoch 48, Loss 0.5230, Val AUROC 0.7606 AUPRC 0.4396 | Test AUROC 0.7337 AUPRC 0.3686
  Epoch 49, Loss 0.5215, Val AUROC 0.7616 AUPRC 0.4403 | Test AUROC 0.7327 AUPRC 0.3661
  Epoch 56, Loss 0.5075, Val AUROC 0.7651 AUPRC 0.4404 | Test AUROC 0.7237 AUPRC 0.3564
  Epoch 57, Loss 0.5054, Val AUROC 0.7664 AUPRC 0.4415 | Test AUROC 0.7215 AUPRC 0.3541
  Epoch 58, Loss 0.5033, Val AUROC 0.7674 AUPRC 0.4421 | Test AUROC 0.7202 AUPRC 0.3518
  Epoch 59, Loss 0.5012, Val AUROC 0.7679 AUPRC 0.4426 | Test AUROC 0.7205 AUPRC 0.3525
  Epoch 61, Loss 0.4976, Val AUROC 0.7689 AUPRC 0.4440 | Test AUROC 0.7200 AUPRC 0.3529
  Epoch 66, Loss 0.4895, Val AUROC 0.7695 AUPRC 0.4461 | Test AUROC 0.7149 AUPRC 0.3504
  Epoch 116, Loss 0.4459, Val AUROC 0.7642 AUPRC 0.4487 | Test AUROC 0.7025 AUPRC 0.3458
  Epoch 120, Loss 0.4132, Val AUROC 0.7646 AUPRC 0.4503 | Test AUROC 0.6999 AUPRC 0.3405
tensor([[0.9136, 0.0741, 0.0123,  ..., 0.3685, 1.0000, 0.9208],
        [0.9773, 0.0057, 0.0170,  ..., 0.3467, 1.0000, 0.9061],
        [0.9643, 0.0038, 0.0226,  ..., 0.3946, 1.0000, 0.9159],
        ...,
        [0.8158, 0.0000, 0.0000,  ..., 0.9487, 1.0000, 0.7265],
        [0.6096, 0.0000, 0.0205,  ..., 0.8497, 1.0000, 0.8300],
        [0.5000, 0.0000, 0.5000,  ..., 0.9231, 1.0000, 0.9231]],
       device='cuda:0')
tensor([[0.8070, 0.0322, 0.0221,  ..., 1.0000, 1.0000, 1.0000],
        [0.0000, 0.0000, 0.0000,  ..., 0.0000, 1.0000, 1.0000],
        [0.0000, 0.0000, 0.2000,  ..., 0.0000, 1.0000, 1.0000],
        ...,
        [0.0784, 0.0000, 0.0000,  ..., 0.8407, 0.9986, 0.8435],
        [0.9828, 0.0000, 0.0172,  ..., 0.7935, 0.9991, 0.8339],
        [0.4715, 0.0000, 0.0366,  ..., 0.8006, 0.9991, 0.8334]],
       device='cuda:0')
/home/eirik/miniconda3/envs/GADBench/lib/python3.10/site-packages/xgboost/training.py:200: UserWarning: [17:18:13] WARNING: /__w/xgboost/xgboost/src/learner.cc:782: 
Parameters: { "drop_rate", "h_feats", "lr", "num_layers", "verbose" } are not used.

  bst.update(dtrain, iteration=i, fobj=obj)
/home/eirik/miniconda3/envs/GADBench/lib/python3.10/site-packages/xgboost/training.py:200: UserWarning: [17:18:14] WARNING: /__w/xgboost/xgboost/src/learner.cc:782: 
Parameters: { "verbose" } are not used.

  bst.update(dtrain, iteration=i, fobj=obj)

[tolokers | ff_b0.3_Minf | split 1 | seed 3417]
  forest_fire: 15/15 subgraphs (n: min=500 med=500 max=500 | m: min=10043 med=15710 max=27347)
  Combined: N=7500 M=506654 train=2276 val=1141 unique_origs=3417
  Epoch 0, Loss 0.6896, Val AUROC 0.6802 AUPRC 0.4307 | Test AUROC 0.6771 AUPRC 0.3568
  Epoch 1, Loss 0.6828, Val AUROC 0.6824 AUPRC 0.4336 | Test AUROC 0.6842 AUPRC 0.3687
  Epoch 2, Loss 0.6753, Val AUROC 0.6881 AUPRC 0.4358 | Test AUROC 0.6852 AUPRC 0.3704
  Epoch 3, Loss 0.6681, Val AUROC 0.6918 AUPRC 0.4374 | Test AUROC 0.6857 AUPRC 0.3709
  Epoch 8, Loss 0.6276, Val AUROC 0.6972 AUPRC 0.4390 | Test AUROC 0.6916 AUPRC 0.3739
  Epoch 9, Loss 0.6222, Val AUROC 0.7017 AUPRC 0.4407 | Test AUROC 0.6938 AUPRC 0.3751
  Epoch 10, Loss 0.6188, Val AUROC 0.7038 AUPRC 0.4409 | Test AUROC 0.6960 AUPRC 0.3763
  Epoch 11, Loss 0.6168, Val AUROC 0.7069 AUPRC 0.4415 | Test AUROC 0.6984 AUPRC 0.3776
  Epoch 12, Loss 0.6153, Val AUROC 0.7106 AUPRC 0.4438 | Test AUROC 0.7016 AUPRC 0.3795
  Epoch 13, Loss 0.6130, Val AUROC 0.7120 AUPRC 0.4444 | Test AUROC 0.7052 AUPRC 0.3813
  Epoch 0, Loss 0.7277, Val AUROC 0.4975 AUPRC 0.2265 | Test AUROC 0.4856 AUPRC 0.2084
  Epoch 1, Loss 0.6977, Val AUROC 0.6724 AUPRC 0.3486 | Test AUROC 0.6582 AUPRC 0.2989
  Epoch 2, Loss 0.6736, Val AUROC 0.6954 AUPRC 0.3598 | Test AUROC 0.6828 AUPRC 0.3138
  Epoch 4, Loss 0.6359, Val AUROC 0.7039 AUPRC 0.3608 | Test AUROC 0.6972 AUPRC 0.3284
  Epoch 5, Loss 0.6215, Val AUROC 0.7048 AUPRC 0.3635 | Test AUROC 0.7004 AUPRC 0.3331
  Epoch 6, Loss 0.6096, Val AUROC 0.7056 AUPRC 0.3652 | Test AUROC 0.7028 AUPRC 0.3370
  Epoch 20, Loss 0.5776, Val AUROC 0.7219 AUPRC 0.3663 | Test AUROC 0.7163 AUPRC 0.3409
  Epoch 21, Loss 0.5763, Val AUROC 0.7235 AUPRC 0.3682 | Test AUROC 0.7179 AUPRC 0.3425
  Epoch 22, Loss 0.5751, Val AUROC 0.7251 AUPRC 0.3704 | Test AUROC 0.7196 AUPRC 0.3440
  Epoch 23, Loss 0.5736, Val AUROC 0.7269 AUPRC 0.3739 | Test AUROC 0.7211 AUPRC 0.3452
  Epoch 24, Loss 0.5726, Val AUROC 0.7279 AUPRC 0.3754 | Test AUROC 0.7221 AUPRC 0.3460
  Epoch 25, Loss 0.5718, Val AUROC 0.7286 AUPRC 0.3761 | Test AUROC 0.7231 AUPRC 0.3468
  Epoch 26, Loss 0.5709, Val AUROC 0.7293 AUPRC 0.3769 | Test AUROC 0.7236 AUPRC 0.3468
  Epoch 27, Loss 0.5703, Val AUROC 0.7300 AUPRC 0.3776 | Test AUROC 0.7238 AUPRC 0.3468
  Epoch 28, Loss 0.5697, Val AUROC 0.7310 AUPRC 0.3792 | Test AUROC 0.7242 AUPRC 0.3470
  Epoch 29, Loss 0.5691, Val AUROC 0.7319 AUPRC 0.3806 | Test AUROC 0.7243 AUPRC 0.3471
  Epoch 30, Loss 0.5687, Val AUROC 0.7323 AUPRC 0.3809 | Test AUROC 0.7244 AUPRC 0.3472
  Epoch 31, Loss 0.5683, Val AUROC 0.7326 AUPRC 0.3819 | Test AUROC 0.7245 AUPRC 0.3471
  Epoch 32, Loss 0.5678, Val AUROC 0.7329 AUPRC 0.3826 | Test AUROC 0.7246 AUPRC 0.3474
  Epoch 33, Loss 0.5674, Val AUROC 0.7328 AUPRC 0.3835 | Test AUROC 0.7244 AUPRC 0.3482
  Epoch 34, Loss 0.5668, Val AUROC 0.7328 AUPRC 0.3842 | Test AUROC 0.7243 AUPRC 0.3483
  Epoch 35, Loss 0.5662, Val AUROC 0.7327 AUPRC 0.3846 | Test AUROC 0.7241 AUPRC 0.3482
  Epoch 36, Loss 0.5656, Val AUROC 0.7326 AUPRC 0.3855 | Test AUROC 0.7240 AUPRC 0.3483
  Epoch 37, Loss 0.5650, Val AUROC 0.7327 AUPRC 0.3861 | Test AUROC 0.7238 AUPRC 0.3482
  Epoch 38, Loss 0.5644, Val AUROC 0.7325 AUPRC 0.3861 | Test AUROC 0.7238 AUPRC 0.3482
  Epoch 39, Loss 0.5640, Val AUROC 0.7325 AUPRC 0.3866 | Test AUROC 0.7237 AUPRC 0.3482
  Epoch 40, Loss 0.5636, Val AUROC 0.7326 AUPRC 0.3866 | Test AUROC 0.7237 AUPRC 0.3482
  Epoch 41, Loss 0.5632, Val AUROC 0.7326 AUPRC 0.3876 | Test AUROC 0.7236 AUPRC 0.3483
  Epoch 43, Loss 0.5623, Val AUROC 0.7323 AUPRC 0.3882 | Test AUROC 0.7238 AUPRC 0.3490
  Epoch 46, Loss 0.5610, Val AUROC 0.7327 AUPRC 0.3886 | Test AUROC 0.7243 AUPRC 0.3502
  Epoch 47, Loss 0.5606, Val AUROC 0.7327 AUPRC 0.3889 | Test AUROC 0.7246 AUPRC 0.3510
  Epoch 48, Loss 0.5601, Val AUROC 0.7328 AUPRC 0.3894 | Test AUROC 0.7251 AUPRC 0.3515
  Epoch 49, Loss 0.5596, Val AUROC 0.7326 AUPRC 0.3908 | Test AUROC 0.7256 AUPRC 0.3521
  Epoch 50, Loss 0.5591, Val AUROC 0.7325 AUPRC 0.3908 | Test AUROC 0.7262 AUPRC 0.3531
  Epoch 51, Loss 0.5587, Val AUROC 0.7324 AUPRC 0.3918 | Test AUROC 0.7268 AUPRC 0.3542
  Epoch 52, Loss 0.5582, Val AUROC 0.7326 AUPRC 0.3933 | Test AUROC 0.7273 AUPRC 0.3550
  Epoch 53, Loss 0.5578, Val AUROC 0.7328 AUPRC 0.3943 | Test AUROC 0.7278 AUPRC 0.3559
  Epoch 54, Loss 0.5574, Val AUROC 0.7328 AUPRC 0.3949 | Test AUROC 0.7283 AUPRC 0.3569
  Epoch 55, Loss 0.5569, Val AUROC 0.7331 AUPRC 0.3952 | Test AUROC 0.7286 AUPRC 0.3578
  Epoch 56, Loss 0.5565, Val AUROC 0.7331 AUPRC 0.3977 | Test AUROC 0.7291 AUPRC 0.3587
  Epoch 57, Loss 0.5561, Val AUROC 0.7332 AUPRC 0.3981 | Test AUROC 0.7294 AUPRC 0.3590
  Epoch 58, Loss 0.5557, Val AUROC 0.7331 AUPRC 0.3991 | Test AUROC 0.7298 AUPRC 0.3597
  Epoch 0, Loss 0.7149, Val AUROC 0.6180 AUPRC 0.3022 | Test AUROC 0.5901 AUPRC 0.2706
  Epoch 1, Loss 0.7548, Val AUROC 0.7008 AUPRC 0.3623 | Test AUROC 0.6981 AUPRC 0.3361
  Epoch 2, Loss 0.6503, Val AUROC 0.7152 AUPRC 0.3848 | Test AUROC 0.7117 AUPRC 0.3569
  Epoch 3, Loss 0.6681, Val AUROC 0.7203 AUPRC 0.3929 | Test AUROC 0.7157 AUPRC 0.3590
  Epoch 9, Loss 0.5882, Val AUROC 0.7321 AUPRC 0.3976 | Test AUROC 0.7281 AUPRC 0.3650
  Epoch 15, Loss 0.5658, Val AUROC 0.7372 AUPRC 0.4092 | Test AUROC 0.7309 AUPRC 0.3705
  Epoch 16, Loss 0.5686, Val AUROC 0.7378 AUPRC 0.4157 | Test AUROC 0.7309 AUPRC 0.3723
  Epoch 17, Loss 0.5729, Val AUROC 0.7383 AUPRC 0.4163 | Test AUROC 0.7319 AUPRC 0.3735
  Epoch 22, Loss 0.5557, Val AUROC 0.7417 AUPRC 0.4213 | Test AUROC 0.7341 AUPRC 0.3767
  Epoch 23, Loss 0.5522, Val AUROC 0.7426 AUPRC 0.4244 | Test AUROC 0.7336 AUPRC 0.3791
  Epoch 24, Loss 0.5535, Val AUROC 0.7430 AUPRC 0.4267 | Test AUROC 0.7334 AUPRC 0.3799
  Epoch 25, Loss 0.5529, Val AUROC 0.7434 AUPRC 0.4269 | Test AUROC 0.7341 AUPRC 0.3792
  Epoch 27, Loss 0.5458, Val AUROC 0.7457 AUPRC 0.4283 | Test AUROC 0.7355 AUPRC 0.3769
  Epoch 28, Loss 0.5462, Val AUROC 0.7468 AUPRC 0.4286 | Test AUROC 0.7356 AUPRC 0.3772
  Epoch 30, Loss 0.5403, Val AUROC 0.7485 AUPRC 0.4315 | Test AUROC 0.7352 AUPRC 0.3828
  Epoch 31, Loss 0.5390, Val AUROC 0.7498 AUPRC 0.4331 | Test AUROC 0.7346 AUPRC 0.3833
  Epoch 32, Loss 0.5390, Val AUROC 0.7510 AUPRC 0.4336 | Test AUROC 0.7350 AUPRC 0.3819
  Epoch 36, Loss 0.5315, Val AUROC 0.7541 AUPRC 0.4347 | Test AUROC 0.7360 AUPRC 0.3830
  Epoch 37, Loss 0.5289, Val AUROC 0.7547 AUPRC 0.4355 | Test AUROC 0.7346 AUPRC 0.3832
  Epoch 38, Loss 0.5286, Val AUROC 0.7553 AUPRC 0.4370 | Test AUROC 0.7343 AUPRC 0.3814
  Epoch 41, Loss 0.5240, Val AUROC 0.7576 AUPRC 0.4376 | Test AUROC 0.7361 AUPRC 0.3783
  Epoch 42, Loss 0.5218, Val AUROC 0.7586 AUPRC 0.4397 | Test AUROC 0.7349 AUPRC 0.3774
  Epoch 43, Loss 0.5200, Val AUROC 0.7593 AUPRC 0.4411 | Test AUROC 0.7344 AUPRC 0.3764
  Epoch 44, Loss 0.5191, Val AUROC 0.7603 AUPRC 0.4433 | Test AUROC 0.7352 AUPRC 0.3756
  Epoch 45, Loss 0.5170, Val AUROC 0.7607 AUPRC 0.4439 | Test AUROC 0.7357 AUPRC 0.3747
  Epoch 46, Loss 0.5160, Val AUROC 0.7615 AUPRC 0.4467 | Test AUROC 0.7351 AUPRC 0.3740
  Epoch 47, Loss 0.5140, Val AUROC 0.7624 AUPRC 0.4483 | Test AUROC 0.7340 AUPRC 0.3733
  Epoch 48, Loss 0.5127, Val AUROC 0.7627 AUPRC 0.4494 | Test AUROC 0.7343 AUPRC 0.3730
  Epoch 49, Loss 0.5112, Val AUROC 0.7622 AUPRC 0.4504 | Test AUROC 0.7356 AUPRC 0.3731
  Epoch 50, Loss 0.5093, Val AUROC 0.7621 AUPRC 0.4510 | Test AUROC 0.7366 AUPRC 0.3726
  Epoch 51, Loss 0.5079, Val AUROC 0.7623 AUPRC 0.4518 | Test AUROC 0.7366 AUPRC 0.3737
  Epoch 52, Loss 0.5063, Val AUROC 0.7626 AUPRC 0.4527 | Test AUROC 0.7366 AUPRC 0.3745
  Epoch 54, Loss 0.5030, Val AUROC 0.7629 AUPRC 0.4544 | Test AUROC 0.7374 AUPRC 0.3734
  Epoch 55, Loss 0.5014, Val AUROC 0.7634 AUPRC 0.4547 | Test AUROC 0.7360 AUPRC 0.3727
  Epoch 57, Loss 0.4981, Val AUROC 0.7645 AUPRC 0.4549 | Test AUROC 0.7371 AUPRC 0.3709
  Epoch 58, Loss 0.4965, Val AUROC 0.7649 AUPRC 0.4567 | Test AUROC 0.7358 AUPRC 0.3701
  Epoch 59, Loss 0.4947, Val AUROC 0.7647 AUPRC 0.4568 | Test AUROC 0.7349 AUPRC 0.3690
  Epoch 61, Loss 0.4913, Val AUROC 0.7651 AUPRC 0.4570 | Test AUROC 0.7323 AUPRC 0.3658
tensor([[0.9136, 0.0741, 0.0123,  ..., 0.3685, 1.0000, 0.9208],
        [0.9773, 0.0057, 0.0170,  ..., 0.3467, 1.0000, 0.9061],
        [0.9643, 0.0038, 0.0226,  ..., 0.3946, 1.0000, 0.9159],
        ...,
        [0.6129, 0.0000, 0.0000,  ..., 0.4896, 1.0000, 0.9934],
        [0.5812, 0.2222, 0.0000,  ..., 0.5112, 1.0000, 0.9941],
        [0.5585, 0.2717, 0.0491,  ..., 0.5467, 1.0000, 0.9909]],
       device='cuda:0')
tensor([[0.8070, 0.0322, 0.0221,  ..., 1.0000, 1.0000, 1.0000],
        [0.0000, 0.0000, 0.0000,  ..., 0.0000, 1.0000, 1.0000],
        [0.0000, 0.0000, 0.2000,  ..., 0.0000, 1.0000, 1.0000],
        ...,
        [0.0784, 0.0000, 0.0000,  ..., 0.8407, 0.9986, 0.8435],
        [0.9828, 0.0000, 0.0172,  ..., 0.7935, 0.9991, 0.8339],
        [0.4715, 0.0000, 0.0366,  ..., 0.8006, 0.9991, 0.8334]],
       device='cuda:0')
/home/eirik/miniconda3/envs/GADBench/lib/python3.10/site-packages/xgboost/training.py:200: UserWarning: [17:18:41] WARNING: /__w/xgboost/xgboost/src/learner.cc:782: 
Parameters: { "drop_rate", "h_feats", "lr", "num_layers", "verbose" } are not used.

  bst.update(dtrain, iteration=i, fobj=obj)
/home/eirik/miniconda3/envs/GADBench/lib/python3.10/site-packages/xgboost/training.py:200: UserWarning: [17:18:41] WARNING: /__w/xgboost/xgboost/src/learner.cc:782: 
Parameters: { "verbose" } are not used.

  bst.update(dtrain, iteration=i, fobj=obj)

[tolokers | ff_b0.5_M1 | split 1 | seed 3417]
  forest_fire: 12/15 subgraphs (n: min=2 med=500 max=500 | m: min=1 med=3502 max=20965)
  Combined: N=5502 M=131026 train=3707 val=1795 unique_origs=5502
  Epoch 0, Loss 0.6877, Val AUROC 0.6741 AUPRC 0.3827 | Test AUROC 0.6798 AUPRC 0.3603
  Epoch 1, Loss 0.6802, Val AUROC 0.6762 AUPRC 0.3940 | Test AUROC 0.6865 AUPRC 0.3693
  Epoch 2, Loss 0.6723, Val AUROC 0.6764 AUPRC 0.3942 | Test AUROC 0.6878 AUPRC 0.3724
  Epoch 24, Loss 0.5998, Val AUROC 0.7056 AUPRC 0.3986 | Test AUROC 0.7117 AUPRC 0.3775
  Epoch 25, Loss 0.5985, Val AUROC 0.7061 AUPRC 0.3998 | Test AUROC 0.7130 AUPRC 0.3785
  Epoch 26, Loss 0.5971, Val AUROC 0.7068 AUPRC 0.4015 | Test AUROC 0.7140 AUPRC 0.3794
  Epoch 27, Loss 0.5959, Val AUROC 0.7073 AUPRC 0.4040 | Test AUROC 0.7138 AUPRC 0.3783
  Epoch 28, Loss 0.5944, Val AUROC 0.7079 AUPRC 0.4050 | Test AUROC 0.7131 AUPRC 0.3761
  Epoch 29, Loss 0.5928, Val AUROC 0.7091 AUPRC 0.4083 | Test AUROC 0.7122 AUPRC 0.3737
  Epoch 30, Loss 0.5917, Val AUROC 0.7100 AUPRC 0.4105 | Test AUROC 0.7121 AUPRC 0.3723
  Epoch 31, Loss 0.5909, Val AUROC 0.7128 AUPRC 0.4129 | Test AUROC 0.7131 AUPRC 0.3728
  Epoch 32, Loss 0.5900, Val AUROC 0.7127 AUPRC 0.4146 | Test AUROC 0.7140 AUPRC 0.3752
  Epoch 33, Loss 0.5893, Val AUROC 0.7170 AUPRC 0.4179 | Test AUROC 0.7157 AUPRC 0.3766
  Epoch 34, Loss 0.5886, Val AUROC 0.7166 AUPRC 0.4189 | Test AUROC 0.7160 AUPRC 0.3783
  Epoch 36, Loss 0.5864, Val AUROC 0.7208 AUPRC 0.4193 | Test AUROC 0.7164 AUPRC 0.3781
  Epoch 45, Loss 0.5813, Val AUROC 0.7221 AUPRC 0.4195 | Test AUROC 0.7155 AUPRC 0.3776
  Epoch 46, Loss 0.5810, Val AUROC 0.7241 AUPRC 0.4204 | Test AUROC 0.7165 AUPRC 0.3777
  Epoch 47, Loss 0.5803, Val AUROC 0.7236 AUPRC 0.4207 | Test AUROC 0.7159 AUPRC 0.3776
  Epoch 48, Loss 0.5796, Val AUROC 0.7238 AUPRC 0.4210 | Test AUROC 0.7152 AUPRC 0.3765
  Epoch 50, Loss 0.5789, Val AUROC 0.7235 AUPRC 0.4213 | Test AUROC 0.7136 AUPRC 0.3746
  Epoch 52, Loss 0.5779, Val AUROC 0.7248 AUPRC 0.4218 | Test AUROC 0.7144 AUPRC 0.3758
  Epoch 53, Loss 0.5772, Val AUROC 0.7257 AUPRC 0.4224 | Test AUROC 0.7148 AUPRC 0.3766
  Epoch 54, Loss 0.5768, Val AUROC 0.7272 AUPRC 0.4230 | Test AUROC 0.7151 AUPRC 0.3769
  Epoch 55, Loss 0.5765, Val AUROC 0.7260 AUPRC 0.4239 | Test AUROC 0.7134 AUPRC 0.3766
  Epoch 56, Loss 0.5763, Val AUROC 0.7285 AUPRC 0.4241 | Test AUROC 0.7144 AUPRC 0.3757
  Epoch 57, Loss 0.5760, Val AUROC 0.7268 AUPRC 0.4245 | Test AUROC 0.7127 AUPRC 0.3751
  Epoch 58, Loss 0.5754, Val AUROC 0.7282 AUPRC 0.4250 | Test AUROC 0.7133 AUPRC 0.3749
  Epoch 59, Loss 0.5748, Val AUROC 0.7285 AUPRC 0.4252 | Test AUROC 0.7127 AUPRC 0.3741
  Epoch 60, Loss 0.5745, Val AUROC 0.7281 AUPRC 0.4258 | Test AUROC 0.7111 AUPRC 0.3737
  Epoch 0, Loss 0.7254, Val AUROC 0.5068 AUPRC 0.2402 | Test AUROC 0.4972 AUPRC 0.2123
  Epoch 1, Loss 0.6956, Val AUROC 0.6553 AUPRC 0.3507 | Test AUROC 0.6816 AUPRC 0.3232
  Epoch 22, Loss 0.5892, Val AUROC 0.7092 AUPRC 0.3508 | Test AUROC 0.7360 AUPRC 0.3597
  Epoch 23, Loss 0.5879, Val AUROC 0.7107 AUPRC 0.3531 | Test AUROC 0.7363 AUPRC 0.3593
  Epoch 24, Loss 0.5865, Val AUROC 0.7131 AUPRC 0.3565 | Test AUROC 0.7373 AUPRC 0.3603
  Epoch 25, Loss 0.5849, Val AUROC 0.7154 AUPRC 0.3591 | Test AUROC 0.7380 AUPRC 0.3614
  Epoch 26, Loss 0.5833, Val AUROC 0.7173 AUPRC 0.3623 | Test AUROC 0.7382 AUPRC 0.3615
  Epoch 27, Loss 0.5820, Val AUROC 0.7187 AUPRC 0.3649 | Test AUROC 0.7389 AUPRC 0.3627
  Epoch 28, Loss 0.5806, Val AUROC 0.7201 AUPRC 0.3692 | Test AUROC 0.7390 AUPRC 0.3625
  Epoch 29, Loss 0.5793, Val AUROC 0.7214 AUPRC 0.3726 | Test AUROC 0.7394 AUPRC 0.3630
  Epoch 30, Loss 0.5782, Val AUROC 0.7228 AUPRC 0.3751 | Test AUROC 0.7403 AUPRC 0.3644
  Epoch 31, Loss 0.5772, Val AUROC 0.7242 AUPRC 0.3784 | Test AUROC 0.7408 AUPRC 0.3654
  Epoch 32, Loss 0.5763, Val AUROC 0.7257 AUPRC 0.3806 | Test AUROC 0.7423 AUPRC 0.3682
  Epoch 33, Loss 0.5755, Val AUROC 0.7276 AUPRC 0.3844 | Test AUROC 0.7430 AUPRC 0.3693
  Epoch 34, Loss 0.5746, Val AUROC 0.7292 AUPRC 0.3872 | Test AUROC 0.7442 AUPRC 0.3717
  Epoch 35, Loss 0.5738, Val AUROC 0.7313 AUPRC 0.3909 | Test AUROC 0.7453 AUPRC 0.3735
  Epoch 36, Loss 0.5731, Val AUROC 0.7332 AUPRC 0.3953 | Test AUROC 0.7456 AUPRC 0.3733
  Epoch 37, Loss 0.5725, Val AUROC 0.7349 AUPRC 0.3967 | Test AUROC 0.7463 AUPRC 0.3738
  Epoch 38, Loss 0.5719, Val AUROC 0.7361 AUPRC 0.4008 | Test AUROC 0.7458 AUPRC 0.3718
  Epoch 39, Loss 0.5714, Val AUROC 0.7371 AUPRC 0.4027 | Test AUROC 0.7462 AUPRC 0.3716
  Epoch 40, Loss 0.5708, Val AUROC 0.7376 AUPRC 0.4033 | Test AUROC 0.7460 AUPRC 0.3703
  Epoch 52, Loss 0.5663, Val AUROC 0.7428 AUPRC 0.4040 | Test AUROC 0.7497 AUPRC 0.3763
  Epoch 0, Loss 0.7150, Val AUROC 0.5558 AUPRC 0.2728 | Test AUROC 0.5852 AUPRC 0.2682
  Epoch 1, Loss 0.7670, Val AUROC 0.6561 AUPRC 0.3188 | Test AUROC 0.7036 AUPRC 0.3424
  Epoch 2, Loss 0.6692, Val AUROC 0.6840 AUPRC 0.3390 | Test AUROC 0.7299 AUPRC 0.3824
  Epoch 3, Loss 0.6749, Val AUROC 0.6887 AUPRC 0.3503 | Test AUROC 0.7340 AUPRC 0.3888
  Epoch 4, Loss 0.6722, Val AUROC 0.6882 AUPRC 0.3505 | Test AUROC 0.7349 AUPRC 0.3860
  Epoch 8, Loss 0.6267, Val AUROC 0.6939 AUPRC 0.3583 | Test AUROC 0.7324 AUPRC 0.3731
  Epoch 9, Loss 0.6101, Val AUROC 0.7005 AUPRC 0.3729 | Test AUROC 0.7324 AUPRC 0.3780
  Epoch 10, Loss 0.6142, Val AUROC 0.7029 AUPRC 0.3773 | Test AUROC 0.7330 AUPRC 0.3800
  Epoch 15, Loss 0.5971, Val AUROC 0.7094 AUPRC 0.3800 | Test AUROC 0.7360 AUPRC 0.3770
  Epoch 16, Loss 0.5878, Val AUROC 0.7162 AUPRC 0.3957 | Test AUROC 0.7373 AUPRC 0.3813
  Epoch 17, Loss 0.5884, Val AUROC 0.7208 AUPRC 0.4057 | Test AUROC 0.7376 AUPRC 0.3819
  Epoch 18, Loss 0.5883, Val AUROC 0.7242 AUPRC 0.4097 | Test AUROC 0.7382 AUPRC 0.3833
  Epoch 19, Loss 0.5813, Val AUROC 0.7260 AUPRC 0.4113 | Test AUROC 0.7375 AUPRC 0.3799
  Epoch 20, Loss 0.5774, Val AUROC 0.7269 AUPRC 0.4114 | Test AUROC 0.7368 AUPRC 0.3764
  Epoch 21, Loss 0.5796, Val AUROC 0.7302 AUPRC 0.4173 | Test AUROC 0.7379 AUPRC 0.3779
  Epoch 22, Loss 0.5761, Val AUROC 0.7334 AUPRC 0.4225 | Test AUROC 0.7397 AUPRC 0.3820
  Epoch 23, Loss 0.5707, Val AUROC 0.7362 AUPRC 0.4272 | Test AUROC 0.7407 AUPRC 0.3851
  Epoch 24, Loss 0.5702, Val AUROC 0.7382 AUPRC 0.4282 | Test AUROC 0.7414 AUPRC 0.3866
  Epoch 25, Loss 0.5691, Val AUROC 0.7397 AUPRC 0.4292 | Test AUROC 0.7418 AUPRC 0.3842
  Epoch 28, Loss 0.5618, Val AUROC 0.7450 AUPRC 0.4309 | Test AUROC 0.7459 AUPRC 0.3859
  Epoch 29, Loss 0.5577, Val AUROC 0.7475 AUPRC 0.4344 | Test AUROC 0.7482 AUPRC 0.3904
  Epoch 30, Loss 0.5564, Val AUROC 0.7496 AUPRC 0.4367 | Test AUROC 0.7493 AUPRC 0.3913
  Epoch 32, Loss 0.5519, Val AUROC 0.7518 AUPRC 0.4369 | Test AUROC 0.7505 AUPRC 0.3868
  Epoch 33, Loss 0.5511, Val AUROC 0.7530 AUPRC 0.4376 | Test AUROC 0.7511 AUPRC 0.3863
  Epoch 34, Loss 0.5489, Val AUROC 0.7541 AUPRC 0.4383 | Test AUROC 0.7520 AUPRC 0.3872
  Epoch 35, Loss 0.5465, Val AUROC 0.7552 AUPRC 0.4387 | Test AUROC 0.7519 AUPRC 0.3875
  Epoch 36, Loss 0.5453, Val AUROC 0.7564 AUPRC 0.4393 | Test AUROC 0.7521 AUPRC 0.3872
  Epoch 37, Loss 0.5423, Val AUROC 0.7575 AUPRC 0.4400 | Test AUROC 0.7524 AUPRC 0.3858
  Epoch 38, Loss 0.5414, Val AUROC 0.7594 AUPRC 0.4417 | Test AUROC 0.7524 AUPRC 0.3871
  Epoch 39, Loss 0.5388, Val AUROC 0.7616 AUPRC 0.4418 | Test AUROC 0.7516 AUPRC 0.3882
  Epoch 40, Loss 0.5374, Val AUROC 0.7634 AUPRC 0.4433 | Test AUROC 0.7511 AUPRC 0.3862
  Epoch 41, Loss 0.5350, Val AUROC 0.7645 AUPRC 0.4457 | Test AUROC 0.7509 AUPRC 0.3831
  Epoch 43, Loss 0.5311, Val AUROC 0.7675 AUPRC 0.4467 | Test AUROC 0.7502 AUPRC 0.3845
  Epoch 51, Loss 0.5165, Val AUROC 0.7683 AUPRC 0.4477 | Test AUROC 0.7426 AUPRC 0.3740
  Epoch 52, Loss 0.5146, Val AUROC 0.7683 AUPRC 0.4494 | Test AUROC 0.7411 AUPRC 0.3725
  Epoch 53, Loss 0.5128, Val AUROC 0.7685 AUPRC 0.4507 | Test AUROC 0.7403 AUPRC 0.3713
  Epoch 54, Loss 0.5111, Val AUROC 0.7685 AUPRC 0.4517 | Test AUROC 0.7406 AUPRC 0.3718
  Epoch 55, Loss 0.5092, Val AUROC 0.7692 AUPRC 0.4526 | Test AUROC 0.7402 AUPRC 0.3731
  Epoch 56, Loss 0.5072, Val AUROC 0.7696 AUPRC 0.4561 | Test AUROC 0.7389 AUPRC 0.3717
  Epoch 57, Loss 0.5052, Val AUROC 0.7697 AUPRC 0.4590 | Test AUROC 0.7370 AUPRC 0.3686
  Epoch 58, Loss 0.5032, Val AUROC 0.7702 AUPRC 0.4605 | Test AUROC 0.7358 AUPRC 0.3680
  Epoch 59, Loss 0.5017, Val AUROC 0.7701 AUPRC 0.4605 | Test AUROC 0.7347 AUPRC 0.3668
  Epoch 61, Loss 0.4997, Val AUROC 0.7699 AUPRC 0.4613 | Test AUROC 0.7329 AUPRC 0.3645
  Epoch 62, Loss 0.5001, Val AUROC 0.7712 AUPRC 0.4622 | Test AUROC 0.7294 AUPRC 0.3633
  Epoch 63, Loss 0.5007, Val AUROC 0.7695 AUPRC 0.4636 | Test AUROC 0.7300 AUPRC 0.3618
  Epoch 65, Loss 0.4917, Val AUROC 0.7716 AUPRC 0.4640 | Test AUROC 0.7287 AUPRC 0.3618
  Epoch 66, Loss 0.4904, Val AUROC 0.7702 AUPRC 0.4652 | Test AUROC 0.7294 AUPRC 0.3608
  Epoch 71, Loss 0.4857, Val AUROC 0.7704 AUPRC 0.4655 | Test AUROC 0.7284 AUPRC 0.3606
  Epoch 72, Loss 0.4839, Val AUROC 0.7714 AUPRC 0.4656 | Test AUROC 0.7263 AUPRC 0.3608
  Epoch 73, Loss 0.4801, Val AUROC 0.7708 AUPRC 0.4662 | Test AUROC 0.7252 AUPRC 0.3588
  Epoch 75, Loss 0.4777, Val AUROC 0.7712 AUPRC 0.4671 | Test AUROC 0.7212 AUPRC 0.3562
  Epoch 77, Loss 0.4774, Val AUROC 0.7725 AUPRC 0.4682 | Test AUROC 0.7233 AUPRC 0.3589
  Epoch 78, Loss 0.4742, Val AUROC 0.7722 AUPRC 0.4688 | Test AUROC 0.7248 AUPRC 0.3593
  Epoch 80, Loss 0.4697, Val AUROC 0.7722 AUPRC 0.4707 | Test AUROC 0.7208 AUPRC 0.3560
  Epoch 82, Loss 0.4754, Val AUROC 0.7736 AUPRC 0.4720 | Test AUROC 0.7217 AUPRC 0.3603
  Epoch 84, Loss 0.4665, Val AUROC 0.7729 AUPRC 0.4728 | Test AUROC 0.7228 AUPRC 0.3572
  Epoch 85, Loss 0.4637, Val AUROC 0.7729 AUPRC 0.4756 | Test AUROC 0.7144 AUPRC 0.3500
tensor([[0.9136, 0.0741, 0.0123,  ..., 0.3682, 0.9974, 0.9361],
        [0.9773, 0.0057, 0.0170,  ..., 0.3403, 0.9955, 0.9266],
        [0.9643, 0.0038, 0.0226,  ..., 0.3898, 0.9952, 0.9300],
        ...,
        [0.3600, 0.5600, 0.0800,  ..., 1.0000, 1.0000, 1.0000],
        [0.0000, 0.0000, 0.3750,  ..., 0.3611, 1.0000, 1.0000],
        [0.7667, 0.0333, 0.1333,  ..., 0.4167, 1.0000, 1.0000]],
       device='cuda:0')
tensor([[0.8070, 0.0322, 0.0221,  ..., 1.0000, 1.0000, 1.0000],
        [0.0000, 0.0000, 0.0000,  ..., 0.0000, 1.0000, 1.0000],
        [0.0000, 0.0000, 0.2000,  ..., 0.0000, 1.0000, 1.0000],
        ...,
        [0.0784, 0.0000, 0.0000,  ..., 0.8407, 0.9986, 0.8435],
        [0.9828, 0.0000, 0.0172,  ..., 0.7935, 0.9991, 0.8339],
        [0.4715, 0.0000, 0.0366,  ..., 0.8006, 0.9991, 0.8334]],
       device='cuda:0')
/home/eirik/miniconda3/envs/GADBench/lib/python3.10/site-packages/xgboost/training.py:200: UserWarning: [17:18:56] WARNING: /__w/xgboost/xgboost/src/learner.cc:782: 
Parameters: { "drop_rate", "h_feats", "lr", "num_layers", "verbose" } are not used.

  bst.update(dtrain, iteration=i, fobj=obj)
/home/eirik/miniconda3/envs/GADBench/lib/python3.10/site-packages/xgboost/training.py:200: UserWarning: [17:18:56] WARNING: /__w/xgboost/xgboost/src/learner.cc:782: 
Parameters: { "verbose" } are not used.

  bst.update(dtrain, iteration=i, fobj=obj)

[tolokers | ff_b0.5_Minf | split 1 | seed 3417]
  forest_fire: 15/15 subgraphs (n: min=500 med=500 max=500 | m: min=9369 med=14660 max=32018)
  Combined: N=7500 M=488462 train=2327 val=1172 unique_origs=3499
  Epoch 0, Loss 0.6901, Val AUROC 0.6665 AUPRC 0.4053 | Test AUROC 0.6743 AUPRC 0.3541
  Epoch 1, Loss 0.6845, Val AUROC 0.6759 AUPRC 0.4113 | Test AUROC 0.6838 AUPRC 0.3688
  Epoch 40, Loss 0.5854, Val AUROC 0.7320 AUPRC 0.4115 | Test AUROC 0.6940 AUPRC 0.3540
  Epoch 41, Loss 0.5849, Val AUROC 0.7328 AUPRC 0.4126 | Test AUROC 0.6945 AUPRC 0.3538
  Epoch 42, Loss 0.5843, Val AUROC 0.7333 AUPRC 0.4132 | Test AUROC 0.6951 AUPRC 0.3541
  Epoch 43, Loss 0.5837, Val AUROC 0.7339 AUPRC 0.4140 | Test AUROC 0.6961 AUPRC 0.3550
  Epoch 44, Loss 0.5832, Val AUROC 0.7342 AUPRC 0.4158 | Test AUROC 0.6967 AUPRC 0.3556
  Epoch 45, Loss 0.5828, Val AUROC 0.7353 AUPRC 0.4179 | Test AUROC 0.6981 AUPRC 0.3572
  Epoch 0, Loss 0.7242, Val AUROC 0.4639 AUPRC 0.1998 | Test AUROC 0.4710 AUPRC 0.2018
  Epoch 1, Loss 0.7003, Val AUROC 0.6183 AUPRC 0.2974 | Test AUROC 0.6462 AUPRC 0.2933
  Epoch 2, Loss 0.6800, Val AUROC 0.6495 AUPRC 0.3173 | Test AUROC 0.6847 AUPRC 0.3169
  Epoch 17, Loss 0.5906, Val AUROC 0.6895 AUPRC 0.3178 | Test AUROC 0.7113 AUPRC 0.3364
  Epoch 18, Loss 0.5887, Val AUROC 0.6916 AUPRC 0.3199 | Test AUROC 0.7124 AUPRC 0.3375
  Epoch 19, Loss 0.5875, Val AUROC 0.6944 AUPRC 0.3230 | Test AUROC 0.7136 AUPRC 0.3387
  Epoch 20, Loss 0.5854, Val AUROC 0.6964 AUPRC 0.3245 | Test AUROC 0.7153 AUPRC 0.3403
  Epoch 21, Loss 0.5834, Val AUROC 0.6987 AUPRC 0.3249 | Test AUROC 0.7177 AUPRC 0.3425
  Epoch 22, Loss 0.5819, Val AUROC 0.7015 AUPRC 0.3261 | Test AUROC 0.7194 AUPRC 0.3446
  Epoch 23, Loss 0.5794, Val AUROC 0.7041 AUPRC 0.3284 | Test AUROC 0.7202 AUPRC 0.3442
  Epoch 24, Loss 0.5779, Val AUROC 0.7063 AUPRC 0.3304 | Test AUROC 0.7211 AUPRC 0.3453
  Epoch 25, Loss 0.5766, Val AUROC 0.7090 AUPRC 0.3335 | Test AUROC 0.7214 AUPRC 0.3458
  Epoch 26, Loss 0.5754, Val AUROC 0.7111 AUPRC 0.3353 | Test AUROC 0.7218 AUPRC 0.3466
  Epoch 27, Loss 0.5740, Val AUROC 0.7132 AUPRC 0.3375 | Test AUROC 0.7218 AUPRC 0.3469
  Epoch 28, Loss 0.5727, Val AUROC 0.7151 AUPRC 0.3392 | Test AUROC 0.7215 AUPRC 0.3469
  Epoch 29, Loss 0.5717, Val AUROC 0.7168 AUPRC 0.3409 | Test AUROC 0.7217 AUPRC 0.3475
  Epoch 30, Loss 0.5708, Val AUROC 0.7187 AUPRC 0.3435 | Test AUROC 0.7213 AUPRC 0.3471
  Epoch 31, Loss 0.5702, Val AUROC 0.7196 AUPRC 0.3444 | Test AUROC 0.7217 AUPRC 0.3478
  Epoch 32, Loss 0.5693, Val AUROC 0.7212 AUPRC 0.3470 | Test AUROC 0.7210 AUPRC 0.3471
  Epoch 33, Loss 0.5680, Val AUROC 0.7223 AUPRC 0.3485 | Test AUROC 0.7208 AUPRC 0.3469
  Epoch 34, Loss 0.5667, Val AUROC 0.7233 AUPRC 0.3501 | Test AUROC 0.7205 AUPRC 0.3464
  Epoch 35, Loss 0.5659, Val AUROC 0.7247 AUPRC 0.3520 | Test AUROC 0.7196 AUPRC 0.3453
  Epoch 36, Loss 0.5652, Val AUROC 0.7261 AUPRC 0.3542 | Test AUROC 0.7196 AUPRC 0.3453
  Epoch 37, Loss 0.5641, Val AUROC 0.7272 AUPRC 0.3564 | Test AUROC 0.7193 AUPRC 0.3453
  Epoch 38, Loss 0.5631, Val AUROC 0.7287 AUPRC 0.3595 | Test AUROC 0.7193 AUPRC 0.3448
  Epoch 39, Loss 0.5626, Val AUROC 0.7299 AUPRC 0.3616 | Test AUROC 0.7200 AUPRC 0.3455
  Epoch 40, Loss 0.5620, Val AUROC 0.7314 AUPRC 0.3632 | Test AUROC 0.7201 AUPRC 0.3454
  Epoch 41, Loss 0.5610, Val AUROC 0.7329 AUPRC 0.3653 | Test AUROC 0.7209 AUPRC 0.3465
  Epoch 42, Loss 0.5602, Val AUROC 0.7341 AUPRC 0.3665 | Test AUROC 0.7216 AUPRC 0.3474
  Epoch 43, Loss 0.5598, Val AUROC 0.7356 AUPRC 0.3688 | Test AUROC 0.7214 AUPRC 0.3472
  Epoch 45, Loss 0.5591, Val AUROC 0.7371 AUPRC 0.3703 | Test AUROC 0.7224 AUPRC 0.3481
  Epoch 46, Loss 0.5585, Val AUROC 0.7377 AUPRC 0.3710 | Test AUROC 0.7228 AUPRC 0.3482
  Epoch 47, Loss 0.5579, Val AUROC 0.7384 AUPRC 0.3718 | Test AUROC 0.7229 AUPRC 0.3483
  Epoch 48, Loss 0.5575, Val AUROC 0.7398 AUPRC 0.3729 | Test AUROC 0.7224 AUPRC 0.3480
  Epoch 49, Loss 0.5572, Val AUROC 0.7406 AUPRC 0.3738 | Test AUROC 0.7230 AUPRC 0.3490
  Epoch 50, Loss 0.5570, Val AUROC 0.7418 AUPRC 0.3753 | Test AUROC 0.7221 AUPRC 0.3483
  Epoch 51, Loss 0.5566, Val AUROC 0.7417 AUPRC 0.3756 | Test AUROC 0.7232 AUPRC 0.3494
  Epoch 54, Loss 0.5550, Val AUROC 0.7420 AUPRC 0.3757 | Test AUROC 0.7237 AUPRC 0.3503
  Epoch 55, Loss 0.5545, Val AUROC 0.7433 AUPRC 0.3775 | Test AUROC 0.7234 AUPRC 0.3502
  Epoch 56, Loss 0.5542, Val AUROC 0.7434 AUPRC 0.3777 | Test AUROC 0.7244 AUPRC 0.3514
  Epoch 57, Loss 0.5540, Val AUROC 0.7442 AUPRC 0.3793 | Test AUROC 0.7237 AUPRC 0.3505
  Epoch 59, Loss 0.5538, Val AUROC 0.7442 AUPRC 0.3796 | Test AUROC 0.7247 AUPRC 0.3516
  Epoch 60, Loss 0.5535, Val AUROC 0.7439 AUPRC 0.3799 | Test AUROC 0.7262 AUPRC 0.3531
  Epoch 61, Loss 0.5527, Val AUROC 0.7449 AUPRC 0.3815 | Test AUROC 0.7258 AUPRC 0.3524
  Epoch 62, Loss 0.5521, Val AUROC 0.7459 AUPRC 0.3831 | Test AUROC 0.7257 AUPRC 0.3522
  Epoch 64, Loss 0.5519, Val AUROC 0.7461 AUPRC 0.3831 | Test AUROC 0.7263 AUPRC 0.3528
  Epoch 69, Loss 0.5504, Val AUROC 0.7463 AUPRC 0.3839 | Test AUROC 0.7295 AUPRC 0.3565
  Epoch 79, Loss 0.5480, Val AUROC 0.7473 AUPRC 0.3847 | Test AUROC 0.7320 AUPRC 0.3595
  Epoch 81, Loss 0.5478, Val AUROC 0.7474 AUPRC 0.3849 | Test AUROC 0.7322 AUPRC 0.3593
  Epoch 90, Loss 0.5466, Val AUROC 0.7480 AUPRC 0.3854 | Test AUROC 0.7324 AUPRC 0.3582
  Epoch 92, Loss 0.5464, Val AUROC 0.7487 AUPRC 0.3869 | Test AUROC 0.7323 AUPRC 0.3581
  Epoch 96, Loss 0.5457, Val AUROC 0.7490 AUPRC 0.3869 | Test AUROC 0.7319 AUPRC 0.3575
  Epoch 97, Loss 0.5455, Val AUROC 0.7500 AUPRC 0.3893 | Test AUROC 0.7312 AUPRC 0.3568
  Epoch 103, Loss 0.5461, Val AUROC 0.7497 AUPRC 0.3898 | Test AUROC 0.7305 AUPRC 0.3561
  Epoch 0, Loss 0.7146, Val AUROC 0.6060 AUPRC 0.2700 | Test AUROC 0.5793 AUPRC 0.2615
  Epoch 1, Loss 0.7652, Val AUROC 0.6826 AUPRC 0.3199 | Test AUROC 0.6848 AUPRC 0.3194
  Epoch 2, Loss 0.6593, Val AUROC 0.6904 AUPRC 0.3443 | Test AUROC 0.7040 AUPRC 0.3467
  Epoch 3, Loss 0.6733, Val AUROC 0.6926 AUPRC 0.3480 | Test AUROC 0.7097 AUPRC 0.3503
  Epoch 7, Loss 0.6269, Val AUROC 0.6967 AUPRC 0.3524 | Test AUROC 0.7184 AUPRC 0.3484
  Epoch 8, Loss 0.6038, Val AUROC 0.7030 AUPRC 0.3666 | Test AUROC 0.7184 AUPRC 0.3536
  Epoch 9, Loss 0.5921, Val AUROC 0.7085 AUPRC 0.3791 | Test AUROC 0.7170 AUPRC 0.3572
  Epoch 10, Loss 0.6008, Val AUROC 0.7095 AUPRC 0.3834 | Test AUROC 0.7188 AUPRC 0.3598
  Epoch 15, Loss 0.5745, Val AUROC 0.7136 AUPRC 0.3879 | Test AUROC 0.7221 AUPRC 0.3618
  Epoch 16, Loss 0.5740, Val AUROC 0.7173 AUPRC 0.3905 | Test AUROC 0.7204 AUPRC 0.3598
  Epoch 23, Loss 0.5601, Val AUROC 0.7368 AUPRC 0.3917 | Test AUROC 0.7160 AUPRC 0.3490
  Epoch 24, Loss 0.5584, Val AUROC 0.7377 AUPRC 0.3937 | Test AUROC 0.7170 AUPRC 0.3503
  Epoch 25, Loss 0.5537, Val AUROC 0.7385 AUPRC 0.3977 | Test AUROC 0.7178 AUPRC 0.3504
  Epoch 26, Loss 0.5528, Val AUROC 0.7395 AUPRC 0.4015 | Test AUROC 0.7181 AUPRC 0.3511
  Epoch 28, Loss 0.5489, Val AUROC 0.7456 AUPRC 0.4019 | Test AUROC 0.7203 AUPRC 0.3550
  Epoch 29, Loss 0.5468, Val AUROC 0.7486 AUPRC 0.4023 | Test AUROC 0.7206 AUPRC 0.3561
  Epoch 30, Loss 0.5465, Val AUROC 0.7505 AUPRC 0.4029 | Test AUROC 0.7210 AUPRC 0.3562
  Epoch 31, Loss 0.5435, Val AUROC 0.7513 AUPRC 0.4053 | Test AUROC 0.7214 AUPRC 0.3550
  Epoch 32, Loss 0.5406, Val AUROC 0.7521 AUPRC 0.4066 | Test AUROC 0.7219 AUPRC 0.3545
  Epoch 33, Loss 0.5407, Val AUROC 0.7545 AUPRC 0.4083 | Test AUROC 0.7227 AUPRC 0.3560
  Epoch 34, Loss 0.5376, Val AUROC 0.7581 AUPRC 0.4100 | Test AUROC 0.7236 AUPRC 0.3596
  Epoch 35, Loss 0.5349, Val AUROC 0.7612 AUPRC 0.4121 | Test AUROC 0.7241 AUPRC 0.3621
  Epoch 36, Loss 0.5341, Val AUROC 0.7631 AUPRC 0.4143 | Test AUROC 0.7240 AUPRC 0.3625
  Epoch 37, Loss 0.5314, Val AUROC 0.7650 AUPRC 0.4170 | Test AUROC 0.7242 AUPRC 0.3619
  Epoch 38, Loss 0.5294, Val AUROC 0.7667 AUPRC 0.4197 | Test AUROC 0.7259 AUPRC 0.3647
  Epoch 39, Loss 0.5273, Val AUROC 0.7689 AUPRC 0.4234 | Test AUROC 0.7281 AUPRC 0.3704
  Epoch 40, Loss 0.5245, Val AUROC 0.7702 AUPRC 0.4243 | Test AUROC 0.7297 AUPRC 0.3752
  Epoch 41, Loss 0.5233, Val AUROC 0.7713 AUPRC 0.4277 | Test AUROC 0.7311 AUPRC 0.3776
  Epoch 42, Loss 0.5205, Val AUROC 0.7729 AUPRC 0.4289 | Test AUROC 0.7315 AUPRC 0.3786
  Epoch 43, Loss 0.5189, Val AUROC 0.7750 AUPRC 0.4295 | Test AUROC 0.7314 AUPRC 0.3807
  Epoch 45, Loss 0.5144, Val AUROC 0.7782 AUPRC 0.4298 | Test AUROC 0.7308 AUPRC 0.3841
  Epoch 46, Loss 0.5115, Val AUROC 0.7792 AUPRC 0.4308 | Test AUROC 0.7312 AUPRC 0.3852
  Epoch 48, Loss 0.5074, Val AUROC 0.7794 AUPRC 0.4315 | Test AUROC 0.7324 AUPRC 0.3884
  Epoch 49, Loss 0.5057, Val AUROC 0.7812 AUPRC 0.4354 | Test AUROC 0.7304 AUPRC 0.3863
  Epoch 50, Loss 0.5030, Val AUROC 0.7828 AUPRC 0.4382 | Test AUROC 0.7280 AUPRC 0.3853
  Epoch 52, Loss 0.4987, Val AUROC 0.7848 AUPRC 0.4403 | Test AUROC 0.7265 AUPRC 0.3843
  Epoch 58, Loss 0.4836, Val AUROC 0.7871 AUPRC 0.4424 | Test AUROC 0.7212 AUPRC 0.3798
  Epoch 63, Loss 0.4737, Val AUROC 0.7883 AUPRC 0.4430 | Test AUROC 0.7243 AUPRC 0.3834
  Epoch 84, Loss 0.4231, Val AUROC 0.7840 AUPRC 0.4434 | Test AUROC 0.7016 AUPRC 0.3610
tensor([[0.9136, 0.0741, 0.0123,  ..., 0.3682, 0.9974, 0.9361],
        [0.9773, 0.0057, 0.0170,  ..., 0.3403, 0.9955, 0.9266],
        [0.9643, 0.0038, 0.0226,  ..., 0.3898, 0.9952, 0.9300],
        ...,
        [0.6513, 0.2975, 0.0133,  ..., 0.8131, 0.9982, 0.8516],
        [0.4050, 0.0000, 0.0250,  ..., 0.8190, 0.9993, 0.8563],
        [0.8665, 0.0085, 0.0540,  ..., 0.8082, 0.9978, 0.8479]],
       device='cuda:0')
tensor([[0.8070, 0.0322, 0.0221,  ..., 1.0000, 1.0000, 1.0000],
        [0.0000, 0.0000, 0.0000,  ..., 0.0000, 1.0000, 1.0000],
        [0.0000, 0.0000, 0.2000,  ..., 0.0000, 1.0000, 1.0000],
        ...,
        [0.0784, 0.0000, 0.0000,  ..., 0.8407, 0.9986, 0.8435],
        [0.9828, 0.0000, 0.0172,  ..., 0.7935, 0.9991, 0.8339],
        [0.4715, 0.0000, 0.0366,  ..., 0.8006, 0.9991, 0.8334]],
       device='cuda:0')
/home/eirik/miniconda3/envs/GADBench/lib/python3.10/site-packages/xgboost/training.py:200: UserWarning: [17:19:24] WARNING: /__w/xgboost/xgboost/src/learner.cc:782: 
Parameters: { "drop_rate", "h_feats", "lr", "num_layers", "verbose" } are not used.

  bst.update(dtrain, iteration=i, fobj=obj)
/home/eirik/miniconda3/envs/GADBench/lib/python3.10/site-packages/xgboost/training.py:200: UserWarning: [17:19:24] WARNING: /__w/xgboost/xgboost/src/learner.cc:782: 
Parameters: { "verbose" } are not used.

  bst.update(dtrain, iteration=i, fobj=obj)

[tolokers | ff_b0.7_M1 | split 1 | seed 3417]
  forest_fire: 11/15 subgraphs (n: min=500 med=500 max=500 | m: min=744 med=3873 max=15909)
  Combined: N=5500 M=130490 train=3673 val=1827 unique_origs=5500
  Epoch 0, Loss 0.6882, Val AUROC 0.6683 AUPRC 0.3826 | Test AUROC 0.6851 AUPRC 0.3665
  Epoch 1, Loss 0.6808, Val AUROC 0.6699 AUPRC 0.3912 | Test AUROC 0.6874 AUPRC 0.3725
  Epoch 2, Loss 0.6733, Val AUROC 0.6710 AUPRC 0.3920 | Test AUROC 0.6885 AUPRC 0.3736
  Epoch 3, Loss 0.6649, Val AUROC 0.6723 AUPRC 0.3931 | Test AUROC 0.6907 AUPRC 0.3743
  Epoch 4, Loss 0.6560, Val AUROC 0.6738 AUPRC 0.3945 | Test AUROC 0.6929 AUPRC 0.3750
  Epoch 24, Loss 0.6042, Val AUROC 0.7012 AUPRC 0.3954 | Test AUROC 0.7093 AUPRC 0.3833
  Epoch 25, Loss 0.6025, Val AUROC 0.7023 AUPRC 0.3968 | Test AUROC 0.7110 AUPRC 0.3846
  Epoch 26, Loss 0.6013, Val AUROC 0.7031 AUPRC 0.3980 | Test AUROC 0.7119 AUPRC 0.3852
  Epoch 27, Loss 0.6006, Val AUROC 0.7036 AUPRC 0.3981 | Test AUROC 0.7104 AUPRC 0.3836
  Epoch 28, Loss 0.5991, Val AUROC 0.7041 AUPRC 0.3992 | Test AUROC 0.7083 AUPRC 0.3814
  Epoch 29, Loss 0.5977, Val AUROC 0.7043 AUPRC 0.3996 | Test AUROC 0.7053 AUPRC 0.3794
  Epoch 30, Loss 0.5971, Val AUROC 0.7047 AUPRC 0.3999 | Test AUROC 0.7047 AUPRC 0.3786
  Epoch 31, Loss 0.5960, Val AUROC 0.7058 AUPRC 0.4020 | Test AUROC 0.7075 AUPRC 0.3804
  Epoch 33, Loss 0.5942, Val AUROC 0.7064 AUPRC 0.4043 | Test AUROC 0.7080 AUPRC 0.3817
  Epoch 34, Loss 0.5933, Val AUROC 0.7074 AUPRC 0.4057 | Test AUROC 0.7065 AUPRC 0.3815
  Epoch 35, Loss 0.5923, Val AUROC 0.7081 AUPRC 0.4074 | Test AUROC 0.7041 AUPRC 0.3813
  Epoch 36, Loss 0.5917, Val AUROC 0.7092 AUPRC 0.4098 | Test AUROC 0.7056 AUPRC 0.3832
  Epoch 37, Loss 0.5907, Val AUROC 0.7099 AUPRC 0.4109 | Test AUROC 0.7075 AUPRC 0.3853
  Epoch 38, Loss 0.5898, Val AUROC 0.7108 AUPRC 0.4133 | Test AUROC 0.7087 AUPRC 0.3863
  Epoch 39, Loss 0.5892, Val AUROC 0.7118 AUPRC 0.4152 | Test AUROC 0.7072 AUPRC 0.3856
  Epoch 40, Loss 0.5883, Val AUROC 0.7125 AUPRC 0.4173 | Test AUROC 0.7048 AUPRC 0.3849
  Epoch 41, Loss 0.5876, Val AUROC 0.7129 AUPRC 0.4188 | Test AUROC 0.7039 AUPRC 0.3851
  Epoch 42, Loss 0.5869, Val AUROC 0.7128 AUPRC 0.4199 | Test AUROC 0.7045 AUPRC 0.3860
  Epoch 43, Loss 0.5862, Val AUROC 0.7128 AUPRC 0.4199 | Test AUROC 0.7040 AUPRC 0.3862
  Epoch 44, Loss 0.5856, Val AUROC 0.7136 AUPRC 0.4220 | Test AUROC 0.7028 AUPRC 0.3861
  Epoch 46, Loss 0.5842, Val AUROC 0.7154 AUPRC 0.4234 | Test AUROC 0.7020 AUPRC 0.3861
  Epoch 48, Loss 0.5853, Val AUROC 0.7168 AUPRC 0.4266 | Test AUROC 0.7067 AUPRC 0.3887
  Epoch 0, Loss 0.7252, Val AUROC 0.5047 AUPRC 0.2530 | Test AUROC 0.4989 AUPRC 0.2141
  Epoch 1, Loss 0.6954, Val AUROC 0.6462 AUPRC 0.3605 | Test AUROC 0.6792 AUPRC 0.3211
  Epoch 2, Loss 0.6729, Val AUROC 0.6718 AUPRC 0.3684 | Test AUROC 0.7055 AUPRC 0.3403
  Epoch 20, Loss 0.5948, Val AUROC 0.7038 AUPRC 0.3687 | Test AUROC 0.7341 AUPRC 0.3592
  Epoch 21, Loss 0.5941, Val AUROC 0.7049 AUPRC 0.3695 | Test AUROC 0.7350 AUPRC 0.3603
  Epoch 22, Loss 0.5932, Val AUROC 0.7065 AUPRC 0.3726 | Test AUROC 0.7355 AUPRC 0.3614
  Epoch 23, Loss 0.5920, Val AUROC 0.7079 AUPRC 0.3743 | Test AUROC 0.7359 AUPRC 0.3617
  Epoch 24, Loss 0.5910, Val AUROC 0.7088 AUPRC 0.3770 | Test AUROC 0.7358 AUPRC 0.3619
  Epoch 25, Loss 0.5903, Val AUROC 0.7097 AUPRC 0.3776 | Test AUROC 0.7354 AUPRC 0.3604
  Epoch 26, Loss 0.5898, Val AUROC 0.7102 AUPRC 0.3790 | Test AUROC 0.7353 AUPRC 0.3604
  Epoch 27, Loss 0.5887, Val AUROC 0.7108 AUPRC 0.3806 | Test AUROC 0.7352 AUPRC 0.3597
  Epoch 28, Loss 0.5870, Val AUROC 0.7112 AUPRC 0.3811 | Test AUROC 0.7352 AUPRC 0.3590
  Epoch 29, Loss 0.5861, Val AUROC 0.7116 AUPRC 0.3824 | Test AUROC 0.7356 AUPRC 0.3591
  Epoch 30, Loss 0.5851, Val AUROC 0.7122 AUPRC 0.3834 | Test AUROC 0.7359 AUPRC 0.3584
  Epoch 31, Loss 0.5838, Val AUROC 0.7129 AUPRC 0.3840 | Test AUROC 0.7362 AUPRC 0.3575
  Epoch 32, Loss 0.5832, Val AUROC 0.7138 AUPRC 0.3858 | Test AUROC 0.7370 AUPRC 0.3581
  Epoch 33, Loss 0.5822, Val AUROC 0.7145 AUPRC 0.3864 | Test AUROC 0.7374 AUPRC 0.3587
  Epoch 34, Loss 0.5814, Val AUROC 0.7151 AUPRC 0.3872 | Test AUROC 0.7377 AUPRC 0.3588
  Epoch 35, Loss 0.5810, Val AUROC 0.7158 AUPRC 0.3898 | Test AUROC 0.7388 AUPRC 0.3596
  Epoch 36, Loss 0.5801, Val AUROC 0.7164 AUPRC 0.3910 | Test AUROC 0.7397 AUPRC 0.3597
  Epoch 37, Loss 0.5793, Val AUROC 0.7170 AUPRC 0.3930 | Test AUROC 0.7403 AUPRC 0.3597
  Epoch 38, Loss 0.5787, Val AUROC 0.7177 AUPRC 0.3954 | Test AUROC 0.7416 AUPRC 0.3608
  Epoch 39, Loss 0.5780, Val AUROC 0.7183 AUPRC 0.3976 | Test AUROC 0.7426 AUPRC 0.3620
  Epoch 40, Loss 0.5774, Val AUROC 0.7191 AUPRC 0.3993 | Test AUROC 0.7433 AUPRC 0.3628
  Epoch 41, Loss 0.5769, Val AUROC 0.7197 AUPRC 0.4011 | Test AUROC 0.7440 AUPRC 0.3648
  Epoch 42, Loss 0.5762, Val AUROC 0.7205 AUPRC 0.4023 | Test AUROC 0.7445 AUPRC 0.3665
  Epoch 43, Loss 0.5759, Val AUROC 0.7211 AUPRC 0.4034 | Test AUROC 0.7449 AUPRC 0.3675
  Epoch 44, Loss 0.5755, Val AUROC 0.7211 AUPRC 0.4037 | Test AUROC 0.7454 AUPRC 0.3691
  Epoch 45, Loss 0.5750, Val AUROC 0.7212 AUPRC 0.4039 | Test AUROC 0.7459 AUPRC 0.3704
  Epoch 46, Loss 0.5748, Val AUROC 0.7214 AUPRC 0.4043 | Test AUROC 0.7463 AUPRC 0.3712
  Epoch 47, Loss 0.5745, Val AUROC 0.7213 AUPRC 0.4051 | Test AUROC 0.7466 AUPRC 0.3727
  Epoch 0, Loss 0.7117, Val AUROC 0.5755 AUPRC 0.3170 | Test AUROC 0.5778 AUPRC 0.2631
  Epoch 1, Loss 0.7669, Val AUROC 0.6613 AUPRC 0.3578 | Test AUROC 0.6922 AUPRC 0.3309
  Epoch 2, Loss 0.6670, Val AUROC 0.6826 AUPRC 0.3591 | Test AUROC 0.7217 AUPRC 0.3733
  Epoch 3, Loss 0.6763, Val AUROC 0.6853 AUPRC 0.3601 | Test AUROC 0.7286 AUPRC 0.3818
  Epoch 6, Loss 0.6300, Val AUROC 0.6878 AUPRC 0.3604 | Test AUROC 0.7214 AUPRC 0.3554
  Epoch 7, Loss 0.6434, Val AUROC 0.6910 AUPRC 0.3672 | Test AUROC 0.7279 AUPRC 0.3632
  Epoch 8, Loss 0.6286, Val AUROC 0.6944 AUPRC 0.3800 | Test AUROC 0.7351 AUPRC 0.3749
  Epoch 9, Loss 0.6107, Val AUROC 0.6958 AUPRC 0.3877 | Test AUROC 0.7363 AUPRC 0.3832
  Epoch 10, Loss 0.6128, Val AUROC 0.6961 AUPRC 0.3900 | Test AUROC 0.7349 AUPRC 0.3853
  Epoch 16, Loss 0.5936, Val AUROC 0.7040 AUPRC 0.3956 | Test AUROC 0.7382 AUPRC 0.3807
  Epoch 17, Loss 0.5891, Val AUROC 0.7055 AUPRC 0.3992 | Test AUROC 0.7388 AUPRC 0.3857
  Epoch 18, Loss 0.5918, Val AUROC 0.7072 AUPRC 0.4021 | Test AUROC 0.7396 AUPRC 0.3864
  Epoch 19, Loss 0.5901, Val AUROC 0.7091 AUPRC 0.4042 | Test AUROC 0.7398 AUPRC 0.3826
  Epoch 22, Loss 0.5819, Val AUROC 0.7132 AUPRC 0.4050 | Test AUROC 0.7362 AUPRC 0.3713
  Epoch 23, Loss 0.5799, Val AUROC 0.7156 AUPRC 0.4081 | Test AUROC 0.7391 AUPRC 0.3748
  Epoch 24, Loss 0.5751, Val AUROC 0.7178 AUPRC 0.4130 | Test AUROC 0.7407 AUPRC 0.3813
  Epoch 25, Loss 0.5730, Val AUROC 0.7202 AUPRC 0.4150 | Test AUROC 0.7408 AUPRC 0.3851
  Epoch 26, Loss 0.5727, Val AUROC 0.7217 AUPRC 0.4170 | Test AUROC 0.7414 AUPRC 0.3864
  Epoch 27, Loss 0.5698, Val AUROC 0.7228 AUPRC 0.4170 | Test AUROC 0.7421 AUPRC 0.3846
  Epoch 28, Loss 0.5661, Val AUROC 0.7240 AUPRC 0.4171 | Test AUROC 0.7423 AUPRC 0.3818
  Epoch 29, Loss 0.5656, Val AUROC 0.7256 AUPRC 0.4189 | Test AUROC 0.7433 AUPRC 0.3836
  Epoch 30, Loss 0.5645, Val AUROC 0.7287 AUPRC 0.4231 | Test AUROC 0.7450 AUPRC 0.3885
  Epoch 31, Loss 0.5606, Val AUROC 0.7321 AUPRC 0.4266 | Test AUROC 0.7458 AUPRC 0.3962
  Epoch 32, Loss 0.5592, Val AUROC 0.7350 AUPRC 0.4297 | Test AUROC 0.7464 AUPRC 0.3998
  Epoch 33, Loss 0.5579, Val AUROC 0.7370 AUPRC 0.4322 | Test AUROC 0.7477 AUPRC 0.4020
  Epoch 34, Loss 0.5544, Val AUROC 0.7381 AUPRC 0.4340 | Test AUROC 0.7497 AUPRC 0.4012
  Epoch 35, Loss 0.5530, Val AUROC 0.7400 AUPRC 0.4380 | Test AUROC 0.7507 AUPRC 0.4019
  Epoch 36, Loss 0.5515, Val AUROC 0.7423 AUPRC 0.4425 | Test AUROC 0.7506 AUPRC 0.4046
  Epoch 37, Loss 0.5481, Val AUROC 0.7440 AUPRC 0.4458 | Test AUROC 0.7500 AUPRC 0.4055
  Epoch 38, Loss 0.5469, Val AUROC 0.7448 AUPRC 0.4488 | Test AUROC 0.7505 AUPRC 0.4052
  Epoch 39, Loss 0.5443, Val AUROC 0.7453 AUPRC 0.4509 | Test AUROC 0.7512 AUPRC 0.4021
  Epoch 40, Loss 0.5417, Val AUROC 0.7462 AUPRC 0.4533 | Test AUROC 0.7510 AUPRC 0.4013
  Epoch 41, Loss 0.5402, Val AUROC 0.7469 AUPRC 0.4552 | Test AUROC 0.7494 AUPRC 0.4023
  Epoch 42, Loss 0.5370, Val AUROC 0.7476 AUPRC 0.4584 | Test AUROC 0.7487 AUPRC 0.4027
  Epoch 43, Loss 0.5357, Val AUROC 0.7484 AUPRC 0.4594 | Test AUROC 0.7512 AUPRC 0.4042
  Epoch 44, Loss 0.5328, Val AUROC 0.7493 AUPRC 0.4602 | Test AUROC 0.7532 AUPRC 0.4037
  Epoch 45, Loss 0.5317, Val AUROC 0.7501 AUPRC 0.4628 | Test AUROC 0.7525 AUPRC 0.4027
  Epoch 46, Loss 0.5291, Val AUROC 0.7500 AUPRC 0.4639 | Test AUROC 0.7500 AUPRC 0.4010
  Epoch 47, Loss 0.5279, Val AUROC 0.7505 AUPRC 0.4648 | Test AUROC 0.7499 AUPRC 0.3979
  Epoch 48, Loss 0.5255, Val AUROC 0.7519 AUPRC 0.4658 | Test AUROC 0.7503 AUPRC 0.3954
  Epoch 49, Loss 0.5242, Val AUROC 0.7535 AUPRC 0.4686 | Test AUROC 0.7495 AUPRC 0.3955
  Epoch 50, Loss 0.5225, Val AUROC 0.7543 AUPRC 0.4689 | Test AUROC 0.7501 AUPRC 0.3953
  Epoch 51, Loss 0.5205, Val AUROC 0.7547 AUPRC 0.4699 | Test AUROC 0.7503 AUPRC 0.3949
  Epoch 52, Loss 0.5195, Val AUROC 0.7541 AUPRC 0.4701 | Test AUROC 0.7484 AUPRC 0.3954
  Epoch 53, Loss 0.5181, Val AUROC 0.7555 AUPRC 0.4708 | Test AUROC 0.7503 AUPRC 0.3962
  Epoch 54, Loss 0.5157, Val AUROC 0.7571 AUPRC 0.4730 | Test AUROC 0.7512 AUPRC 0.3948
  Epoch 55, Loss 0.5144, Val AUROC 0.7569 AUPRC 0.4734 | Test AUROC 0.7493 AUPRC 0.3934
  Epoch 56, Loss 0.5135, Val AUROC 0.7573 AUPRC 0.4743 | Test AUROC 0.7501 AUPRC 0.3918
  Epoch 58, Loss 0.5115, Val AUROC 0.7587 AUPRC 0.4749 | Test AUROC 0.7512 AUPRC 0.3926
  Epoch 59, Loss 0.5095, Val AUROC 0.7588 AUPRC 0.4761 | Test AUROC 0.7498 AUPRC 0.3935
  Epoch 60, Loss 0.5072, Val AUROC 0.7590 AUPRC 0.4767 | Test AUROC 0.7495 AUPRC 0.3932
  Epoch 61, Loss 0.5053, Val AUROC 0.7599 AUPRC 0.4781 | Test AUROC 0.7494 AUPRC 0.3929
  Epoch 62, Loss 0.5042, Val AUROC 0.7591 AUPRC 0.4786 | Test AUROC 0.7481 AUPRC 0.3934
  Epoch 65, Loss 0.5055, Val AUROC 0.7616 AUPRC 0.4786 | Test AUROC 0.7489 AUPRC 0.3920
  Epoch 66, Loss 0.5022, Val AUROC 0.7609 AUPRC 0.4791 | Test AUROC 0.7464 AUPRC 0.3916
  Epoch 67, Loss 0.4976, Val AUROC 0.7615 AUPRC 0.4796 | Test AUROC 0.7450 AUPRC 0.3890
  Epoch 70, Loss 0.4980, Val AUROC 0.7630 AUPRC 0.4797 | Test AUROC 0.7456 AUPRC 0.3875
  Epoch 72, Loss 0.4905, Val AUROC 0.7625 AUPRC 0.4800 | Test AUROC 0.7427 AUPRC 0.3852
  Epoch 73, Loss 0.4907, Val AUROC 0.7639 AUPRC 0.4804 | Test AUROC 0.7412 AUPRC 0.3822
tensor([[0.9136, 0.0741, 0.0123,  ..., 0.3516, 0.9991, 0.9337],
        [0.9980, 0.0000, 0.0020,  ..., 0.3492, 0.9988, 0.9306],
        [0.9773, 0.0057, 0.0170,  ..., 0.3449, 0.9984, 0.9267],
        ...,
        [0.0000, 0.0000, 1.0000,  ..., 0.6556, 1.0000, 1.0000],
        [0.0000, 0.5000, 0.5000,  ..., 0.5000, 1.0000, 1.0000],
        [0.9500, 0.0500, 0.0000,  ..., 0.8564, 1.0000, 0.9744]],
       device='cuda:0')
tensor([[0.8070, 0.0322, 0.0221,  ..., 1.0000, 1.0000, 1.0000],
        [0.0000, 0.0000, 0.0000,  ..., 0.0000, 1.0000, 1.0000],
        [0.0000, 0.0000, 0.2000,  ..., 0.0000, 1.0000, 1.0000],
        ...,
        [0.0784, 0.0000, 0.0000,  ..., 0.8407, 0.9986, 0.8435],
        [0.9828, 0.0000, 0.0172,  ..., 0.7935, 0.9991, 0.8339],
        [0.4715, 0.0000, 0.0366,  ..., 0.8006, 0.9991, 0.8334]],
       device='cuda:0')
/home/eirik/miniconda3/envs/GADBench/lib/python3.10/site-packages/xgboost/training.py:200: UserWarning: [17:19:38] WARNING: /__w/xgboost/xgboost/src/learner.cc:782: 
Parameters: { "drop_rate", "h_feats", "lr", "num_layers", "verbose" } are not used.

  bst.update(dtrain, iteration=i, fobj=obj)
/home/eirik/miniconda3/envs/GADBench/lib/python3.10/site-packages/xgboost/training.py:200: UserWarning: [17:19:39] WARNING: /__w/xgboost/xgboost/src/learner.cc:782: 
Parameters: { "verbose" } are not used.

  bst.update(dtrain, iteration=i, fobj=obj)

[tolokers | ff_b0.7_M2 | split 1 | seed 3417]
  forest_fire: 15/15 subgraphs (n: min=500 med=500 max=500 | m: min=1552 med=7196 max=25445)
  Combined: N=7500 M=269692 train=3051 val=1545 unique_origs=4596
  Epoch 0, Loss 0.6878, Val AUROC 0.7102 AUPRC 0.4245 | Test AUROC 0.6801 AUPRC 0.3599
  Epoch 36, Loss 0.5806, Val AUROC 0.7464 AUPRC 0.4274 | Test AUROC 0.6965 AUPRC 0.3580
  Epoch 37, Loss 0.5799, Val AUROC 0.7482 AUPRC 0.4331 | Test AUROC 0.6978 AUPRC 0.3589
  Epoch 38, Loss 0.5793, Val AUROC 0.7499 AUPRC 0.4365 | Test AUROC 0.6978 AUPRC 0.3579
  Epoch 39, Loss 0.5788, Val AUROC 0.7514 AUPRC 0.4391 | Test AUROC 0.6995 AUPRC 0.3600
  Epoch 40, Loss 0.5783, Val AUROC 0.7529 AUPRC 0.4408 | Test AUROC 0.6982 AUPRC 0.3570
  Epoch 41, Loss 0.5780, Val AUROC 0.7534 AUPRC 0.4421 | Test AUROC 0.7003 AUPRC 0.3601
  Epoch 42, Loss 0.5778, Val AUROC 0.7547 AUPRC 0.4443 | Test AUROC 0.6974 AUPRC 0.3556
  Epoch 47, Loss 0.5760, Val AUROC 0.7560 AUPRC 0.4450 | Test AUROC 0.6987 AUPRC 0.3559
  Epoch 49, Loss 0.5752, Val AUROC 0.7565 AUPRC 0.4458 | Test AUROC 0.7014 AUPRC 0.3598
  Epoch 50, Loss 0.5747, Val AUROC 0.7574 AUPRC 0.4470 | Test AUROC 0.7014 AUPRC 0.3595
  Epoch 52, Loss 0.5743, Val AUROC 0.7587 AUPRC 0.4487 | Test AUROC 0.7018 AUPRC 0.3600
  Epoch 54, Loss 0.5735, Val AUROC 0.7591 AUPRC 0.4488 | Test AUROC 0.7030 AUPRC 0.3614
  Epoch 55, Loss 0.5731, Val AUROC 0.7594 AUPRC 0.4496 | Test AUROC 0.7029 AUPRC 0.3614
  Epoch 57, Loss 0.5729, Val AUROC 0.7604 AUPRC 0.4516 | Test AUROC 0.7028 AUPRC 0.3618
  Epoch 59, Loss 0.5726, Val AUROC 0.7602 AUPRC 0.4521 | Test AUROC 0.7038 AUPRC 0.3635
  Epoch 61, Loss 0.5718, Val AUROC 0.7601 AUPRC 0.4537 | Test AUROC 0.7048 AUPRC 0.3655
  Epoch 62, Loss 0.5716, Val AUROC 0.7604 AUPRC 0.4543 | Test AUROC 0.7049 AUPRC 0.3655
  Epoch 64, Loss 0.5714, Val AUROC 0.7605 AUPRC 0.4550 | Test AUROC 0.7052 AUPRC 0.3659
  Epoch 66, Loss 0.5715, Val AUROC 0.7609 AUPRC 0.4565 | Test AUROC 0.7053 AUPRC 0.3657
  Epoch 68, Loss 0.5712, Val AUROC 0.7614 AUPRC 0.4580 | Test AUROC 0.7068 AUPRC 0.3685
  Epoch 69, Loss 0.5705, Val AUROC 0.7615 AUPRC 0.4583 | Test AUROC 0.7077 AUPRC 0.3699
  Epoch 70, Loss 0.5702, Val AUROC 0.7615 AUPRC 0.4590 | Test AUROC 0.7090 AUPRC 0.3725
  Epoch 71, Loss 0.5704, Val AUROC 0.7625 AUPRC 0.4617 | Test AUROC 0.7082 AUPRC 0.3693
  Epoch 73, Loss 0.5703, Val AUROC 0.7628 AUPRC 0.4627 | Test AUROC 0.7093 AUPRC 0.3714
  Epoch 76, Loss 0.5695, Val AUROC 0.7623 AUPRC 0.4633 | Test AUROC 0.7102 AUPRC 0.3734
  Epoch 78, Loss 0.5692, Val AUROC 0.7621 AUPRC 0.4635 | Test AUROC 0.7112 AUPRC 0.3758
  Epoch 79, Loss 0.5689, Val AUROC 0.7627 AUPRC 0.4649 | Test AUROC 0.7111 AUPRC 0.3749
  Epoch 80, Loss 0.5689, Val AUROC 0.7629 AUPRC 0.4658 | Test AUROC 0.7121 AUPRC 0.3775
  Epoch 81, Loss 0.5689, Val AUROC 0.7634 AUPRC 0.4664 | Test AUROC 0.7114 AUPRC 0.3745
  Epoch 82, Loss 0.5687, Val AUROC 0.7633 AUPRC 0.4666 | Test AUROC 0.7119 AUPRC 0.3761
  Epoch 83, Loss 0.5683, Val AUROC 0.7633 AUPRC 0.4669 | Test AUROC 0.7118 AUPRC 0.3760
  Epoch 84, Loss 0.5682, Val AUROC 0.7634 AUPRC 0.4673 | Test AUROC 0.7112 AUPRC 0.3736
  Epoch 86, Loss 0.5682, Val AUROC 0.7634 AUPRC 0.4677 | Test AUROC 0.7122 AUPRC 0.3757
  Epoch 88, Loss 0.5676, Val AUROC 0.7634 AUPRC 0.4679 | Test AUROC 0.7134 AUPRC 0.3784
  Epoch 89, Loss 0.5674, Val AUROC 0.7635 AUPRC 0.4681 | Test AUROC 0.7131 AUPRC 0.3773
  Epoch 91, Loss 0.5673, Val AUROC 0.7634 AUPRC 0.4685 | Test AUROC 0.7126 AUPRC 0.3758
  Epoch 94, Loss 0.5667, Val AUROC 0.7630 AUPRC 0.4685 | Test AUROC 0.7141 AUPRC 0.3802
  Epoch 95, Loss 0.5664, Val AUROC 0.7633 AUPRC 0.4691 | Test AUROC 0.7140 AUPRC 0.3803
  Epoch 96, Loss 0.5663, Val AUROC 0.7636 AUPRC 0.4707 | Test AUROC 0.7134 AUPRC 0.3778
  Epoch 98, Loss 0.5665, Val AUROC 0.7642 AUPRC 0.4712 | Test AUROC 0.7132 AUPRC 0.3770
  Epoch 100, Loss 0.5664, Val AUROC 0.7643 AUPRC 0.4721 | Test AUROC 0.7141 AUPRC 0.3787
  Epoch 101, Loss 0.5658, Val AUROC 0.7643 AUPRC 0.4725 | Test AUROC 0.7147 AUPRC 0.3797
  Epoch 106, Loss 0.5650, Val AUROC 0.7649 AUPRC 0.4729 | Test AUROC 0.7154 AUPRC 0.3806
  Epoch 110, Loss 0.5647, Val AUROC 0.7653 AUPRC 0.4733 | Test AUROC 0.7153 AUPRC 0.3806
  Epoch 115, Loss 0.5637, Val AUROC 0.7653 AUPRC 0.4734 | Test AUROC 0.7157 AUPRC 0.3814
  Epoch 117, Loss 0.5638, Val AUROC 0.7654 AUPRC 0.4746 | Test AUROC 0.7164 AUPRC 0.3828
  Epoch 120, Loss 0.5630, Val AUROC 0.7660 AUPRC 0.4758 | Test AUROC 0.7159 AUPRC 0.3817
  Epoch 132, Loss 0.5615, Val AUROC 0.7670 AUPRC 0.4762 | Test AUROC 0.7166 AUPRC 0.3825
  Epoch 134, Loss 0.5612, Val AUROC 0.7673 AUPRC 0.4762 | Test AUROC 0.7166 AUPRC 0.3826
  Epoch 139, Loss 0.5608, Val AUROC 0.7689 AUPRC 0.4762 | Test AUROC 0.7163 AUPRC 0.3801
  Epoch 140, Loss 0.5609, Val AUROC 0.7671 AUPRC 0.4768 | Test AUROC 0.7178 AUPRC 0.3845
  Epoch 0, Loss 0.7276, Val AUROC 0.4961 AUPRC 0.2281 | Test AUROC 0.4849 AUPRC 0.2078
  Epoch 1, Loss 0.6964, Val AUROC 0.6673 AUPRC 0.3468 | Test AUROC 0.6639 AUPRC 0.3060
  Epoch 2, Loss 0.6722, Val AUROC 0.6891 AUPRC 0.3542 | Test AUROC 0.6934 AUPRC 0.3272
  Epoch 19, Loss 0.5807, Val AUROC 0.7248 AUPRC 0.3558 | Test AUROC 0.7271 AUPRC 0.3563
  Epoch 20, Loss 0.5785, Val AUROC 0.7270 AUPRC 0.3588 | Test AUROC 0.7279 AUPRC 0.3561
  Epoch 21, Loss 0.5766, Val AUROC 0.7296 AUPRC 0.3608 | Test AUROC 0.7282 AUPRC 0.3559
  Epoch 22, Loss 0.5744, Val AUROC 0.7326 AUPRC 0.3636 | Test AUROC 0.7283 AUPRC 0.3554
  Epoch 23, Loss 0.5719, Val AUROC 0.7363 AUPRC 0.3689 | Test AUROC 0.7281 AUPRC 0.3554
  Epoch 24, Loss 0.5699, Val AUROC 0.7396 AUPRC 0.3738 | Test AUROC 0.7271 AUPRC 0.3547
  Epoch 25, Loss 0.5689, Val AUROC 0.7429 AUPRC 0.3778 | Test AUROC 0.7269 AUPRC 0.3551
  Epoch 26, Loss 0.5685, Val AUROC 0.7448 AUPRC 0.3806 | Test AUROC 0.7261 AUPRC 0.3532
  Epoch 27, Loss 0.5664, Val AUROC 0.7463 AUPRC 0.3834 | Test AUROC 0.7264 AUPRC 0.3536
  Epoch 28, Loss 0.5638, Val AUROC 0.7475 AUPRC 0.3860 | Test AUROC 0.7270 AUPRC 0.3556
  Epoch 29, Loss 0.5640, Val AUROC 0.7483 AUPRC 0.3878 | Test AUROC 0.7265 AUPRC 0.3538
  Epoch 30, Loss 0.5616, Val AUROC 0.7495 AUPRC 0.3903 | Test AUROC 0.7262 AUPRC 0.3539
  Epoch 31, Loss 0.5608, Val AUROC 0.7510 AUPRC 0.3933 | Test AUROC 0.7263 AUPRC 0.3541
  Epoch 32, Loss 0.5600, Val AUROC 0.7528 AUPRC 0.3961 | Test AUROC 0.7259 AUPRC 0.3545
  Epoch 33, Loss 0.5582, Val AUROC 0.7544 AUPRC 0.3977 | Test AUROC 0.7252 AUPRC 0.3542
  Epoch 34, Loss 0.5582, Val AUROC 0.7562 AUPRC 0.4005 | Test AUROC 0.7251 AUPRC 0.3543
  Epoch 35, Loss 0.5565, Val AUROC 0.7577 AUPRC 0.4042 | Test AUROC 0.7252 AUPRC 0.3546
  Epoch 36, Loss 0.5565, Val AUROC 0.7586 AUPRC 0.4059 | Test AUROC 0.7247 AUPRC 0.3537
  Epoch 37, Loss 0.5552, Val AUROC 0.7594 AUPRC 0.4078 | Test AUROC 0.7247 AUPRC 0.3539
  Epoch 38, Loss 0.5546, Val AUROC 0.7599 AUPRC 0.4101 | Test AUROC 0.7253 AUPRC 0.3544
  Epoch 39, Loss 0.5541, Val AUROC 0.7603 AUPRC 0.4117 | Test AUROC 0.7255 AUPRC 0.3553
  Epoch 40, Loss 0.5531, Val AUROC 0.7607 AUPRC 0.4130 | Test AUROC 0.7254 AUPRC 0.3553
  Epoch 41, Loss 0.5530, Val AUROC 0.7612 AUPRC 0.4148 | Test AUROC 0.7257 AUPRC 0.3563
  Epoch 42, Loss 0.5519, Val AUROC 0.7618 AUPRC 0.4171 | Test AUROC 0.7259 AUPRC 0.3570
  Epoch 43, Loss 0.5518, Val AUROC 0.7627 AUPRC 0.4180 | Test AUROC 0.7259 AUPRC 0.3574
  Epoch 44, Loss 0.5512, Val AUROC 0.7634 AUPRC 0.4197 | Test AUROC 0.7263 AUPRC 0.3585
  Epoch 45, Loss 0.5506, Val AUROC 0.7637 AUPRC 0.4230 | Test AUROC 0.7271 AUPRC 0.3600
  Epoch 46, Loss 0.5504, Val AUROC 0.7643 AUPRC 0.4249 | Test AUROC 0.7274 AUPRC 0.3610
  Epoch 47, Loss 0.5497, Val AUROC 0.7645 AUPRC 0.4261 | Test AUROC 0.7278 AUPRC 0.3619
  Epoch 48, Loss 0.5495, Val AUROC 0.7648 AUPRC 0.4276 | Test AUROC 0.7286 AUPRC 0.3633
  Epoch 49, Loss 0.5491, Val AUROC 0.7651 AUPRC 0.4288 | Test AUROC 0.7289 AUPRC 0.3638
  Epoch 50, Loss 0.5486, Val AUROC 0.7655 AUPRC 0.4297 | Test AUROC 0.7290 AUPRC 0.3641
  Epoch 51, Loss 0.5485, Val AUROC 0.7656 AUPRC 0.4311 | Test AUROC 0.7296 AUPRC 0.3650
  Epoch 52, Loss 0.5480, Val AUROC 0.7655 AUPRC 0.4312 | Test AUROC 0.7300 AUPRC 0.3658
  Epoch 53, Loss 0.5478, Val AUROC 0.7659 AUPRC 0.4323 | Test AUROC 0.7301 AUPRC 0.3659
  Epoch 54, Loss 0.5476, Val AUROC 0.7658 AUPRC 0.4325 | Test AUROC 0.7305 AUPRC 0.3664
  Epoch 55, Loss 0.5472, Val AUROC 0.7656 AUPRC 0.4327 | Test AUROC 0.7306 AUPRC 0.3664
  Epoch 56, Loss 0.5470, Val AUROC 0.7659 AUPRC 0.4335 | Test AUROC 0.7304 AUPRC 0.3658
  Epoch 59, Loss 0.5463, Val AUROC 0.7661 AUPRC 0.4335 | Test AUROC 0.7301 AUPRC 0.3651
  Epoch 62, Loss 0.5457, Val AUROC 0.7662 AUPRC 0.4337 | Test AUROC 0.7300 AUPRC 0.3642
  Epoch 63, Loss 0.5455, Val AUROC 0.7658 AUPRC 0.4337 | Test AUROC 0.7303 AUPRC 0.3645
  Epoch 64, Loss 0.5453, Val AUROC 0.7660 AUPRC 0.4341 | Test AUROC 0.7305 AUPRC 0.3645
  Epoch 65, Loss 0.5451, Val AUROC 0.7663 AUPRC 0.4342 | Test AUROC 0.7305 AUPRC 0.3642
  Epoch 96, Loss 0.5418, Val AUROC 0.7693 AUPRC 0.4351 | Test AUROC 0.7295 AUPRC 0.3564
  Epoch 98, Loss 0.5425, Val AUROC 0.7689 AUPRC 0.4352 | Test AUROC 0.7306 AUPRC 0.3570
  Epoch 0, Loss 0.7127, Val AUROC 0.5786 AUPRC 0.2822 | Test AUROC 0.5784 AUPRC 0.2639
  Epoch 1, Loss 0.7731, Val AUROC 0.6918 AUPRC 0.3360 | Test AUROC 0.6969 AUPRC 0.3353
  Epoch 2, Loss 0.6641, Val AUROC 0.7047 AUPRC 0.3454 | Test AUROC 0.7193 AUPRC 0.3695
  Epoch 3, Loss 0.6709, Val AUROC 0.7088 AUPRC 0.3484 | Test AUROC 0.7246 AUPRC 0.3734
  Epoch 4, Loss 0.6667, Val AUROC 0.7130 AUPRC 0.3491 | Test AUROC 0.7244 AUPRC 0.3689
  Epoch 5, Loss 0.6276, Val AUROC 0.7158 AUPRC 0.3546 | Test AUROC 0.7170 AUPRC 0.3554
  Epoch 6, Loss 0.6192, Val AUROC 0.7180 AUPRC 0.3629 | Test AUROC 0.7130 AUPRC 0.3480
  Epoch 7, Loss 0.6335, Val AUROC 0.7217 AUPRC 0.3659 | Test AUROC 0.7184 AUPRC 0.3535
  Epoch 8, Loss 0.6157, Val AUROC 0.7261 AUPRC 0.3698 | Test AUROC 0.7245 AUPRC 0.3589
  Epoch 9, Loss 0.5957, Val AUROC 0.7299 AUPRC 0.3757 | Test AUROC 0.7271 AUPRC 0.3649
  Epoch 10, Loss 0.6007, Val AUROC 0.7316 AUPRC 0.3781 | Test AUROC 0.7268 AUPRC 0.3655
  Epoch 16, Loss 0.5726, Val AUROC 0.7385 AUPRC 0.3796 | Test AUROC 0.7215 AUPRC 0.3586
  Epoch 17, Loss 0.5720, Val AUROC 0.7402 AUPRC 0.3813 | Test AUROC 0.7218 AUPRC 0.3593
  Epoch 22, Loss 0.5609, Val AUROC 0.7465 AUPRC 0.3866 | Test AUROC 0.7191 AUPRC 0.3611
  Epoch 23, Loss 0.5546, Val AUROC 0.7492 AUPRC 0.3980 | Test AUROC 0.7227 AUPRC 0.3636
  Epoch 24, Loss 0.5538, Val AUROC 0.7505 AUPRC 0.4047 | Test AUROC 0.7255 AUPRC 0.3655
  Epoch 25, Loss 0.5536, Val AUROC 0.7516 AUPRC 0.4074 | Test AUROC 0.7265 AUPRC 0.3654
  Epoch 26, Loss 0.5496, Val AUROC 0.7535 AUPRC 0.4089 | Test AUROC 0.7268 AUPRC 0.3645
  Epoch 27, Loss 0.5469, Val AUROC 0.7552 AUPRC 0.4098 | Test AUROC 0.7274 AUPRC 0.3635
  Epoch 28, Loss 0.5468, Val AUROC 0.7566 AUPRC 0.4132 | Test AUROC 0.7288 AUPRC 0.3645
  Epoch 29, Loss 0.5438, Val AUROC 0.7573 AUPRC 0.4179 | Test AUROC 0.7306 AUPRC 0.3675
  Epoch 30, Loss 0.5402, Val AUROC 0.7578 AUPRC 0.4202 | Test AUROC 0.7321 AUPRC 0.3700
  Epoch 31, Loss 0.5394, Val AUROC 0.7585 AUPRC 0.4211 | Test AUROC 0.7324 AUPRC 0.3706
  Epoch 35, Loss 0.5311, Val AUROC 0.7604 AUPRC 0.4233 | Test AUROC 0.7398 AUPRC 0.3759
  Epoch 36, Loss 0.5282, Val AUROC 0.7609 AUPRC 0.4261 | Test AUROC 0.7426 AUPRC 0.3786
  Epoch 37, Loss 0.5271, Val AUROC 0.7618 AUPRC 0.4269 | Test AUROC 0.7443 AUPRC 0.3808
  Epoch 38, Loss 0.5250, Val AUROC 0.7627 AUPRC 0.4273 | Test AUROC 0.7453 AUPRC 0.3809
  Epoch 40, Loss 0.5218, Val AUROC 0.7634 AUPRC 0.4289 | Test AUROC 0.7457 AUPRC 0.3825
  Epoch 41, Loss 0.5194, Val AUROC 0.7632 AUPRC 0.4295 | Test AUROC 0.7458 AUPRC 0.3835
  Epoch 42, Loss 0.5182, Val AUROC 0.7642 AUPRC 0.4308 | Test AUROC 0.7461 AUPRC 0.3820
  Epoch 44, Loss 0.5150, Val AUROC 0.7664 AUPRC 0.4319 | Test AUROC 0.7475 AUPRC 0.3828
  Epoch 45, Loss 0.5127, Val AUROC 0.7668 AUPRC 0.4341 | Test AUROC 0.7487 AUPRC 0.3856
  Epoch 46, Loss 0.5113, Val AUROC 0.7686 AUPRC 0.4358 | Test AUROC 0.7493 AUPRC 0.3849
  Epoch 47, Loss 0.5092, Val AUROC 0.7696 AUPRC 0.4363 | Test AUROC 0.7497 AUPRC 0.3848
  Epoch 48, Loss 0.5079, Val AUROC 0.7696 AUPRC 0.4374 | Test AUROC 0.7494 AUPRC 0.3856
  Epoch 49, Loss 0.5062, Val AUROC 0.7702 AUPRC 0.4387 | Test AUROC 0.7487 AUPRC 0.3841
  Epoch 50, Loss 0.5046, Val AUROC 0.7717 AUPRC 0.4403 | Test AUROC 0.7472 AUPRC 0.3803
  Epoch 51, Loss 0.5034, Val AUROC 0.7718 AUPRC 0.4422 | Test AUROC 0.7465 AUPRC 0.3801
  Epoch 52, Loss 0.5016, Val AUROC 0.7729 AUPRC 0.4441 | Test AUROC 0.7472 AUPRC 0.3796
  Epoch 53, Loss 0.4999, Val AUROC 0.7743 AUPRC 0.4462 | Test AUROC 0.7483 AUPRC 0.3795
  Epoch 54, Loss 0.4986, Val AUROC 0.7738 AUPRC 0.4475 | Test AUROC 0.7497 AUPRC 0.3832
  Epoch 55, Loss 0.4970, Val AUROC 0.7749 AUPRC 0.4493 | Test AUROC 0.7495 AUPRC 0.3821
  Epoch 56, Loss 0.4950, Val AUROC 0.7755 AUPRC 0.4511 | Test AUROC 0.7489 AUPRC 0.3810
  Epoch 57, Loss 0.4932, Val AUROC 0.7759 AUPRC 0.4527 | Test AUROC 0.7476 AUPRC 0.3793
  Epoch 58, Loss 0.4918, Val AUROC 0.7778 AUPRC 0.4542 | Test AUROC 0.7452 AUPRC 0.3752
  Epoch 59, Loss 0.4909, Val AUROC 0.7769 AUPRC 0.4559 | Test AUROC 0.7460 AUPRC 0.3778
  Epoch 61, Loss 0.4921, Val AUROC 0.7780 AUPRC 0.4599 | Test AUROC 0.7473 AUPRC 0.3805
  Epoch 80, Loss 0.4602, Val AUROC 0.7781 AUPRC 0.4599 | Test AUROC 0.7402 AUPRC 0.3743
  Epoch 85, Loss 0.4624, Val AUROC 0.7797 AUPRC 0.4600 | Test AUROC 0.7388 AUPRC 0.3731
  Epoch 86, Loss 0.4509, Val AUROC 0.7809 AUPRC 0.4629 | Test AUROC 0.7366 AUPRC 0.3711
tensor([[0.9136, 0.0741, 0.0123,  ..., 0.3516, 0.9991, 0.9337],
        [0.9980, 0.0000, 0.0020,  ..., 0.3492, 0.9988, 0.9306],
        [0.9773, 0.0057, 0.0170,  ..., 0.3449, 0.9984, 0.9267],
        ...,
        [0.7123, 0.2603, 0.0274,  ..., 0.9524, 1.0000, 0.7063],
        [0.2381, 0.0000, 0.0000,  ..., 0.7887, 1.0000, 0.9107],
        [0.9451, 0.0000, 0.0127,  ..., 0.9286, 1.0000, 0.8929]],
       device='cuda:0')
tensor([[0.8070, 0.0322, 0.0221,  ..., 1.0000, 1.0000, 1.0000],
        [0.0000, 0.0000, 0.0000,  ..., 0.0000, 1.0000, 1.0000],
        [0.0000, 0.0000, 0.2000,  ..., 0.0000, 1.0000, 1.0000],
        ...,
        [0.0784, 0.0000, 0.0000,  ..., 0.8407, 0.9986, 0.8435],
        [0.9828, 0.0000, 0.0172,  ..., 0.7935, 0.9991, 0.8339],
        [0.4715, 0.0000, 0.0366,  ..., 0.8006, 0.9991, 0.8334]],
       device='cuda:0')
/home/eirik/miniconda3/envs/GADBench/lib/python3.10/site-packages/xgboost/training.py:200: UserWarning: [17:20:00] WARNING: /__w/xgboost/xgboost/src/learner.cc:782: 
Parameters: { "drop_rate", "h_feats", "lr", "num_layers", "verbose" } are not used.

  bst.update(dtrain, iteration=i, fobj=obj)
/home/eirik/miniconda3/envs/GADBench/lib/python3.10/site-packages/xgboost/training.py:200: UserWarning: [17:20:01] WARNING: /__w/xgboost/xgboost/src/learner.cc:782: 
Parameters: { "verbose" } are not used.

  bst.update(dtrain, iteration=i, fobj=obj)

[tolokers | ff_b0.7_Minf | split 1 | seed 3417]
  forest_fire: 15/15 subgraphs (n: min=500 med=500 max=500 | m: min=11713 med=18722 max=31847)
  Combined: N=7500 M=621666 train=2194 val=1072 unique_origs=3266
  Epoch 0, Loss 0.6896, Val AUROC 0.6667 AUPRC 0.4389 | Test AUROC 0.6757 AUPRC 0.3584
  Epoch 1, Loss 0.6835, Val AUROC 0.6645 AUPRC 0.4405 | Test AUROC 0.6833 AUPRC 0.3698
  Epoch 2, Loss 0.6780, Val AUROC 0.6642 AUPRC 0.4421 | Test AUROC 0.6830 AUPRC 0.3703
  Epoch 6, Loss 0.6542, Val AUROC 0.6727 AUPRC 0.4428 | Test AUROC 0.6885 AUPRC 0.3726
  Epoch 7, Loss 0.6492, Val AUROC 0.6753 AUPRC 0.4445 | Test AUROC 0.6903 AUPRC 0.3737
  Epoch 8, Loss 0.6456, Val AUROC 0.6788 AUPRC 0.4448 | Test AUROC 0.6922 AUPRC 0.3749
  Epoch 11, Loss 0.6405, Val AUROC 0.6896 AUPRC 0.4455 | Test AUROC 0.6990 AUPRC 0.3794
  Epoch 43, Loss 0.6181, Val AUROC 0.6929 AUPRC 0.4460 | Test AUROC 0.7084 AUPRC 0.3904
  Epoch 44, Loss 0.6177, Val AUROC 0.6935 AUPRC 0.4465 | Test AUROC 0.7093 AUPRC 0.3913
  Epoch 45, Loss 0.6172, Val AUROC 0.6940 AUPRC 0.4465 | Test AUROC 0.7094 AUPRC 0.3919
  Epoch 46, Loss 0.6167, Val AUROC 0.6943 AUPRC 0.4474 | Test AUROC 0.7087 AUPRC 0.3920
  Epoch 47, Loss 0.6163, Val AUROC 0.6959 AUPRC 0.4497 | Test AUROC 0.7092 AUPRC 0.3916
  Epoch 48, Loss 0.6158, Val AUROC 0.6958 AUPRC 0.4549 | Test AUROC 0.7072 AUPRC 0.3900
  Epoch 49, Loss 0.6154, Val AUROC 0.6962 AUPRC 0.4558 | Test AUROC 0.7075 AUPRC 0.3902
  Epoch 53, Loss 0.6140, Val AUROC 0.6976 AUPRC 0.4576 | Test AUROC 0.7046 AUPRC 0.3891
  Epoch 54, Loss 0.6137, Val AUROC 0.6996 AUPRC 0.4604 | Test AUROC 0.7051 AUPRC 0.3884
  Epoch 57, Loss 0.6124, Val AUROC 0.7003 AUPRC 0.4610 | Test AUROC 0.7060 AUPRC 0.3880
  Epoch 59, Loss 0.6116, Val AUROC 0.7002 AUPRC 0.4624 | Test AUROC 0.7040 AUPRC 0.3868
  Epoch 60, Loss 0.6111, Val AUROC 0.7014 AUPRC 0.4624 | Test AUROC 0.7043 AUPRC 0.3855
  Epoch 62, Loss 0.6109, Val AUROC 0.7014 AUPRC 0.4625 | Test AUROC 0.7027 AUPRC 0.3838
  Epoch 63, Loss 0.6103, Val AUROC 0.7011 AUPRC 0.4636 | Test AUROC 0.7021 AUPRC 0.3832
  Epoch 65, Loss 0.6098, Val AUROC 0.7018 AUPRC 0.4640 | Test AUROC 0.7027 AUPRC 0.3824
  Epoch 67, Loss 0.6096, Val AUROC 0.7026 AUPRC 0.4674 | Test AUROC 0.7009 AUPRC 0.3809
  Epoch 68, Loss 0.6089, Val AUROC 0.7020 AUPRC 0.4683 | Test AUROC 0.6999 AUPRC 0.3791
  Epoch 72, Loss 0.6083, Val AUROC 0.7035 AUPRC 0.4701 | Test AUROC 0.6997 AUPRC 0.3776
  Epoch 87, Loss 0.6053, Val AUROC 0.7073 AUPRC 0.4710 | Test AUROC 0.6978 AUPRC 0.3738
  Epoch 0, Loss 0.7173, Val AUROC 0.4681 AUPRC 0.2484 | Test AUROC 0.4714 AUPRC 0.2023
  Epoch 1, Loss 0.6970, Val AUROC 0.6023 AUPRC 0.3387 | Test AUROC 0.6322 AUPRC 0.2836
  Epoch 2, Loss 0.6795, Val AUROC 0.6311 AUPRC 0.3577 | Test AUROC 0.6685 AUPRC 0.3040
  Epoch 38, Loss 0.5988, Val AUROC 0.6732 AUPRC 0.3578 | Test AUROC 0.7286 AUPRC 0.3567
  Epoch 39, Loss 0.5984, Val AUROC 0.6731 AUPRC 0.3586 | Test AUROC 0.7288 AUPRC 0.3573
  Epoch 40, Loss 0.5974, Val AUROC 0.6734 AUPRC 0.3601 | Test AUROC 0.7284 AUPRC 0.3572
  Epoch 41, Loss 0.5968, Val AUROC 0.6741 AUPRC 0.3635 | Test AUROC 0.7280 AUPRC 0.3573
  Epoch 42, Loss 0.5966, Val AUROC 0.6742 AUPRC 0.3643 | Test AUROC 0.7282 AUPRC 0.3585
  Epoch 43, Loss 0.5958, Val AUROC 0.6741 AUPRC 0.3653 | Test AUROC 0.7284 AUPRC 0.3593
  Epoch 44, Loss 0.5955, Val AUROC 0.6752 AUPRC 0.3678 | Test AUROC 0.7280 AUPRC 0.3592
  Epoch 45, Loss 0.5951, Val AUROC 0.6756 AUPRC 0.3694 | Test AUROC 0.7284 AUPRC 0.3600
  Epoch 46, Loss 0.5945, Val AUROC 0.6760 AUPRC 0.3709 | Test AUROC 0.7287 AUPRC 0.3610
  Epoch 47, Loss 0.5943, Val AUROC 0.6770 AUPRC 0.3730 | Test AUROC 0.7287 AUPRC 0.3616
  Epoch 48, Loss 0.5938, Val AUROC 0.6776 AUPRC 0.3743 | Test AUROC 0.7293 AUPRC 0.3638
  Epoch 49, Loss 0.5934, Val AUROC 0.6779 AUPRC 0.3748 | Test AUROC 0.7299 AUPRC 0.3655
  Epoch 50, Loss 0.5932, Val AUROC 0.6791 AUPRC 0.3764 | Test AUROC 0.7300 AUPRC 0.3648
  Epoch 51, Loss 0.5927, Val AUROC 0.6795 AUPRC 0.3772 | Test AUROC 0.7306 AUPRC 0.3658
  Epoch 52, Loss 0.5924, Val AUROC 0.6799 AUPRC 0.3780 | Test AUROC 0.7310 AUPRC 0.3666
  Epoch 53, Loss 0.5922, Val AUROC 0.6808 AUPRC 0.3797 | Test AUROC 0.7309 AUPRC 0.3665
  Epoch 55, Loss 0.5914, Val AUROC 0.6815 AUPRC 0.3801 | Test AUROC 0.7315 AUPRC 0.3677
  Epoch 56, Loss 0.5912, Val AUROC 0.6827 AUPRC 0.3815 | Test AUROC 0.7316 AUPRC 0.3679
  Epoch 76, Loss 0.5875, Val AUROC 0.6846 AUPRC 0.3815 | Test AUROC 0.7349 AUPRC 0.3739
  Epoch 78, Loss 0.5872, Val AUROC 0.6850 AUPRC 0.3824 | Test AUROC 0.7352 AUPRC 0.3750
  Epoch 80, Loss 0.5872, Val AUROC 0.6867 AUPRC 0.3840 | Test AUROC 0.7348 AUPRC 0.3742
  Epoch 82, Loss 0.5874, Val AUROC 0.6865 AUPRC 0.3848 | Test AUROC 0.7338 AUPRC 0.3728
  Epoch 0, Loss 0.7099, Val AUROC 0.5650 AUPRC 0.3158 | Test AUROC 0.5386 AUPRC 0.2423
  Epoch 1, Loss 0.8115, Val AUROC 0.6528 AUPRC 0.3587 | Test AUROC 0.6656 AUPRC 0.3089
  Epoch 2, Loss 0.6708, Val AUROC 0.6736 AUPRC 0.3787 | Test AUROC 0.7024 AUPRC 0.3649
  Epoch 3, Loss 0.6899, Val AUROC 0.6754 AUPRC 0.3813 | Test AUROC 0.7090 AUPRC 0.3747
  Epoch 10, Loss 0.6224, Val AUROC 0.6868 AUPRC 0.3900 | Test AUROC 0.7177 AUPRC 0.3584
  Epoch 11, Loss 0.6269, Val AUROC 0.6872 AUPRC 0.3929 | Test AUROC 0.7170 AUPRC 0.3603
  Epoch 26, Loss 0.5925, Val AUROC 0.6922 AUPRC 0.4000 | Test AUROC 0.7257 AUPRC 0.3648
  Epoch 27, Loss 0.5907, Val AUROC 0.6937 AUPRC 0.4054 | Test AUROC 0.7264 AUPRC 0.3667
  Epoch 28, Loss 0.5908, Val AUROC 0.6945 AUPRC 0.4096 | Test AUROC 0.7266 AUPRC 0.3671
  Epoch 29, Loss 0.5901, Val AUROC 0.6949 AUPRC 0.4115 | Test AUROC 0.7272 AUPRC 0.3671
  Epoch 33, Loss 0.5844, Val AUROC 0.6964 AUPRC 0.4164 | Test AUROC 0.7296 AUPRC 0.3688
  Epoch 34, Loss 0.5820, Val AUROC 0.6984 AUPRC 0.4216 | Test AUROC 0.7297 AUPRC 0.3716
  Epoch 35, Loss 0.5804, Val AUROC 0.6999 AUPRC 0.4238 | Test AUROC 0.7295 AUPRC 0.3736
  Epoch 40, Loss 0.5742, Val AUROC 0.7035 AUPRC 0.4244 | Test AUROC 0.7299 AUPRC 0.3767
  Epoch 41, Loss 0.5725, Val AUROC 0.7048 AUPRC 0.4273 | Test AUROC 0.7294 AUPRC 0.3763
  Epoch 42, Loss 0.5716, Val AUROC 0.7063 AUPRC 0.4285 | Test AUROC 0.7310 AUPRC 0.3776
  Epoch 43, Loss 0.5698, Val AUROC 0.7082 AUPRC 0.4299 | Test AUROC 0.7335 AUPRC 0.3787
  Epoch 44, Loss 0.5687, Val AUROC 0.7101 AUPRC 0.4335 | Test AUROC 0.7343 AUPRC 0.3798
  Epoch 45, Loss 0.5675, Val AUROC 0.7122 AUPRC 0.4380 | Test AUROC 0.7334 AUPRC 0.3806
  Epoch 46, Loss 0.5658, Val AUROC 0.7132 AUPRC 0.4395 | Test AUROC 0.7323 AUPRC 0.3800
  Epoch 47, Loss 0.5648, Val AUROC 0.7146 AUPRC 0.4417 | Test AUROC 0.7331 AUPRC 0.3795
  Epoch 48, Loss 0.5630, Val AUROC 0.7154 AUPRC 0.4417 | Test AUROC 0.7346 AUPRC 0.3786
  Epoch 49, Loss 0.5621, Val AUROC 0.7154 AUPRC 0.4427 | Test AUROC 0.7337 AUPRC 0.3770
  Epoch 50, Loss 0.5603, Val AUROC 0.7153 AUPRC 0.4447 | Test AUROC 0.7328 AUPRC 0.3751
  Epoch 51, Loss 0.5594, Val AUROC 0.7169 AUPRC 0.4461 | Test AUROC 0.7341 AUPRC 0.3742
  Epoch 52, Loss 0.5576, Val AUROC 0.7189 AUPRC 0.4488 | Test AUROC 0.7349 AUPRC 0.3733
  Epoch 53, Loss 0.5563, Val AUROC 0.7204 AUPRC 0.4512 | Test AUROC 0.7345 AUPRC 0.3727
  Epoch 54, Loss 0.5547, Val AUROC 0.7222 AUPRC 0.4528 | Test AUROC 0.7344 AUPRC 0.3719
  Epoch 55, Loss 0.5533, Val AUROC 0.7239 AUPRC 0.4546 | Test AUROC 0.7354 AUPRC 0.3715
  Epoch 56, Loss 0.5516, Val AUROC 0.7241 AUPRC 0.4556 | Test AUROC 0.7341 AUPRC 0.3701
  Epoch 57, Loss 0.5496, Val AUROC 0.7251 AUPRC 0.4586 | Test AUROC 0.7318 AUPRC 0.3686
  Epoch 58, Loss 0.5481, Val AUROC 0.7278 AUPRC 0.4624 | Test AUROC 0.7308 AUPRC 0.3686
  Epoch 59, Loss 0.5461, Val AUROC 0.7287 AUPRC 0.4637 | Test AUROC 0.7292 AUPRC 0.3657
  Epoch 60, Loss 0.5442, Val AUROC 0.7297 AUPRC 0.4652 | Test AUROC 0.7278 AUPRC 0.3649
  Epoch 61, Loss 0.5424, Val AUROC 0.7306 AUPRC 0.4686 | Test AUROC 0.7266 AUPRC 0.3648
  Epoch 62, Loss 0.5406, Val AUROC 0.7309 AUPRC 0.4704 | Test AUROC 0.7241 AUPRC 0.3623
  Epoch 63, Loss 0.5388, Val AUROC 0.7325 AUPRC 0.4730 | Test AUROC 0.7232 AUPRC 0.3634
  Epoch 69, Loss 0.5370, Val AUROC 0.7344 AUPRC 0.4741 | Test AUROC 0.7165 AUPRC 0.3502
tensor([[0.9136, 0.0741, 0.0123,  ..., 0.3516, 0.9991, 0.9337],
        [0.9980, 0.0000, 0.0020,  ..., 0.3492, 0.9988, 0.9306],
        [0.9773, 0.0057, 0.0170,  ..., 0.3449, 0.9984, 0.9267],
        ...,
        [0.5202, 0.4772, 0.0026,  ..., 0.6847, 1.0000, 0.8523],
        [0.7933, 0.0096, 0.0673,  ..., 0.7351, 1.0000, 0.8775],
        [0.9304, 0.0000, 0.0696,  ..., 0.7224, 1.0000, 0.8894]],
       device='cuda:0')
tensor([[0.8070, 0.0322, 0.0221,  ..., 1.0000, 1.0000, 1.0000],
        [0.0000, 0.0000, 0.0000,  ..., 0.0000, 1.0000, 1.0000],
        [0.0000, 0.0000, 0.2000,  ..., 0.0000, 1.0000, 1.0000],
        ...,
        [0.0784, 0.0000, 0.0000,  ..., 0.8407, 0.9986, 0.8435],
        [0.9828, 0.0000, 0.0172,  ..., 0.7935, 0.9991, 0.8339],
        [0.4715, 0.0000, 0.0366,  ..., 0.8006, 0.9991, 0.8334]],
       device='cuda:0')
/home/eirik/miniconda3/envs/GADBench/lib/python3.10/site-packages/xgboost/training.py:200: UserWarning: [17:20:32] WARNING: /__w/xgboost/xgboost/src/learner.cc:782: 
Parameters: { "drop_rate", "h_feats", "lr", "num_layers", "verbose" } are not used.

  bst.update(dtrain, iteration=i, fobj=obj)
/home/eirik/miniconda3/envs/GADBench/lib/python3.10/site-packages/xgboost/training.py:200: UserWarning: [17:20:32] WARNING: /__w/xgboost/xgboost/src/learner.cc:782: 
Parameters: { "verbose" } are not used.

  bst.update(dtrain, iteration=i, fobj=obj)

[tolokers | rwr_r0.1_M1 | split 1 | seed 3417]
  rwr: 14/15 subgraphs (n: min=2 med=500 max=500 | m: min=1 med=2033 max=14292)
  Combined: N=5501 M=97430 train=3663 val=1838 unique_origs=5501
  Epoch 0, Loss 0.6867, Val AUROC 0.6991 AUPRC 0.4108 | Test AUROC 0.6800 AUPRC 0.3611
  Epoch 1, Loss 0.6776, Val AUROC 0.7068 AUPRC 0.4242 | Test AUROC 0.6849 AUPRC 0.3702
  Epoch 2, Loss 0.6682, Val AUROC 0.7098 AUPRC 0.4277 | Test AUROC 0.6864 AUPRC 0.3724
  Epoch 3, Loss 0.6575, Val AUROC 0.7112 AUPRC 0.4279 | Test AUROC 0.6883 AUPRC 0.3729
  Epoch 25, Loss 0.5874, Val AUROC 0.7337 AUPRC 0.4306 | Test AUROC 0.7038 AUPRC 0.3791
  Epoch 26, Loss 0.5867, Val AUROC 0.7358 AUPRC 0.4338 | Test AUROC 0.7033 AUPRC 0.3793
  Epoch 27, Loss 0.5855, Val AUROC 0.7373 AUPRC 0.4364 | Test AUROC 0.7056 AUPRC 0.3806
  Epoch 28, Loss 0.5840, Val AUROC 0.7383 AUPRC 0.4380 | Test AUROC 0.7075 AUPRC 0.3817
  Epoch 29, Loss 0.5828, Val AUROC 0.7390 AUPRC 0.4388 | Test AUROC 0.7084 AUPRC 0.3818
  Epoch 30, Loss 0.5822, Val AUROC 0.7397 AUPRC 0.4399 | Test AUROC 0.7085 AUPRC 0.3811
  Epoch 31, Loss 0.5815, Val AUROC 0.7402 AUPRC 0.4404 | Test AUROC 0.7069 AUPRC 0.3790
  Epoch 34, Loss 0.5792, Val AUROC 0.7414 AUPRC 0.4405 | Test AUROC 0.7001 AUPRC 0.3732
  Epoch 35, Loss 0.5786, Val AUROC 0.7430 AUPRC 0.4432 | Test AUROC 0.7014 AUPRC 0.3741
  Epoch 36, Loss 0.5777, Val AUROC 0.7447 AUPRC 0.4461 | Test AUROC 0.7047 AUPRC 0.3760
  Epoch 37, Loss 0.5769, Val AUROC 0.7463 AUPRC 0.4489 | Test AUROC 0.7051 AUPRC 0.3768
  Epoch 38, Loss 0.5764, Val AUROC 0.7475 AUPRC 0.4513 | Test AUROC 0.7051 AUPRC 0.3773
  Epoch 39, Loss 0.5757, Val AUROC 0.7486 AUPRC 0.4536 | Test AUROC 0.7010 AUPRC 0.3759
  Epoch 40, Loss 0.5750, Val AUROC 0.7492 AUPRC 0.4538 | Test AUROC 0.6988 AUPRC 0.3752
  Epoch 41, Loss 0.5744, Val AUROC 0.7499 AUPRC 0.4550 | Test AUROC 0.6975 AUPRC 0.3749
  Epoch 42, Loss 0.5738, Val AUROC 0.7501 AUPRC 0.4558 | Test AUROC 0.6986 AUPRC 0.3758
  Epoch 43, Loss 0.5732, Val AUROC 0.7505 AUPRC 0.4562 | Test AUROC 0.6993 AUPRC 0.3759
  Epoch 44, Loss 0.5728, Val AUROC 0.7507 AUPRC 0.4565 | Test AUROC 0.6971 AUPRC 0.3748
  Epoch 46, Loss 0.5716, Val AUROC 0.7512 AUPRC 0.4569 | Test AUROC 0.6922 AUPRC 0.3724
  Epoch 48, Loss 0.5706, Val AUROC 0.7515 AUPRC 0.4575 | Test AUROC 0.6939 AUPRC 0.3746
  Epoch 50, Loss 0.5704, Val AUROC 0.7516 AUPRC 0.4582 | Test AUROC 0.6896 AUPRC 0.3726
  Epoch 53, Loss 0.5681, Val AUROC 0.7522 AUPRC 0.4585 | Test AUROC 0.6881 AUPRC 0.3719
  Epoch 55, Loss 0.5676, Val AUROC 0.7527 AUPRC 0.4594 | Test AUROC 0.6922 AUPRC 0.3739
  Epoch 56, Loss 0.5667, Val AUROC 0.7529 AUPRC 0.4598 | Test AUROC 0.6876 AUPRC 0.3722
  Epoch 59, Loss 0.5656, Val AUROC 0.7531 AUPRC 0.4598 | Test AUROC 0.6884 AUPRC 0.3739
  Epoch 85, Loss 0.5566, Val AUROC 0.7574 AUPRC 0.4603 | Test AUROC 0.6839 AUPRC 0.3787
  Epoch 87, Loss 0.5565, Val AUROC 0.7582 AUPRC 0.4610 | Test AUROC 0.6829 AUPRC 0.3795
  Epoch 101, Loss 0.5514, Val AUROC 0.7613 AUPRC 0.4616 | Test AUROC 0.6865 AUPRC 0.3843
  Epoch 103, Loss 0.5511, Val AUROC 0.7619 AUPRC 0.4620 | Test AUROC 0.6867 AUPRC 0.3845
  Epoch 105, Loss 0.5504, Val AUROC 0.7624 AUPRC 0.4621 | Test AUROC 0.6877 AUPRC 0.3847
  Epoch 107, Loss 0.5494, Val AUROC 0.7624 AUPRC 0.4621 | Test AUROC 0.6897 AUPRC 0.3860
  Epoch 108, Loss 0.5490, Val AUROC 0.7626 AUPRC 0.4622 | Test AUROC 0.6896 AUPRC 0.3864
  Epoch 110, Loss 0.5487, Val AUROC 0.7631 AUPRC 0.4627 | Test AUROC 0.6884 AUPRC 0.3866
  Epoch 122, Loss 0.5466, Val AUROC 0.7636 AUPRC 0.4629 | Test AUROC 0.6934 AUPRC 0.3915
  Epoch 144, Loss 0.5401, Val AUROC 0.7633 AUPRC 0.4635 | Test AUROC 0.6979 AUPRC 0.3933
  Epoch 0, Loss 0.7322, Val AUROC 0.5062 AUPRC 0.2500 | Test AUROC 0.4980 AUPRC 0.2127
  Epoch 1, Loss 0.6974, Val AUROC 0.6758 AUPRC 0.3651 | Test AUROC 0.6844 AUPRC 0.3251
  Epoch 2, Loss 0.6705, Val AUROC 0.6944 AUPRC 0.3751 | Test AUROC 0.7065 AUPRC 0.3426
  Epoch 14, Loss 0.5953, Val AUROC 0.7103 AUPRC 0.3769 | Test AUROC 0.7305 AUPRC 0.3646
  Epoch 15, Loss 0.5926, Val AUROC 0.7131 AUPRC 0.3807 | Test AUROC 0.7328 AUPRC 0.3666
  Epoch 16, Loss 0.5899, Val AUROC 0.7162 AUPRC 0.3858 | Test AUROC 0.7353 AUPRC 0.3690
  Epoch 17, Loss 0.5873, Val AUROC 0.7194 AUPRC 0.3921 | Test AUROC 0.7381 AUPRC 0.3719
  Epoch 18, Loss 0.5851, Val AUROC 0.7226 AUPRC 0.3981 | Test AUROC 0.7411 AUPRC 0.3756
  Epoch 19, Loss 0.5835, Val AUROC 0.7250 AUPRC 0.4023 | Test AUROC 0.7435 AUPRC 0.3776
  Epoch 20, Loss 0.5824, Val AUROC 0.7257 AUPRC 0.4047 | Test AUROC 0.7448 AUPRC 0.3798
  Epoch 21, Loss 0.5815, Val AUROC 0.7261 AUPRC 0.4065 | Test AUROC 0.7453 AUPRC 0.3811
  Epoch 22, Loss 0.5808, Val AUROC 0.7261 AUPRC 0.4083 | Test AUROC 0.7460 AUPRC 0.3831
  Epoch 23, Loss 0.5801, Val AUROC 0.7263 AUPRC 0.4090 | Test AUROC 0.7459 AUPRC 0.3833
  Epoch 24, Loss 0.5785, Val AUROC 0.7266 AUPRC 0.4094 | Test AUROC 0.7459 AUPRC 0.3838
  Epoch 25, Loss 0.5773, Val AUROC 0.7270 AUPRC 0.4095 | Test AUROC 0.7459 AUPRC 0.3845
  Epoch 26, Loss 0.5765, Val AUROC 0.7275 AUPRC 0.4103 | Test AUROC 0.7452 AUPRC 0.3838
  Epoch 27, Loss 0.5749, Val AUROC 0.7278 AUPRC 0.4105 | Test AUROC 0.7447 AUPRC 0.3836
  Epoch 32, Loss 0.5715, Val AUROC 0.7294 AUPRC 0.4109 | Test AUROC 0.7446 AUPRC 0.3842
  Epoch 33, Loss 0.5709, Val AUROC 0.7300 AUPRC 0.4132 | Test AUROC 0.7451 AUPRC 0.3842
  Epoch 34, Loss 0.5704, Val AUROC 0.7310 AUPRC 0.4143 | Test AUROC 0.7462 AUPRC 0.3863
  Epoch 35, Loss 0.5694, Val AUROC 0.7322 AUPRC 0.4161 | Test AUROC 0.7473 AUPRC 0.3880
  Epoch 36, Loss 0.5688, Val AUROC 0.7337 AUPRC 0.4188 | Test AUROC 0.7484 AUPRC 0.3887
  Epoch 37, Loss 0.5681, Val AUROC 0.7350 AUPRC 0.4208 | Test AUROC 0.7495 AUPRC 0.3908
  Epoch 38, Loss 0.5672, Val AUROC 0.7362 AUPRC 0.4225 | Test AUROC 0.7502 AUPRC 0.3917
  Epoch 39, Loss 0.5668, Val AUROC 0.7368 AUPRC 0.4245 | Test AUROC 0.7505 AUPRC 0.3918
  Epoch 40, Loss 0.5662, Val AUROC 0.7371 AUPRC 0.4255 | Test AUROC 0.7509 AUPRC 0.3925
  Epoch 41, Loss 0.5655, Val AUROC 0.7372 AUPRC 0.4259 | Test AUROC 0.7510 AUPRC 0.3929
  Epoch 42, Loss 0.5650, Val AUROC 0.7371 AUPRC 0.4272 | Test AUROC 0.7507 AUPRC 0.3925
  Epoch 43, Loss 0.5646, Val AUROC 0.7372 AUPRC 0.4278 | Test AUROC 0.7504 AUPRC 0.3927
  Epoch 44, Loss 0.5641, Val AUROC 0.7375 AUPRC 0.4284 | Test AUROC 0.7504 AUPRC 0.3924
  Epoch 45, Loss 0.5638, Val AUROC 0.7380 AUPRC 0.4293 | Test AUROC 0.7501 AUPRC 0.3919
  Epoch 46, Loss 0.5636, Val AUROC 0.7388 AUPRC 0.4300 | Test AUROC 0.7504 AUPRC 0.3916
  Epoch 47, Loss 0.5632, Val AUROC 0.7399 AUPRC 0.4307 | Test AUROC 0.7505 AUPRC 0.3911
  Epoch 49, Loss 0.5624, Val AUROC 0.7414 AUPRC 0.4310 | Test AUROC 0.7505 AUPRC 0.3914
  Epoch 50, Loss 0.5621, Val AUROC 0.7417 AUPRC 0.4311 | Test AUROC 0.7503 AUPRC 0.3908
  Epoch 51, Loss 0.5619, Val AUROC 0.7422 AUPRC 0.4316 | Test AUROC 0.7501 AUPRC 0.3905
  Epoch 52, Loss 0.5616, Val AUROC 0.7426 AUPRC 0.4318 | Test AUROC 0.7501 AUPRC 0.3904
  Epoch 53, Loss 0.5614, Val AUROC 0.7426 AUPRC 0.4326 | Test AUROC 0.7499 AUPRC 0.3895
  Epoch 54, Loss 0.5611, Val AUROC 0.7425 AUPRC 0.4327 | Test AUROC 0.7498 AUPRC 0.3892
  Epoch 55, Loss 0.5608, Val AUROC 0.7423 AUPRC 0.4328 | Test AUROC 0.7496 AUPRC 0.3891
  Epoch 63, Loss 0.5592, Val AUROC 0.7429 AUPRC 0.4336 | Test AUROC 0.7484 AUPRC 0.3862
  Epoch 69, Loss 0.5582, Val AUROC 0.7442 AUPRC 0.4342 | Test AUROC 0.7480 AUPRC 0.3851
  Epoch 109, Loss 0.5537, Val AUROC 0.7448 AUPRC 0.4342 | Test AUROC 0.7456 AUPRC 0.3834
  Epoch 110, Loss 0.5536, Val AUROC 0.7451 AUPRC 0.4347 | Test AUROC 0.7450 AUPRC 0.3825
  Epoch 112, Loss 0.5535, Val AUROC 0.7454 AUPRC 0.4359 | Test AUROC 0.7448 AUPRC 0.3824
  Epoch 116, Loss 0.5535, Val AUROC 0.7452 AUPRC 0.4362 | Test AUROC 0.7445 AUPRC 0.3819
  Epoch 118, Loss 0.5533, Val AUROC 0.7456 AUPRC 0.4369 | Test AUROC 0.7448 AUPRC 0.3826
  Epoch 121, Loss 0.5528, Val AUROC 0.7460 AUPRC 0.4373 | Test AUROC 0.7440 AUPRC 0.3816
  Epoch 123, Loss 0.5529, Val AUROC 0.7461 AUPRC 0.4383 | Test AUROC 0.7434 AUPRC 0.3806
  Epoch 125, Loss 0.5528, Val AUROC 0.7464 AUPRC 0.4384 | Test AUROC 0.7438 AUPRC 0.3813
  Epoch 128, Loss 0.5524, Val AUROC 0.7467 AUPRC 0.4393 | Test AUROC 0.7432 AUPRC 0.3805
  Epoch 129, Loss 0.5525, Val AUROC 0.7468 AUPRC 0.4393 | Test AUROC 0.7442 AUPRC 0.3816
  Epoch 130, Loss 0.5524, Val AUROC 0.7472 AUPRC 0.4403 | Test AUROC 0.7429 AUPRC 0.3799
  Epoch 145, Loss 0.5511, Val AUROC 0.7471 AUPRC 0.4403 | Test AUROC 0.7432 AUPRC 0.3806
  Epoch 146, Loss 0.5510, Val AUROC 0.7475 AUPRC 0.4409 | Test AUROC 0.7432 AUPRC 0.3807
  Epoch 147, Loss 0.5509, Val AUROC 0.7477 AUPRC 0.4413 | Test AUROC 0.7426 AUPRC 0.3795
  Epoch 148, Loss 0.5509, Val AUROC 0.7476 AUPRC 0.4414 | Test AUROC 0.7432 AUPRC 0.3802
  Epoch 149, Loss 0.5509, Val AUROC 0.7477 AUPRC 0.4421 | Test AUROC 0.7424 AUPRC 0.3789
  Epoch 151, Loss 0.5507, Val AUROC 0.7480 AUPRC 0.4422 | Test AUROC 0.7418 AUPRC 0.3778
  Epoch 153, Loss 0.5506, Val AUROC 0.7480 AUPRC 0.4425 | Test AUROC 0.7417 AUPRC 0.3775
  Epoch 155, Loss 0.5505, Val AUROC 0.7483 AUPRC 0.4431 | Test AUROC 0.7416 AUPRC 0.3772
  Epoch 157, Loss 0.5504, Val AUROC 0.7484 AUPRC 0.4432 | Test AUROC 0.7416 AUPRC 0.3771
  Epoch 161, Loss 0.5502, Val AUROC 0.7489 AUPRC 0.4434 | Test AUROC 0.7411 AUPRC 0.3755
  Epoch 170, Loss 0.5494, Val AUROC 0.7491 AUPRC 0.4443 | Test AUROC 0.7407 AUPRC 0.3745
  Epoch 174, Loss 0.5492, Val AUROC 0.7490 AUPRC 0.4443 | Test AUROC 0.7405 AUPRC 0.3734
  Epoch 176, Loss 0.5496, Val AUROC 0.7492 AUPRC 0.4452 | Test AUROC 0.7399 AUPRC 0.3718
  Epoch 183, Loss 0.5497, Val AUROC 0.7490 AUPRC 0.4458 | Test AUROC 0.7402 AUPRC 0.3716
  Epoch 186, Loss 0.5484, Val AUROC 0.7490 AUPRC 0.4459 | Test AUROC 0.7395 AUPRC 0.3705
  Epoch 191, Loss 0.5485, Val AUROC 0.7492 AUPRC 0.4463 | Test AUROC 0.7402 AUPRC 0.3711
  Epoch 197, Loss 0.5474, Val AUROC 0.7493 AUPRC 0.4466 | Test AUROC 0.7399 AUPRC 0.3702
  Epoch 0, Loss 0.7165, Val AUROC 0.6136 AUPRC 0.3281 | Test AUROC 0.5939 AUPRC 0.2739
  Epoch 1, Loss 0.7506, Val AUROC 0.6997 AUPRC 0.3850 | Test AUROC 0.7020 AUPRC 0.3432
  Epoch 2, Loss 0.6618, Val AUROC 0.7069 AUPRC 0.3879 | Test AUROC 0.7256 AUPRC 0.3713
  Epoch 3, Loss 0.6649, Val AUROC 0.7123 AUPRC 0.3904 | Test AUROC 0.7312 AUPRC 0.3795
  Epoch 5, Loss 0.6234, Val AUROC 0.7202 AUPRC 0.3907 | Test AUROC 0.7271 AUPRC 0.3626
  Epoch 6, Loss 0.6202, Val AUROC 0.7213 AUPRC 0.3912 | Test AUROC 0.7274 AUPRC 0.3611
  Epoch 7, Loss 0.6280, Val AUROC 0.7239 AUPRC 0.3926 | Test AUROC 0.7322 AUPRC 0.3678
  Epoch 8, Loss 0.6096, Val AUROC 0.7256 AUPRC 0.3980 | Test AUROC 0.7367 AUPRC 0.3771
  Epoch 9, Loss 0.5979, Val AUROC 0.7263 AUPRC 0.4035 | Test AUROC 0.7390 AUPRC 0.3833
  Epoch 10, Loss 0.6066, Val AUROC 0.7270 AUPRC 0.4051 | Test AUROC 0.7402 AUPRC 0.3850
  Epoch 14, Loss 0.5941, Val AUROC 0.7295 AUPRC 0.4053 | Test AUROC 0.7417 AUPRC 0.3857
  Epoch 15, Loss 0.5842, Val AUROC 0.7320 AUPRC 0.4102 | Test AUROC 0.7434 AUPRC 0.3898
  Epoch 16, Loss 0.5804, Val AUROC 0.7345 AUPRC 0.4160 | Test AUROC 0.7431 AUPRC 0.3922
  Epoch 17, Loss 0.5829, Val AUROC 0.7365 AUPRC 0.4182 | Test AUROC 0.7428 AUPRC 0.3925
  Epoch 18, Loss 0.5796, Val AUROC 0.7388 AUPRC 0.4198 | Test AUROC 0.7430 AUPRC 0.3905
  Epoch 20, Loss 0.5720, Val AUROC 0.7429 AUPRC 0.4233 | Test AUROC 0.7436 AUPRC 0.3879
  Epoch 21, Loss 0.5728, Val AUROC 0.7461 AUPRC 0.4298 | Test AUROC 0.7448 AUPRC 0.3888
  Epoch 22, Loss 0.5688, Val AUROC 0.7497 AUPRC 0.4396 | Test AUROC 0.7466 AUPRC 0.3923
  Epoch 23, Loss 0.5645, Val AUROC 0.7527 AUPRC 0.4487 | Test AUROC 0.7475 AUPRC 0.3941
  Epoch 24, Loss 0.5641, Val AUROC 0.7548 AUPRC 0.4543 | Test AUROC 0.7487 AUPRC 0.3936
  Epoch 25, Loss 0.5634, Val AUROC 0.7567 AUPRC 0.4573 | Test AUROC 0.7495 AUPRC 0.3917
  Epoch 26, Loss 0.5595, Val AUROC 0.7578 AUPRC 0.4582 | Test AUROC 0.7500 AUPRC 0.3903
  Epoch 28, Loss 0.5564, Val AUROC 0.7589 AUPRC 0.4601 | Test AUROC 0.7504 AUPRC 0.3884
  Epoch 29, Loss 0.5541, Val AUROC 0.7608 AUPRC 0.4636 | Test AUROC 0.7513 AUPRC 0.3894
  Epoch 30, Loss 0.5509, Val AUROC 0.7625 AUPRC 0.4671 | Test AUROC 0.7520 AUPRC 0.3905
  Epoch 31, Loss 0.5505, Val AUROC 0.7635 AUPRC 0.4685 | Test AUROC 0.7518 AUPRC 0.3895
  Epoch 32, Loss 0.5485, Val AUROC 0.7643 AUPRC 0.4689 | Test AUROC 0.7512 AUPRC 0.3866
  Epoch 33, Loss 0.5453, Val AUROC 0.7651 AUPRC 0.4692 | Test AUROC 0.7501 AUPRC 0.3833
  Epoch 34, Loss 0.5445, Val AUROC 0.7659 AUPRC 0.4702 | Test AUROC 0.7495 AUPRC 0.3819
  Epoch 35, Loss 0.5426, Val AUROC 0.7671 AUPRC 0.4716 | Test AUROC 0.7486 AUPRC 0.3809
  Epoch 36, Loss 0.5397, Val AUROC 0.7682 AUPRC 0.4727 | Test AUROC 0.7468 AUPRC 0.3783
  Epoch 37, Loss 0.5387, Val AUROC 0.7696 AUPRC 0.4739 | Test AUROC 0.7446 AUPRC 0.3747
  Epoch 38, Loss 0.5363, Val AUROC 0.7710 AUPRC 0.4767 | Test AUROC 0.7430 AUPRC 0.3730
  Epoch 39, Loss 0.5346, Val AUROC 0.7721 AUPRC 0.4779 | Test AUROC 0.7434 AUPRC 0.3742
  Epoch 40, Loss 0.5334, Val AUROC 0.7736 AUPRC 0.4799 | Test AUROC 0.7441 AUPRC 0.3754
  Epoch 41, Loss 0.5310, Val AUROC 0.7749 AUPRC 0.4822 | Test AUROC 0.7433 AUPRC 0.3749
  Epoch 42, Loss 0.5302, Val AUROC 0.7761 AUPRC 0.4834 | Test AUROC 0.7404 AUPRC 0.3719
  Epoch 43, Loss 0.5279, Val AUROC 0.7768 AUPRC 0.4838 | Test AUROC 0.7371 AUPRC 0.3683
  Epoch 44, Loss 0.5266, Val AUROC 0.7774 AUPRC 0.4838 | Test AUROC 0.7346 AUPRC 0.3664
  Epoch 45, Loss 0.5245, Val AUROC 0.7783 AUPRC 0.4850 | Test AUROC 0.7331 AUPRC 0.3663
  Epoch 46, Loss 0.5230, Val AUROC 0.7791 AUPRC 0.4856 | Test AUROC 0.7320 AUPRC 0.3673
  Epoch 48, Loss 0.5195, Val AUROC 0.7798 AUPRC 0.4869 | Test AUROC 0.7333 AUPRC 0.3716
  Epoch 49, Loss 0.5179, Val AUROC 0.7804 AUPRC 0.4876 | Test AUROC 0.7332 AUPRC 0.3727
  Epoch 50, Loss 0.5165, Val AUROC 0.7805 AUPRC 0.4880 | Test AUROC 0.7307 AUPRC 0.3698
  Epoch 51, Loss 0.5144, Val AUROC 0.7802 AUPRC 0.4886 | Test AUROC 0.7282 AUPRC 0.3695
  Epoch 52, Loss 0.5132, Val AUROC 0.7811 AUPRC 0.4902 | Test AUROC 0.7276 AUPRC 0.3682
  Epoch 53, Loss 0.5110, Val AUROC 0.7815 AUPRC 0.4911 | Test AUROC 0.7269 AUPRC 0.3676
  Epoch 54, Loss 0.5096, Val AUROC 0.7816 AUPRC 0.4919 | Test AUROC 0.7248 AUPRC 0.3666
  Epoch 55, Loss 0.5080, Val AUROC 0.7819 AUPRC 0.4924 | Test AUROC 0.7237 AUPRC 0.3658
tensor([[0.9136, 0.0741, 0.0123,  ..., 0.3827, 0.9976, 0.9406],
        [0.8596, 0.0877, 0.0526,  ..., 0.3857, 0.9974, 0.9386],
        [0.4579, 0.5299, 0.0122,  ..., 0.4253, 0.9967, 0.9283],
        ...,
        [0.3333, 0.0000, 0.3333,  ..., 0.8333, 1.0000, 0.6667],
        [0.8333, 0.0000, 0.1667,  ..., 1.0000, 1.0000, 0.8750],
        [0.9216, 0.0196, 0.0392,  ..., 0.5000, 1.0000, 1.0000]],
       device='cuda:0')
tensor([[0.8070, 0.0322, 0.0221,  ..., 1.0000, 1.0000, 1.0000],
        [0.0000, 0.0000, 0.0000,  ..., 0.0000, 1.0000, 1.0000],
        [0.0000, 0.0000, 0.2000,  ..., 0.0000, 1.0000, 1.0000],
        ...,
        [0.0784, 0.0000, 0.0000,  ..., 0.8407, 0.9986, 0.8435],
        [0.9828, 0.0000, 0.0172,  ..., 0.7935, 0.9991, 0.8339],
        [0.4715, 0.0000, 0.0366,  ..., 0.8006, 0.9991, 0.8334]],
       device='cuda:0')
/home/eirik/miniconda3/envs/GADBench/lib/python3.10/site-packages/xgboost/training.py:200: UserWarning: [17:20:52] WARNING: /__w/xgboost/xgboost/src/learner.cc:782: 
Parameters: { "drop_rate", "h_feats", "lr", "num_layers", "verbose" } are not used.

  bst.update(dtrain, iteration=i, fobj=obj)
/home/eirik/miniconda3/envs/GADBench/lib/python3.10/site-packages/xgboost/training.py:200: UserWarning: [17:20:53] WARNING: /__w/xgboost/xgboost/src/learner.cc:782: 
Parameters: { "verbose" } are not used.

  bst.update(dtrain, iteration=i, fobj=obj)

[tolokers | rwr_r0.1_M2 | split 1 | seed 3417]
  rwr: 15/15 subgraphs (n: min=500 med=500 max=500 | m: min=1040 med=3517 max=16218)
  Combined: N=7500 M=182930 train=3110 val=1597 unique_origs=4707
  Epoch 0, Loss 0.6895, Val AUROC 0.6917 AUPRC 0.4038 | Test AUROC 0.6802 AUPRC 0.3616
  Epoch 1, Loss 0.6835, Val AUROC 0.7018 AUPRC 0.4175 | Test AUROC 0.6879 AUPRC 0.3727
  Epoch 2, Loss 0.6771, Val AUROC 0.7058 AUPRC 0.4204 | Test AUROC 0.6893 AUPRC 0.3741
  Epoch 34, Loss 0.6046, Val AUROC 0.7256 AUPRC 0.4209 | Test AUROC 0.7108 AUPRC 0.3723
  Epoch 35, Loss 0.6038, Val AUROC 0.7262 AUPRC 0.4226 | Test AUROC 0.7108 AUPRC 0.3713
  Epoch 36, Loss 0.6029, Val AUROC 0.7267 AUPRC 0.4232 | Test AUROC 0.7110 AUPRC 0.3715
  Epoch 37, Loss 0.6022, Val AUROC 0.7273 AUPRC 0.4245 | Test AUROC 0.7115 AUPRC 0.3722
  Epoch 38, Loss 0.6016, Val AUROC 0.7279 AUPRC 0.4261 | Test AUROC 0.7122 AUPRC 0.3729
  Epoch 39, Loss 0.6011, Val AUROC 0.7284 AUPRC 0.4278 | Test AUROC 0.7131 AUPRC 0.3742
  Epoch 40, Loss 0.6004, Val AUROC 0.7294 AUPRC 0.4291 | Test AUROC 0.7135 AUPRC 0.3745
  Epoch 41, Loss 0.5998, Val AUROC 0.7303 AUPRC 0.4305 | Test AUROC 0.7137 AUPRC 0.3746
  Epoch 42, Loss 0.5991, Val AUROC 0.7310 AUPRC 0.4311 | Test AUROC 0.7140 AUPRC 0.3750
  Epoch 43, Loss 0.5985, Val AUROC 0.7316 AUPRC 0.4320 | Test AUROC 0.7142 AUPRC 0.3748
  Epoch 45, Loss 0.5972, Val AUROC 0.7316 AUPRC 0.4323 | Test AUROC 0.7152 AUPRC 0.3767
  Epoch 46, Loss 0.5966, Val AUROC 0.7315 AUPRC 0.4325 | Test AUROC 0.7155 AUPRC 0.3775
  Epoch 47, Loss 0.5960, Val AUROC 0.7321 AUPRC 0.4334 | Test AUROC 0.7156 AUPRC 0.3777
  Epoch 48, Loss 0.5955, Val AUROC 0.7327 AUPRC 0.4345 | Test AUROC 0.7157 AUPRC 0.3774
  Epoch 49, Loss 0.5950, Val AUROC 0.7335 AUPRC 0.4357 | Test AUROC 0.7159 AUPRC 0.3785
  Epoch 50, Loss 0.5944, Val AUROC 0.7347 AUPRC 0.4385 | Test AUROC 0.7161 AUPRC 0.3783
  Epoch 51, Loss 0.5940, Val AUROC 0.7350 AUPRC 0.4388 | Test AUROC 0.7165 AUPRC 0.3803
  Epoch 52, Loss 0.5936, Val AUROC 0.7357 AUPRC 0.4401 | Test AUROC 0.7168 AUPRC 0.3798
  Epoch 54, Loss 0.5929, Val AUROC 0.7360 AUPRC 0.4406 | Test AUROC 0.7173 AUPRC 0.3819
  Epoch 57, Loss 0.5907, Val AUROC 0.7364 AUPRC 0.4417 | Test AUROC 0.7171 AUPRC 0.3828
  Epoch 59, Loss 0.5902, Val AUROC 0.7377 AUPRC 0.4442 | Test AUROC 0.7167 AUPRC 0.3826
  Epoch 60, Loss 0.5898, Val AUROC 0.7379 AUPRC 0.4444 | Test AUROC 0.7162 AUPRC 0.3837
  Epoch 61, Loss 0.5891, Val AUROC 0.7384 AUPRC 0.4450 | Test AUROC 0.7163 AUPRC 0.3835
  Epoch 62, Loss 0.5885, Val AUROC 0.7383 AUPRC 0.4459 | Test AUROC 0.7160 AUPRC 0.3839
  Epoch 63, Loss 0.5881, Val AUROC 0.7384 AUPRC 0.4466 | Test AUROC 0.7158 AUPRC 0.3843
  Epoch 64, Loss 0.5877, Val AUROC 0.7387 AUPRC 0.4480 | Test AUROC 0.7158 AUPRC 0.3845
  Epoch 65, Loss 0.5873, Val AUROC 0.7389 AUPRC 0.4480 | Test AUROC 0.7153 AUPRC 0.3846
  Epoch 66, Loss 0.5870, Val AUROC 0.7394 AUPRC 0.4488 | Test AUROC 0.7155 AUPRC 0.3843
  Epoch 67, Loss 0.5866, Val AUROC 0.7393 AUPRC 0.4493 | Test AUROC 0.7150 AUPRC 0.3850
  Epoch 68, Loss 0.5862, Val AUROC 0.7397 AUPRC 0.4504 | Test AUROC 0.7150 AUPRC 0.3850
  Epoch 69, Loss 0.5858, Val AUROC 0.7396 AUPRC 0.4506 | Test AUROC 0.7146 AUPRC 0.3851
  Epoch 70, Loss 0.5854, Val AUROC 0.7399 AUPRC 0.4514 | Test AUROC 0.7144 AUPRC 0.3849
  Epoch 71, Loss 0.5851, Val AUROC 0.7401 AUPRC 0.4516 | Test AUROC 0.7142 AUPRC 0.3857
  Epoch 72, Loss 0.5847, Val AUROC 0.7402 AUPRC 0.4524 | Test AUROC 0.7142 AUPRC 0.3854
  Epoch 73, Loss 0.5844, Val AUROC 0.7404 AUPRC 0.4527 | Test AUROC 0.7139 AUPRC 0.3859
  Epoch 74, Loss 0.5841, Val AUROC 0.7406 AUPRC 0.4535 | Test AUROC 0.7143 AUPRC 0.3863
  Epoch 76, Loss 0.5844, Val AUROC 0.7406 AUPRC 0.4538 | Test AUROC 0.7142 AUPRC 0.3856
  Epoch 78, Loss 0.5855, Val AUROC 0.7415 AUPRC 0.4546 | Test AUROC 0.7135 AUPRC 0.3852
  Epoch 79, Loss 0.5834, Val AUROC 0.7416 AUPRC 0.4551 | Test AUROC 0.7134 AUPRC 0.3848
  Epoch 80, Loss 0.5825, Val AUROC 0.7416 AUPRC 0.4558 | Test AUROC 0.7123 AUPRC 0.3851
  Epoch 81, Loss 0.5839, Val AUROC 0.7429 AUPRC 0.4561 | Test AUROC 0.7127 AUPRC 0.3839
  Epoch 82, Loss 0.5829, Val AUROC 0.7423 AUPRC 0.4570 | Test AUROC 0.7127 AUPRC 0.3842
  Epoch 84, Loss 0.5827, Val AUROC 0.7419 AUPRC 0.4573 | Test AUROC 0.7128 AUPRC 0.3839
  Epoch 87, Loss 0.5816, Val AUROC 0.7425 AUPRC 0.4573 | Test AUROC 0.7126 AUPRC 0.3843
  Epoch 88, Loss 0.5809, Val AUROC 0.7430 AUPRC 0.4577 | Test AUROC 0.7124 AUPRC 0.3846
  Epoch 89, Loss 0.5800, Val AUROC 0.7428 AUPRC 0.4589 | Test AUROC 0.7119 AUPRC 0.3851
  Epoch 90, Loss 0.5805, Val AUROC 0.7435 AUPRC 0.4595 | Test AUROC 0.7122 AUPRC 0.3842
  Epoch 91, Loss 0.5798, Val AUROC 0.7436 AUPRC 0.4598 | Test AUROC 0.7121 AUPRC 0.3844
  Epoch 93, Loss 0.5796, Val AUROC 0.7438 AUPRC 0.4609 | Test AUROC 0.7117 AUPRC 0.3843
  Epoch 96, Loss 0.5787, Val AUROC 0.7442 AUPRC 0.4610 | Test AUROC 0.7112 AUPRC 0.3845
  Epoch 97, Loss 0.5780, Val AUROC 0.7444 AUPRC 0.4611 | Test AUROC 0.7111 AUPRC 0.3842
  Epoch 98, Loss 0.5779, Val AUROC 0.7441 AUPRC 0.4616 | Test AUROC 0.7109 AUPRC 0.3847
  Epoch 107, Loss 0.5754, Val AUROC 0.7442 AUPRC 0.4617 | Test AUROC 0.7096 AUPRC 0.3833
  Epoch 0, Loss 0.7205, Val AUROC 0.5196 AUPRC 0.2434 | Test AUROC 0.4856 AUPRC 0.2069
  Epoch 1, Loss 0.6966, Val AUROC 0.6568 AUPRC 0.3509 | Test AUROC 0.6688 AUPRC 0.3143
  Epoch 2, Loss 0.6774, Val AUROC 0.6731 AUPRC 0.3601 | Test AUROC 0.6996 AUPRC 0.3373
  Epoch 16, Loss 0.6081, Val AUROC 0.6878 AUPRC 0.3606 | Test AUROC 0.7292 AUPRC 0.3590
  Epoch 17, Loss 0.6063, Val AUROC 0.6899 AUPRC 0.3617 | Test AUROC 0.7298 AUPRC 0.3597
  Epoch 18, Loss 0.6046, Val AUROC 0.6920 AUPRC 0.3631 | Test AUROC 0.7304 AUPRC 0.3596
  Epoch 19, Loss 0.6031, Val AUROC 0.6940 AUPRC 0.3640 | Test AUROC 0.7312 AUPRC 0.3602
  Epoch 20, Loss 0.6016, Val AUROC 0.6961 AUPRC 0.3651 | Test AUROC 0.7320 AUPRC 0.3605
  Epoch 24, Loss 0.5964, Val AUROC 0.7040 AUPRC 0.3663 | Test AUROC 0.7341 AUPRC 0.3583
  Epoch 25, Loss 0.5954, Val AUROC 0.7059 AUPRC 0.3674 | Test AUROC 0.7342 AUPRC 0.3581
  Epoch 26, Loss 0.5945, Val AUROC 0.7075 AUPRC 0.3692 | Test AUROC 0.7343 AUPRC 0.3579
  Epoch 27, Loss 0.5936, Val AUROC 0.7089 AUPRC 0.3704 | Test AUROC 0.7343 AUPRC 0.3581
  Epoch 28, Loss 0.5928, Val AUROC 0.7097 AUPRC 0.3716 | Test AUROC 0.7344 AUPRC 0.3584
  Epoch 29, Loss 0.5919, Val AUROC 0.7104 AUPRC 0.3726 | Test AUROC 0.7345 AUPRC 0.3589
  Epoch 30, Loss 0.5910, Val AUROC 0.7109 AUPRC 0.3746 | Test AUROC 0.7348 AUPRC 0.3597
  Epoch 31, Loss 0.5901, Val AUROC 0.7113 AUPRC 0.3758 | Test AUROC 0.7351 AUPRC 0.3606
  Epoch 32, Loss 0.5893, Val AUROC 0.7115 AUPRC 0.3777 | Test AUROC 0.7357 AUPRC 0.3619
  Epoch 33, Loss 0.5885, Val AUROC 0.7117 AUPRC 0.3787 | Test AUROC 0.7363 AUPRC 0.3642
  Epoch 34, Loss 0.5878, Val AUROC 0.7121 AUPRC 0.3803 | Test AUROC 0.7370 AUPRC 0.3650
  Epoch 35, Loss 0.5872, Val AUROC 0.7126 AUPRC 0.3806 | Test AUROC 0.7377 AUPRC 0.3655
  Epoch 36, Loss 0.5866, Val AUROC 0.7135 AUPRC 0.3811 | Test AUROC 0.7382 AUPRC 0.3658
  Epoch 37, Loss 0.5861, Val AUROC 0.7144 AUPRC 0.3818 | Test AUROC 0.7388 AUPRC 0.3662
  Epoch 39, Loss 0.5853, Val AUROC 0.7160 AUPRC 0.3824 | Test AUROC 0.7399 AUPRC 0.3673
  Epoch 40, Loss 0.5850, Val AUROC 0.7159 AUPRC 0.3824 | Test AUROC 0.7403 AUPRC 0.3679
  Epoch 42, Loss 0.5839, Val AUROC 0.7161 AUPRC 0.3839 | Test AUROC 0.7413 AUPRC 0.3701
  Epoch 43, Loss 0.5834, Val AUROC 0.7163 AUPRC 0.3857 | Test AUROC 0.7416 AUPRC 0.3703
  Epoch 44, Loss 0.5832, Val AUROC 0.7166 AUPRC 0.3866 | Test AUROC 0.7420 AUPRC 0.3713
  Epoch 45, Loss 0.5829, Val AUROC 0.7170 AUPRC 0.3872 | Test AUROC 0.7422 AUPRC 0.3714
  Epoch 46, Loss 0.5825, Val AUROC 0.7176 AUPRC 0.3881 | Test AUROC 0.7422 AUPRC 0.3712
  Epoch 47, Loss 0.5821, Val AUROC 0.7185 AUPRC 0.3901 | Test AUROC 0.7422 AUPRC 0.3706
  Epoch 48, Loss 0.5818, Val AUROC 0.7192 AUPRC 0.3905 | Test AUROC 0.7420 AUPRC 0.3698
  Epoch 49, Loss 0.5815, Val AUROC 0.7198 AUPRC 0.3926 | Test AUROC 0.7419 AUPRC 0.3693
  Epoch 50, Loss 0.5812, Val AUROC 0.7202 AUPRC 0.3955 | Test AUROC 0.7418 AUPRC 0.3691
  Epoch 51, Loss 0.5809, Val AUROC 0.7207 AUPRC 0.3982 | Test AUROC 0.7418 AUPRC 0.3690
  Epoch 52, Loss 0.5807, Val AUROC 0.7210 AUPRC 0.3983 | Test AUROC 0.7417 AUPRC 0.3689
  Epoch 53, Loss 0.5805, Val AUROC 0.7211 AUPRC 0.3984 | Test AUROC 0.7417 AUPRC 0.3693
  Epoch 54, Loss 0.5802, Val AUROC 0.7211 AUPRC 0.3992 | Test AUROC 0.7418 AUPRC 0.3695
  Epoch 55, Loss 0.5800, Val AUROC 0.7213 AUPRC 0.3998 | Test AUROC 0.7419 AUPRC 0.3695
  Epoch 56, Loss 0.5799, Val AUROC 0.7214 AUPRC 0.4003 | Test AUROC 0.7420 AUPRC 0.3695
  Epoch 57, Loss 0.5797, Val AUROC 0.7217 AUPRC 0.4008 | Test AUROC 0.7421 AUPRC 0.3693
  Epoch 0, Loss 0.7120, Val AUROC 0.5658 AUPRC 0.2833 | Test AUROC 0.5612 AUPRC 0.2557
  Epoch 1, Loss 0.7844, Val AUROC 0.6689 AUPRC 0.3378 | Test AUROC 0.6859 AUPRC 0.3294
  Epoch 2, Loss 0.6753, Val AUROC 0.6934 AUPRC 0.3700 | Test AUROC 0.7232 AUPRC 0.3763
  Epoch 11, Loss 0.6226, Val AUROC 0.7018 AUPRC 0.3767 | Test AUROC 0.7378 AUPRC 0.3807
  Epoch 12, Loss 0.6196, Val AUROC 0.7049 AUPRC 0.3789 | Test AUROC 0.7354 AUPRC 0.3729
  Epoch 15, Loss 0.6101, Val AUROC 0.7086 AUPRC 0.3809 | Test AUROC 0.7337 AUPRC 0.3653
  Epoch 16, Loss 0.6003, Val AUROC 0.7111 AUPRC 0.3901 | Test AUROC 0.7378 AUPRC 0.3726
  Epoch 17, Loss 0.5940, Val AUROC 0.7132 AUPRC 0.3956 | Test AUROC 0.7418 AUPRC 0.3829
  Epoch 18, Loss 0.5966, Val AUROC 0.7149 AUPRC 0.3975 | Test AUROC 0.7432 AUPRC 0.3867
  Epoch 19, Loss 0.5951, Val AUROC 0.7169 AUPRC 0.3994 | Test AUROC 0.7429 AUPRC 0.3838
  Epoch 20, Loss 0.5882, Val AUROC 0.7190 AUPRC 0.4010 | Test AUROC 0.7407 AUPRC 0.3771
  Epoch 21, Loss 0.5843, Val AUROC 0.7208 AUPRC 0.4027 | Test AUROC 0.7389 AUPRC 0.3739
  Epoch 22, Loss 0.5855, Val AUROC 0.7245 AUPRC 0.4093 | Test AUROC 0.7404 AUPRC 0.3785
  Epoch 23, Loss 0.5827, Val AUROC 0.7296 AUPRC 0.4208 | Test AUROC 0.7444 AUPRC 0.3884
  Epoch 24, Loss 0.5767, Val AUROC 0.7341 AUPRC 0.4278 | Test AUROC 0.7472 AUPRC 0.3972
  Epoch 25, Loss 0.5747, Val AUROC 0.7388 AUPRC 0.4344 | Test AUROC 0.7493 AUPRC 0.4044
  Epoch 26, Loss 0.5745, Val AUROC 0.7422 AUPRC 0.4391 | Test AUROC 0.7499 AUPRC 0.4051
  Epoch 27, Loss 0.5714, Val AUROC 0.7449 AUPRC 0.4437 | Test AUROC 0.7499 AUPRC 0.4032
  Epoch 28, Loss 0.5676, Val AUROC 0.7458 AUPRC 0.4439 | Test AUROC 0.7513 AUPRC 0.4031
  Epoch 29, Loss 0.5666, Val AUROC 0.7473 AUPRC 0.4441 | Test AUROC 0.7540 AUPRC 0.4103
  Epoch 30, Loss 0.5644, Val AUROC 0.7497 AUPRC 0.4446 | Test AUROC 0.7575 AUPRC 0.4202
  Epoch 31, Loss 0.5606, Val AUROC 0.7512 AUPRC 0.4449 | Test AUROC 0.7592 AUPRC 0.4280
  Epoch 36, Loss 0.5520, Val AUROC 0.7562 AUPRC 0.4492 | Test AUROC 0.7579 AUPRC 0.4315
  Epoch 37, Loss 0.5496, Val AUROC 0.7571 AUPRC 0.4505 | Test AUROC 0.7547 AUPRC 0.4280
  Epoch 38, Loss 0.5490, Val AUROC 0.7576 AUPRC 0.4513 | Test AUROC 0.7550 AUPRC 0.4278
  Epoch 39, Loss 0.5467, Val AUROC 0.7582 AUPRC 0.4531 | Test AUROC 0.7577 AUPRC 0.4305
  Epoch 41, Loss 0.5438, Val AUROC 0.7591 AUPRC 0.4542 | Test AUROC 0.7578 AUPRC 0.4309
  Epoch 42, Loss 0.5411, Val AUROC 0.7596 AUPRC 0.4547 | Test AUROC 0.7569 AUPRC 0.4297
  Epoch 43, Loss 0.5400, Val AUROC 0.7595 AUPRC 0.4556 | Test AUROC 0.7578 AUPRC 0.4301
  Epoch 44, Loss 0.5378, Val AUROC 0.7591 AUPRC 0.4573 | Test AUROC 0.7590 AUPRC 0.4305
  Epoch 45, Loss 0.5366, Val AUROC 0.7600 AUPRC 0.4581 | Test AUROC 0.7579 AUPRC 0.4298
  Epoch 46, Loss 0.5344, Val AUROC 0.7613 AUPRC 0.4615 | Test AUROC 0.7551 AUPRC 0.4273
  Epoch 47, Loss 0.5329, Val AUROC 0.7618 AUPRC 0.4632 | Test AUROC 0.7540 AUPRC 0.4260
  Epoch 48, Loss 0.5310, Val AUROC 0.7619 AUPRC 0.4638 | Test AUROC 0.7548 AUPRC 0.4267
  Epoch 49, Loss 0.5297, Val AUROC 0.7627 AUPRC 0.4639 | Test AUROC 0.7544 AUPRC 0.4264
  Epoch 53, Loss 0.5233, Val AUROC 0.7637 AUPRC 0.4647 | Test AUROC 0.7518 AUPRC 0.4216
  Epoch 54, Loss 0.5213, Val AUROC 0.7645 AUPRC 0.4669 | Test AUROC 0.7513 AUPRC 0.4210
  Epoch 57, Loss 0.5161, Val AUROC 0.7652 AUPRC 0.4674 | Test AUROC 0.7521 AUPRC 0.4239
  Epoch 59, Loss 0.5130, Val AUROC 0.7649 AUPRC 0.4686 | Test AUROC 0.7509 AUPRC 0.4237
  Epoch 62, Loss 0.5068, Val AUROC 0.7655 AUPRC 0.4696 | Test AUROC 0.7512 AUPRC 0.4227
  Epoch 64, Loss 0.5034, Val AUROC 0.7654 AUPRC 0.4714 | Test AUROC 0.7483 AUPRC 0.4180
tensor([[0.9136, 0.0741, 0.0123,  ..., 0.3827, 0.9976, 0.9406],
        [0.8596, 0.0877, 0.0526,  ..., 0.3857, 0.9974, 0.9386],
        [0.4579, 0.5299, 0.0122,  ..., 0.4253, 0.9967, 0.9283],
        ...,
        [0.5161, 0.0000, 0.0000,  ..., 0.7333, 1.0000, 0.7417],
        [0.8095, 0.0000, 0.0794,  ..., 0.8393, 1.0000, 0.8750],
        [0.6613, 0.1774, 0.0645,  ..., 0.8413, 1.0000, 0.9643]],
       device='cuda:0')
tensor([[0.8070, 0.0322, 0.0221,  ..., 1.0000, 1.0000, 1.0000],
        [0.0000, 0.0000, 0.0000,  ..., 0.0000, 1.0000, 1.0000],
        [0.0000, 0.0000, 0.2000,  ..., 0.0000, 1.0000, 1.0000],
        ...,
        [0.0784, 0.0000, 0.0000,  ..., 0.8407, 0.9986, 0.8435],
        [0.9828, 0.0000, 0.0172,  ..., 0.7935, 0.9991, 0.8339],
        [0.4715, 0.0000, 0.0366,  ..., 0.8006, 0.9991, 0.8334]],
       device='cuda:0')
/home/eirik/miniconda3/envs/GADBench/lib/python3.10/site-packages/xgboost/training.py:200: UserWarning: [17:21:11] WARNING: /__w/xgboost/xgboost/src/learner.cc:782: 
Parameters: { "drop_rate", "h_feats", "lr", "num_layers", "verbose" } are not used.

  bst.update(dtrain, iteration=i, fobj=obj)
/home/eirik/miniconda3/envs/GADBench/lib/python3.10/site-packages/xgboost/training.py:200: UserWarning: [17:21:11] WARNING: /__w/xgboost/xgboost/src/learner.cc:782: 
Parameters: { "verbose" } are not used.

  bst.update(dtrain, iteration=i, fobj=obj)

[tolokers | rwr_r0.15_M1 | split 1 | seed 3417]
  rwr: 12/15 subgraphs (n: min=2 med=500 max=500 | m: min=1 med=2867 max=13874)
  Combined: N=5329 M=100000 train=3550 val=1779 unique_origs=5329
  Epoch 0, Loss 0.6866, Val AUROC 0.6962 AUPRC 0.3950 | Test AUROC 0.6805 AUPRC 0.3612
  Epoch 1, Loss 0.6780, Val AUROC 0.7029 AUPRC 0.4039 | Test AUROC 0.6866 AUPRC 0.3709
  Epoch 2, Loss 0.6686, Val AUROC 0.7061 AUPRC 0.4060 | Test AUROC 0.6880 AUPRC 0.3731
  Epoch 3, Loss 0.6574, Val AUROC 0.7070 AUPRC 0.4062 | Test AUROC 0.6895 AUPRC 0.3737
  Epoch 36, Loss 0.5770, Val AUROC 0.7283 AUPRC 0.4077 | Test AUROC 0.7193 AUPRC 0.3890
  Epoch 37, Loss 0.5764, Val AUROC 0.7290 AUPRC 0.4086 | Test AUROC 0.7192 AUPRC 0.3897
  Epoch 38, Loss 0.5759, Val AUROC 0.7296 AUPRC 0.4099 | Test AUROC 0.7200 AUPRC 0.3912
  Epoch 39, Loss 0.5752, Val AUROC 0.7302 AUPRC 0.4104 | Test AUROC 0.7196 AUPRC 0.3911
  Epoch 40, Loss 0.5746, Val AUROC 0.7310 AUPRC 0.4120 | Test AUROC 0.7205 AUPRC 0.3922
  Epoch 41, Loss 0.5739, Val AUROC 0.7320 AUPRC 0.4137 | Test AUROC 0.7205 AUPRC 0.3923
  Epoch 42, Loss 0.5733, Val AUROC 0.7329 AUPRC 0.4147 | Test AUROC 0.7212 AUPRC 0.3930
  Epoch 43, Loss 0.5728, Val AUROC 0.7340 AUPRC 0.4173 | Test AUROC 0.7224 AUPRC 0.3944
  Epoch 44, Loss 0.5722, Val AUROC 0.7348 AUPRC 0.4183 | Test AUROC 0.7225 AUPRC 0.3948
  Epoch 45, Loss 0.5718, Val AUROC 0.7356 AUPRC 0.4205 | Test AUROC 0.7242 AUPRC 0.3964
  Epoch 47, Loss 0.5710, Val AUROC 0.7372 AUPRC 0.4226 | Test AUROC 0.7253 AUPRC 0.3976
  Epoch 49, Loss 0.5699, Val AUROC 0.7380 AUPRC 0.4237 | Test AUROC 0.7248 AUPRC 0.3965
  Epoch 52, Loss 0.5682, Val AUROC 0.7381 AUPRC 0.4242 | Test AUROC 0.7241 AUPRC 0.3990
  Epoch 54, Loss 0.5676, Val AUROC 0.7382 AUPRC 0.4265 | Test AUROC 0.7238 AUPRC 0.4004
  Epoch 56, Loss 0.5667, Val AUROC 0.7395 AUPRC 0.4285 | Test AUROC 0.7227 AUPRC 0.3981
  Epoch 57, Loss 0.5662, Val AUROC 0.7404 AUPRC 0.4292 | Test AUROC 0.7221 AUPRC 0.3976
  Epoch 58, Loss 0.5658, Val AUROC 0.7410 AUPRC 0.4296 | Test AUROC 0.7203 AUPRC 0.3961
  Epoch 59, Loss 0.5655, Val AUROC 0.7419 AUPRC 0.4306 | Test AUROC 0.7219 AUPRC 0.3980
  Epoch 60, Loss 0.5653, Val AUROC 0.7415 AUPRC 0.4307 | Test AUROC 0.7191 AUPRC 0.3978
  Epoch 62, Loss 0.5647, Val AUROC 0.7424 AUPRC 0.4313 | Test AUROC 0.7194 AUPRC 0.3998
  Epoch 63, Loss 0.5641, Val AUROC 0.7438 AUPRC 0.4314 | Test AUROC 0.7203 AUPRC 0.4007
  Epoch 64, Loss 0.5636, Val AUROC 0.7447 AUPRC 0.4325 | Test AUROC 0.7191 AUPRC 0.3995
  Epoch 65, Loss 0.5633, Val AUROC 0.7445 AUPRC 0.4329 | Test AUROC 0.7170 AUPRC 0.3983
  Epoch 66, Loss 0.5631, Val AUROC 0.7450 AUPRC 0.4335 | Test AUROC 0.7194 AUPRC 0.3998
  Epoch 68, Loss 0.5628, Val AUROC 0.7454 AUPRC 0.4343 | Test AUROC 0.7176 AUPRC 0.3992
  Epoch 70, Loss 0.5620, Val AUROC 0.7459 AUPRC 0.4344 | Test AUROC 0.7148 AUPRC 0.3974
  Epoch 71, Loss 0.5614, Val AUROC 0.7461 AUPRC 0.4347 | Test AUROC 0.7143 AUPRC 0.3974
  Epoch 73, Loss 0.5610, Val AUROC 0.7466 AUPRC 0.4360 | Test AUROC 0.7151 AUPRC 0.3984
  Epoch 75, Loss 0.5608, Val AUROC 0.7473 AUPRC 0.4372 | Test AUROC 0.7137 AUPRC 0.3977
  Epoch 78, Loss 0.5595, Val AUROC 0.7472 AUPRC 0.4374 | Test AUROC 0.7112 AUPRC 0.3959
  Epoch 80, Loss 0.5591, Val AUROC 0.7477 AUPRC 0.4383 | Test AUROC 0.7109 AUPRC 0.3963
  Epoch 82, Loss 0.5585, Val AUROC 0.7483 AUPRC 0.4396 | Test AUROC 0.7112 AUPRC 0.3965
  Epoch 84, Loss 0.5580, Val AUROC 0.7493 AUPRC 0.4410 | Test AUROC 0.7088 AUPRC 0.3955
  Epoch 92, Loss 0.5572, Val AUROC 0.7498 AUPRC 0.4412 | Test AUROC 0.7092 AUPRC 0.3961
  Epoch 118, Loss 0.5508, Val AUROC 0.7532 AUPRC 0.4422 | Test AUROC 0.7073 AUPRC 0.3959
  Epoch 121, Loss 0.5479, Val AUROC 0.7541 AUPRC 0.4423 | Test AUROC 0.7049 AUPRC 0.3952
  Epoch 123, Loss 0.5483, Val AUROC 0.7548 AUPRC 0.4429 | Test AUROC 0.7050 AUPRC 0.3946
  Epoch 128, Loss 0.5466, Val AUROC 0.7563 AUPRC 0.4445 | Test AUROC 0.7033 AUPRC 0.3936
  Epoch 133, Loss 0.5448, Val AUROC 0.7569 AUPRC 0.4449 | Test AUROC 0.7023 AUPRC 0.3930
  Epoch 135, Loss 0.5451, Val AUROC 0.7569 AUPRC 0.4455 | Test AUROC 0.7049 AUPRC 0.3950
  Epoch 142, Loss 0.5429, Val AUROC 0.7578 AUPRC 0.4465 | Test AUROC 0.7034 AUPRC 0.3949
  Epoch 144, Loss 0.5437, Val AUROC 0.7581 AUPRC 0.4481 | Test AUROC 0.7044 AUPRC 0.3940
  Epoch 156, Loss 0.5405, Val AUROC 0.7591 AUPRC 0.4485 | Test AUROC 0.7031 AUPRC 0.3934
  Epoch 159, Loss 0.5381, Val AUROC 0.7593 AUPRC 0.4486 | Test AUROC 0.6999 AUPRC 0.3918
  Epoch 161, Loss 0.5399, Val AUROC 0.7593 AUPRC 0.4501 | Test AUROC 0.7023 AUPRC 0.3929
  Epoch 166, Loss 0.5382, Val AUROC 0.7604 AUPRC 0.4524 | Test AUROC 0.7002 AUPRC 0.3906
  Epoch 185, Loss 0.5319, Val AUROC 0.7593 AUPRC 0.4524 | Test AUROC 0.6925 AUPRC 0.3879
  Epoch 186, Loss 0.5317, Val AUROC 0.7597 AUPRC 0.4528 | Test AUROC 0.6942 AUPRC 0.3883
  Epoch 190, Loss 0.5321, Val AUROC 0.7605 AUPRC 0.4537 | Test AUROC 0.6943 AUPRC 0.3880
  Epoch 0, Loss 0.7308, Val AUROC 0.5339 AUPRC 0.2560 | Test AUROC 0.5009 AUPRC 0.2145
  Epoch 1, Loss 0.6966, Val AUROC 0.6855 AUPRC 0.3741 | Test AUROC 0.6854 AUPRC 0.3275
  Epoch 31, Loss 0.5674, Val AUROC 0.7267 AUPRC 0.3764 | Test AUROC 0.7464 AUPRC 0.3778
  Epoch 32, Loss 0.5661, Val AUROC 0.7279 AUPRC 0.3821 | Test AUROC 0.7482 AUPRC 0.3826
  Epoch 33, Loss 0.5649, Val AUROC 0.7291 AUPRC 0.3904 | Test AUROC 0.7491 AUPRC 0.3848
  Epoch 34, Loss 0.5639, Val AUROC 0.7304 AUPRC 0.3971 | Test AUROC 0.7495 AUPRC 0.3864
  Epoch 35, Loss 0.5630, Val AUROC 0.7311 AUPRC 0.3996 | Test AUROC 0.7496 AUPRC 0.3889
  Epoch 36, Loss 0.5622, Val AUROC 0.7318 AUPRC 0.4021 | Test AUROC 0.7494 AUPRC 0.3899
  Epoch 38, Loss 0.5611, Val AUROC 0.7317 AUPRC 0.4028 | Test AUROC 0.7496 AUPRC 0.3923
  Epoch 48, Loss 0.5575, Val AUROC 0.7347 AUPRC 0.4037 | Test AUROC 0.7513 AUPRC 0.3959
  Epoch 49, Loss 0.5572, Val AUROC 0.7350 AUPRC 0.4043 | Test AUROC 0.7513 AUPRC 0.3953
  Epoch 53, Loss 0.5564, Val AUROC 0.7346 AUPRC 0.4044 | Test AUROC 0.7520 AUPRC 0.3962
  Epoch 54, Loss 0.5563, Val AUROC 0.7348 AUPRC 0.4047 | Test AUROC 0.7519 AUPRC 0.3957
  Epoch 55, Loss 0.5561, Val AUROC 0.7358 AUPRC 0.4052 | Test AUROC 0.7519 AUPRC 0.3946
  Epoch 56, Loss 0.5560, Val AUROC 0.7365 AUPRC 0.4063 | Test AUROC 0.7519 AUPRC 0.3938
  Epoch 57, Loss 0.5558, Val AUROC 0.7370 AUPRC 0.4072 | Test AUROC 0.7520 AUPRC 0.3933
  Epoch 58, Loss 0.5557, Val AUROC 0.7374 AUPRC 0.4077 | Test AUROC 0.7520 AUPRC 0.3927
  Epoch 0, Loss 0.7125, Val AUROC 0.5929 AUPRC 0.3076 | Test AUROC 0.5756 AUPRC 0.2635
  Epoch 1, Loss 0.7650, Val AUROC 0.6860 AUPRC 0.3486 | Test AUROC 0.6967 AUPRC 0.3403
  Epoch 2, Loss 0.6662, Val AUROC 0.6991 AUPRC 0.3492 | Test AUROC 0.7282 AUPRC 0.3754
  Epoch 5, Loss 0.6327, Val AUROC 0.7025 AUPRC 0.3498 | Test AUROC 0.7312 AUPRC 0.3706
  Epoch 6, Loss 0.6231, Val AUROC 0.7036 AUPRC 0.3529 | Test AUROC 0.7303 AUPRC 0.3655
  Epoch 7, Loss 0.6356, Val AUROC 0.7060 AUPRC 0.3539 | Test AUROC 0.7348 AUPRC 0.3702
  Epoch 8, Loss 0.6237, Val AUROC 0.7086 AUPRC 0.3559 | Test AUROC 0.7407 AUPRC 0.3787
  Epoch 9, Loss 0.6037, Val AUROC 0.7099 AUPRC 0.3616 | Test AUROC 0.7449 AUPRC 0.3892
  Epoch 10, Loss 0.6038, Val AUROC 0.7114 AUPRC 0.3705 | Test AUROC 0.7460 AUPRC 0.3949
  Epoch 11, Loss 0.6098, Val AUROC 0.7132 AUPRC 0.3713 | Test AUROC 0.7464 AUPRC 0.3940
  Epoch 13, Loss 0.5883, Val AUROC 0.7177 AUPRC 0.3713 | Test AUROC 0.7440 AUPRC 0.3823
  Epoch 14, Loss 0.5925, Val AUROC 0.7198 AUPRC 0.3747 | Test AUROC 0.7444 AUPRC 0.3834
  Epoch 15, Loss 0.5931, Val AUROC 0.7223 AUPRC 0.3820 | Test AUROC 0.7473 AUPRC 0.3921
  Epoch 16, Loss 0.5820, Val AUROC 0.7250 AUPRC 0.3928 | Test AUROC 0.7488 AUPRC 0.4004
  Epoch 17, Loss 0.5767, Val AUROC 0.7278 AUPRC 0.4003 | Test AUROC 0.7494 AUPRC 0.4072
  Epoch 18, Loss 0.5786, Val AUROC 0.7308 AUPRC 0.4070 | Test AUROC 0.7509 AUPRC 0.4114
  Epoch 19, Loss 0.5759, Val AUROC 0.7343 AUPRC 0.4122 | Test AUROC 0.7529 AUPRC 0.4138
  Epoch 20, Loss 0.5690, Val AUROC 0.7376 AUPRC 0.4138 | Test AUROC 0.7543 AUPRC 0.4132
  Epoch 22, Loss 0.5675, Val AUROC 0.7414 AUPRC 0.4181 | Test AUROC 0.7565 AUPRC 0.4111
  Epoch 23, Loss 0.5634, Val AUROC 0.7420 AUPRC 0.4248 | Test AUROC 0.7585 AUPRC 0.4166
  Epoch 24, Loss 0.5583, Val AUROC 0.7427 AUPRC 0.4280 | Test AUROC 0.7586 AUPRC 0.4183
  Epoch 25, Loss 0.5578, Val AUROC 0.7434 AUPRC 0.4291 | Test AUROC 0.7573 AUPRC 0.4162
  Epoch 26, Loss 0.5557, Val AUROC 0.7449 AUPRC 0.4324 | Test AUROC 0.7566 AUPRC 0.4146
  Epoch 32, Loss 0.5424, Val AUROC 0.7514 AUPRC 0.4341 | Test AUROC 0.7511 AUPRC 0.4111
  Epoch 33, Loss 0.5392, Val AUROC 0.7533 AUPRC 0.4383 | Test AUROC 0.7540 AUPRC 0.4114
  Epoch 34, Loss 0.5371, Val AUROC 0.7548 AUPRC 0.4406 | Test AUROC 0.7554 AUPRC 0.4123
  Epoch 42, Loss 0.5197, Val AUROC 0.7585 AUPRC 0.4409 | Test AUROC 0.7516 AUPRC 0.3970
tensor([[0.9136, 0.0741, 0.0123,  ..., 0.3596, 0.9977, 0.9398],
        [0.8596, 0.0877, 0.0526,  ..., 0.3583, 0.9978, 0.9350],
        [0.4579, 0.5299, 0.0122,  ..., 0.3904, 0.9968, 0.9256],
        ...,
        [0.2222, 0.0000, 0.0000,  ..., 1.0000, 1.0000, 0.5833],
        [0.5000, 0.0000, 0.5000,  ..., 1.0000, 1.0000, 1.0000],
        [0.0000, 0.3333, 0.6667,  ..., 1.0000, 1.0000, 1.0000]],
       device='cuda:0')
tensor([[0.8070, 0.0322, 0.0221,  ..., 1.0000, 1.0000, 1.0000],
        [0.0000, 0.0000, 0.0000,  ..., 0.0000, 1.0000, 1.0000],
        [0.0000, 0.0000, 0.2000,  ..., 0.0000, 1.0000, 1.0000],
        ...,
        [0.0784, 0.0000, 0.0000,  ..., 0.8407, 0.9986, 0.8435],
        [0.9828, 0.0000, 0.0172,  ..., 0.7935, 0.9991, 0.8339],
        [0.4715, 0.0000, 0.0366,  ..., 0.8006, 0.9991, 0.8334]],
       device='cuda:0')
/home/eirik/miniconda3/envs/GADBench/lib/python3.10/site-packages/xgboost/training.py:200: UserWarning: [17:21:28] WARNING: /__w/xgboost/xgboost/src/learner.cc:782: 
Parameters: { "drop_rate", "h_feats", "lr", "num_layers", "verbose" } are not used.

  bst.update(dtrain, iteration=i, fobj=obj)
/home/eirik/miniconda3/envs/GADBench/lib/python3.10/site-packages/xgboost/training.py:200: UserWarning: [17:21:28] WARNING: /__w/xgboost/xgboost/src/learner.cc:782: 
Parameters: { "verbose" } are not used.

  bst.update(dtrain, iteration=i, fobj=obj)

[tolokers | rwr_r0.15_M2 | split 1 | seed 3417]
  rwr: 14/15 subgraphs (n: min=500 med=500 max=500 | m: min=1491 med=5769 max=14834)
  Combined: N=7000 M=201856 train=2976 val=1489 unique_origs=4465
  Epoch 0, Loss 0.6880, Val AUROC 0.6908 AUPRC 0.4052 | Test AUROC 0.6802 AUPRC 0.3610
  Epoch 1, Loss 0.6807, Val AUROC 0.6967 AUPRC 0.4169 | Test AUROC 0.6882 AUPRC 0.3712
  Epoch 0, Loss 0.7299, Val AUROC 0.4631 AUPRC 0.2118 | Test AUROC 0.4869 AUPRC 0.2088
  Epoch 1, Loss 0.6974, Val AUROC 0.6486 AUPRC 0.3329 | Test AUROC 0.6675 AUPRC 0.3095
  Epoch 2, Loss 0.6722, Val AUROC 0.6849 AUPRC 0.3558 | Test AUROC 0.6944 AUPRC 0.3280
  Epoch 3, Loss 0.6523, Val AUROC 0.6955 AUPRC 0.3565 | Test AUROC 0.7055 AUPRC 0.3392
  Epoch 4, Loss 0.6366, Val AUROC 0.6988 AUPRC 0.3567 | Test AUROC 0.7105 AUPRC 0.3462
  Epoch 11, Loss 0.5930, Val AUROC 0.7110 AUPRC 0.3582 | Test AUROC 0.7179 AUPRC 0.3507
  Epoch 12, Loss 0.5906, Val AUROC 0.7124 AUPRC 0.3608 | Test AUROC 0.7184 AUPRC 0.3498
  Epoch 13, Loss 0.5885, Val AUROC 0.7133 AUPRC 0.3631 | Test AUROC 0.7186 AUPRC 0.3490
  Epoch 14, Loss 0.5869, Val AUROC 0.7138 AUPRC 0.3639 | Test AUROC 0.7182 AUPRC 0.3484
  Epoch 15, Loss 0.5854, Val AUROC 0.7141 AUPRC 0.3649 | Test AUROC 0.7175 AUPRC 0.3479
  Epoch 16, Loss 0.5840, Val AUROC 0.7144 AUPRC 0.3653 | Test AUROC 0.7166 AUPRC 0.3469
  Epoch 17, Loss 0.5829, Val AUROC 0.7152 AUPRC 0.3659 | Test AUROC 0.7163 AUPRC 0.3467
  Epoch 18, Loss 0.5818, Val AUROC 0.7167 AUPRC 0.3670 | Test AUROC 0.7168 AUPRC 0.3480
  Epoch 19, Loss 0.5806, Val AUROC 0.7193 AUPRC 0.3682 | Test AUROC 0.7182 AUPRC 0.3492
  Epoch 20, Loss 0.5789, Val AUROC 0.7219 AUPRC 0.3707 | Test AUROC 0.7206 AUPRC 0.3513
  Epoch 21, Loss 0.5769, Val AUROC 0.7240 AUPRC 0.3709 | Test AUROC 0.7227 AUPRC 0.3532
  Epoch 22, Loss 0.5749, Val AUROC 0.7257 AUPRC 0.3722 | Test AUROC 0.7247 AUPRC 0.3555
  Epoch 23, Loss 0.5740, Val AUROC 0.7269 AUPRC 0.3728 | Test AUROC 0.7258 AUPRC 0.3570
  Epoch 24, Loss 0.5731, Val AUROC 0.7282 AUPRC 0.3740 | Test AUROC 0.7262 AUPRC 0.3579
  Epoch 25, Loss 0.5718, Val AUROC 0.7294 AUPRC 0.3744 | Test AUROC 0.7261 AUPRC 0.3584
  Epoch 26, Loss 0.5705, Val AUROC 0.7312 AUPRC 0.3769 | Test AUROC 0.7253 AUPRC 0.3580
  Epoch 27, Loss 0.5696, Val AUROC 0.7327 AUPRC 0.3787 | Test AUROC 0.7251 AUPRC 0.3577
  Epoch 28, Loss 0.5688, Val AUROC 0.7340 AUPRC 0.3803 | Test AUROC 0.7247 AUPRC 0.3565
  Epoch 29, Loss 0.5677, Val AUROC 0.7353 AUPRC 0.3818 | Test AUROC 0.7249 AUPRC 0.3562
  Epoch 30, Loss 0.5663, Val AUROC 0.7362 AUPRC 0.3823 | Test AUROC 0.7251 AUPRC 0.3559
  Epoch 31, Loss 0.5649, Val AUROC 0.7371 AUPRC 0.3831 | Test AUROC 0.7252 AUPRC 0.3554
  Epoch 32, Loss 0.5640, Val AUROC 0.7381 AUPRC 0.3852 | Test AUROC 0.7253 AUPRC 0.3552
  Epoch 33, Loss 0.5633, Val AUROC 0.7394 AUPRC 0.3872 | Test AUROC 0.7249 AUPRC 0.3543
  Epoch 34, Loss 0.5624, Val AUROC 0.7405 AUPRC 0.3888 | Test AUROC 0.7245 AUPRC 0.3530
  Epoch 35, Loss 0.5615, Val AUROC 0.7412 AUPRC 0.3907 | Test AUROC 0.7234 AUPRC 0.3522
  Epoch 36, Loss 0.5607, Val AUROC 0.7425 AUPRC 0.3924 | Test AUROC 0.7234 AUPRC 0.3524
  Epoch 37, Loss 0.5601, Val AUROC 0.7438 AUPRC 0.3954 | Test AUROC 0.7238 AUPRC 0.3534
  Epoch 38, Loss 0.5593, Val AUROC 0.7450 AUPRC 0.3978 | Test AUROC 0.7249 AUPRC 0.3547
  Epoch 39, Loss 0.5585, Val AUROC 0.7467 AUPRC 0.4002 | Test AUROC 0.7261 AUPRC 0.3559
  Epoch 40, Loss 0.5579, Val AUROC 0.7480 AUPRC 0.4019 | Test AUROC 0.7271 AUPRC 0.3567
  Epoch 41, Loss 0.5574, Val AUROC 0.7491 AUPRC 0.4027 | Test AUROC 0.7280 AUPRC 0.3582
  Epoch 42, Loss 0.5568, Val AUROC 0.7503 AUPRC 0.4047 | Test AUROC 0.7285 AUPRC 0.3591
  Epoch 43, Loss 0.5563, Val AUROC 0.7514 AUPRC 0.4059 | Test AUROC 0.7294 AUPRC 0.3607
  Epoch 44, Loss 0.5558, Val AUROC 0.7521 AUPRC 0.4076 | Test AUROC 0.7294 AUPRC 0.3605
  Epoch 45, Loss 0.5554, Val AUROC 0.7526 AUPRC 0.4086 | Test AUROC 0.7305 AUPRC 0.3619
  Epoch 46, Loss 0.5552, Val AUROC 0.7525 AUPRC 0.4089 | Test AUROC 0.7298 AUPRC 0.3594
  Epoch 47, Loss 0.5556, Val AUROC 0.7532 AUPRC 0.4109 | Test AUROC 0.7316 AUPRC 0.3624
  Epoch 50, Loss 0.5535, Val AUROC 0.7527 AUPRC 0.4113 | Test AUROC 0.7314 AUPRC 0.3608
  Epoch 59, Loss 0.5518, Val AUROC 0.7523 AUPRC 0.4114 | Test AUROC 0.7328 AUPRC 0.3611
  Epoch 62, Loss 0.5514, Val AUROC 0.7526 AUPRC 0.4122 | Test AUROC 0.7328 AUPRC 0.3609
  Epoch 71, Loss 0.5496, Val AUROC 0.7526 AUPRC 0.4132 | Test AUROC 0.7331 AUPRC 0.3601
  Epoch 0, Loss 0.7153, Val AUROC 0.5771 AUPRC 0.2740 | Test AUROC 0.5889 AUPRC 0.2680
  Epoch 1, Loss 0.7545, Val AUROC 0.6875 AUPRC 0.3325 | Test AUROC 0.6923 AUPRC 0.3344
  Epoch 2, Loss 0.6597, Val AUROC 0.7065 AUPRC 0.3528 | Test AUROC 0.7135 AUPRC 0.3613
  Epoch 3, Loss 0.6644, Val AUROC 0.7093 AUPRC 0.3566 | Test AUROC 0.7197 AUPRC 0.3675
  Epoch 8, Loss 0.5935, Val AUROC 0.7166 AUPRC 0.3609 | Test AUROC 0.7229 AUPRC 0.3612
  Epoch 9, Loss 0.5901, Val AUROC 0.7191 AUPRC 0.3667 | Test AUROC 0.7217 AUPRC 0.3612
  Epoch 15, Loss 0.5695, Val AUROC 0.7258 AUPRC 0.3699 | Test AUROC 0.7186 AUPRC 0.3555
  Epoch 16, Loss 0.5739, Val AUROC 0.7273 AUPRC 0.3736 | Test AUROC 0.7172 AUPRC 0.3541
  Epoch 20, Loss 0.5653, Val AUROC 0.7317 AUPRC 0.3740 | Test AUROC 0.7122 AUPRC 0.3527
  Epoch 21, Loss 0.5592, Val AUROC 0.7342 AUPRC 0.3876 | Test AUROC 0.7131 AUPRC 0.3536
  Epoch 22, Loss 0.5575, Val AUROC 0.7349 AUPRC 0.3949 | Test AUROC 0.7140 AUPRC 0.3551
  Epoch 23, Loss 0.5586, Val AUROC 0.7364 AUPRC 0.3989 | Test AUROC 0.7147 AUPRC 0.3557
  Epoch 24, Loss 0.5567, Val AUROC 0.7378 AUPRC 0.3997 | Test AUROC 0.7153 AUPRC 0.3556
  Epoch 26, Loss 0.5524, Val AUROC 0.7403 AUPRC 0.4002 | Test AUROC 0.7171 AUPRC 0.3570
  Epoch 27, Loss 0.5523, Val AUROC 0.7412 AUPRC 0.4013 | Test AUROC 0.7190 AUPRC 0.3584
  Epoch 28, Loss 0.5491, Val AUROC 0.7417 AUPRC 0.4039 | Test AUROC 0.7210 AUPRC 0.3600
  Epoch 29, Loss 0.5468, Val AUROC 0.7421 AUPRC 0.4060 | Test AUROC 0.7225 AUPRC 0.3608
  Epoch 30, Loss 0.5464, Val AUROC 0.7431 AUPRC 0.4091 | Test AUROC 0.7234 AUPRC 0.3626
  Epoch 31, Loss 0.5452, Val AUROC 0.7440 AUPRC 0.4101 | Test AUROC 0.7242 AUPRC 0.3629
  Epoch 32, Loss 0.5436, Val AUROC 0.7453 AUPRC 0.4131 | Test AUROC 0.7254 AUPRC 0.3636
  Epoch 33, Loss 0.5426, Val AUROC 0.7469 AUPRC 0.4227 | Test AUROC 0.7274 AUPRC 0.3678
  Epoch 34, Loss 0.5406, Val AUROC 0.7479 AUPRC 0.4325 | Test AUROC 0.7296 AUPRC 0.3714
  Epoch 35, Loss 0.5387, Val AUROC 0.7481 AUPRC 0.4367 | Test AUROC 0.7313 AUPRC 0.3739
  Epoch 36, Loss 0.5378, Val AUROC 0.7493 AUPRC 0.4371 | Test AUROC 0.7322 AUPRC 0.3751
  Epoch 37, Loss 0.5367, Val AUROC 0.7512 AUPRC 0.4391 | Test AUROC 0.7332 AUPRC 0.3762
  Epoch 40, Loss 0.5321, Val AUROC 0.7539 AUPRC 0.4411 | Test AUROC 0.7357 AUPRC 0.3818
  Epoch 41, Loss 0.5309, Val AUROC 0.7550 AUPRC 0.4422 | Test AUROC 0.7364 AUPRC 0.3844
  Epoch 42, Loss 0.5294, Val AUROC 0.7558 AUPRC 0.4449 | Test AUROC 0.7372 AUPRC 0.3872
  Epoch 43, Loss 0.5281, Val AUROC 0.7566 AUPRC 0.4460 | Test AUROC 0.7374 AUPRC 0.3879
  Epoch 44, Loss 0.5261, Val AUROC 0.7576 AUPRC 0.4478 | Test AUROC 0.7376 AUPRC 0.3888
  Epoch 45, Loss 0.5246, Val AUROC 0.7582 AUPRC 0.4489 | Test AUROC 0.7389 AUPRC 0.3928
  Epoch 46, Loss 0.5230, Val AUROC 0.7591 AUPRC 0.4490 | Test AUROC 0.7403 AUPRC 0.3962
  Epoch 47, Loss 0.5210, Val AUROC 0.7605 AUPRC 0.4515 | Test AUROC 0.7413 AUPRC 0.4008
  Epoch 48, Loss 0.5191, Val AUROC 0.7621 AUPRC 0.4540 | Test AUROC 0.7422 AUPRC 0.4037
  Epoch 49, Loss 0.5171, Val AUROC 0.7633 AUPRC 0.4559 | Test AUROC 0.7427 AUPRC 0.4081
  Epoch 60, Loss 0.4979, Val AUROC 0.7703 AUPRC 0.4562 | Test AUROC 0.7421 AUPRC 0.4043
  Epoch 66, Loss 0.4853, Val AUROC 0.7717 AUPRC 0.4565 | Test AUROC 0.7389 AUPRC 0.3916
tensor([[0.9136, 0.0741, 0.0123,  ..., 0.3596, 0.9977, 0.9398],
        [0.8596, 0.0877, 0.0526,  ..., 0.3583, 0.9978, 0.9350],
        [0.4579, 0.5299, 0.0122,  ..., 0.3904, 0.9968, 0.9256],
        ...,
        [0.0750, 0.0000, 0.0250,  ..., 0.4327, 0.9832, 0.9832],
        [0.0000, 0.0000, 1.0000,  ..., 0.4458, 1.0000, 1.0000],
        [0.3333, 0.0000, 0.0000,  ..., 0.5548, 1.0000, 1.0000]],
       device='cuda:0')
tensor([[0.8070, 0.0322, 0.0221,  ..., 1.0000, 1.0000, 1.0000],
        [0.0000, 0.0000, 0.0000,  ..., 0.0000, 1.0000, 1.0000],
        [0.0000, 0.0000, 0.2000,  ..., 0.0000, 1.0000, 1.0000],
        ...,
        [0.0784, 0.0000, 0.0000,  ..., 0.8407, 0.9986, 0.8435],
        [0.9828, 0.0000, 0.0172,  ..., 0.7935, 0.9991, 0.8339],
        [0.4715, 0.0000, 0.0366,  ..., 0.8006, 0.9991, 0.8334]],
       device='cuda:0')
/home/eirik/miniconda3/envs/GADBench/lib/python3.10/site-packages/xgboost/training.py:200: UserWarning: [17:21:46] WARNING: /__w/xgboost/xgboost/src/learner.cc:782: 
Parameters: { "drop_rate", "h_feats", "lr", "num_layers", "verbose" } are not used.

  bst.update(dtrain, iteration=i, fobj=obj)
/home/eirik/miniconda3/envs/GADBench/lib/python3.10/site-packages/xgboost/training.py:200: UserWarning: [17:21:46] WARNING: /__w/xgboost/xgboost/src/learner.cc:782: 
Parameters: { "verbose" } are not used.

  bst.update(dtrain, iteration=i, fobj=obj)

[tolokers | metis_K5 | split 1 | seed 3417]
  metis: 5/5 subgraphs (n: min=1125 med=1726 max=1737 | m: min=2111 med=42280 max=83238)
  Combined: N=7992 M=409130 train=5328 val=2664 unique_origs=7992
  Epoch 0, Loss 0.6893, Val AUROC 0.7000 AUPRC 0.4054 | Test AUROC 0.6880 AUPRC 0.3705
  Epoch 5, Loss 0.6477, Val AUROC 0.7024 AUPRC 0.4075 | Test AUROC 0.6920 AUPRC 0.3776
  Epoch 6, Loss 0.6387, Val AUROC 0.7047 AUPRC 0.4101 | Test AUROC 0.6933 AUPRC 0.3780
  Epoch 7, Loss 0.6318, Val AUROC 0.7057 AUPRC 0.4104 | Test AUROC 0.6944 AUPRC 0.3785
  Epoch 10, Loss 0.6223, Val AUROC 0.7143 AUPRC 0.4124 | Test AUROC 0.7007 AUPRC 0.3820
  Epoch 11, Loss 0.6193, Val AUROC 0.7185 AUPRC 0.4137 | Test AUROC 0.7033 AUPRC 0.3833
  Epoch 12, Loss 0.6161, Val AUROC 0.7257 AUPRC 0.4153 | Test AUROC 0.7083 AUPRC 0.3849
  Epoch 13, Loss 0.6119, Val AUROC 0.7315 AUPRC 0.4168 | Test AUROC 0.7119 AUPRC 0.3857
  Epoch 14, Loss 0.6077, Val AUROC 0.7348 AUPRC 0.4168 | Test AUROC 0.7105 AUPRC 0.3834
  Epoch 20, Loss 0.5939, Val AUROC 0.7398 AUPRC 0.4184 | Test AUROC 0.7041 AUPRC 0.3765
  Epoch 21, Loss 0.5925, Val AUROC 0.7425 AUPRC 0.4201 | Test AUROC 0.7033 AUPRC 0.3764
  Epoch 22, Loss 0.5909, Val AUROC 0.7432 AUPRC 0.4220 | Test AUROC 0.7042 AUPRC 0.3768
  Epoch 23, Loss 0.5887, Val AUROC 0.7446 AUPRC 0.4246 | Test AUROC 0.7044 AUPRC 0.3771
  Epoch 24, Loss 0.5867, Val AUROC 0.7489 AUPRC 0.4268 | Test AUROC 0.6996 AUPRC 0.3743
  Epoch 25, Loss 0.5846, Val AUROC 0.7507 AUPRC 0.4287 | Test AUROC 0.7004 AUPRC 0.3743
  Epoch 26, Loss 0.5828, Val AUROC 0.7531 AUPRC 0.4321 | Test AUROC 0.7006 AUPRC 0.3751
  Epoch 27, Loss 0.5811, Val AUROC 0.7553 AUPRC 0.4347 | Test AUROC 0.6976 AUPRC 0.3753
  Epoch 28, Loss 0.5797, Val AUROC 0.7552 AUPRC 0.4367 | Test AUROC 0.7051 AUPRC 0.3792
  Epoch 29, Loss 0.5781, Val AUROC 0.7564 AUPRC 0.4384 | Test AUROC 0.7046 AUPRC 0.3793
  Epoch 30, Loss 0.5765, Val AUROC 0.7571 AUPRC 0.4394 | Test AUROC 0.7054 AUPRC 0.3795
  Epoch 31, Loss 0.5749, Val AUROC 0.7578 AUPRC 0.4396 | Test AUROC 0.7054 AUPRC 0.3784
  Epoch 34, Loss 0.5710, Val AUROC 0.7604 AUPRC 0.4400 | Test AUROC 0.7013 AUPRC 0.3739
  Epoch 35, Loss 0.5695, Val AUROC 0.7601 AUPRC 0.4415 | Test AUROC 0.7037 AUPRC 0.3749
  Epoch 36, Loss 0.5679, Val AUROC 0.7610 AUPRC 0.4440 | Test AUROC 0.7037 AUPRC 0.3755
  Epoch 37, Loss 0.5665, Val AUROC 0.7626 AUPRC 0.4453 | Test AUROC 0.7018 AUPRC 0.3749
  Epoch 38, Loss 0.5653, Val AUROC 0.7629 AUPRC 0.4455 | Test AUROC 0.7011 AUPRC 0.3740
  Epoch 39, Loss 0.5642, Val AUROC 0.7644 AUPRC 0.4463 | Test AUROC 0.6954 AUPRC 0.3705
  Epoch 40, Loss 0.5633, Val AUROC 0.7638 AUPRC 0.4467 | Test AUROC 0.6991 AUPRC 0.3716
  Epoch 41, Loss 0.5621, Val AUROC 0.7647 AUPRC 0.4481 | Test AUROC 0.6968 AUPRC 0.3702
  Epoch 42, Loss 0.5606, Val AUROC 0.7647 AUPRC 0.4489 | Test AUROC 0.6979 AUPRC 0.3707
  Epoch 43, Loss 0.5595, Val AUROC 0.7650 AUPRC 0.4495 | Test AUROC 0.6966 AUPRC 0.3685
  Epoch 45, Loss 0.5575, Val AUROC 0.7661 AUPRC 0.4505 | Test AUROC 0.6923 AUPRC 0.3661
  Epoch 46, Loss 0.5564, Val AUROC 0.7668 AUPRC 0.4521 | Test AUROC 0.6913 AUPRC 0.3660
  Epoch 47, Loss 0.5552, Val AUROC 0.7676 AUPRC 0.4541 | Test AUROC 0.6900 AUPRC 0.3662
  Epoch 48, Loss 0.5543, Val AUROC 0.7684 AUPRC 0.4562 | Test AUROC 0.6902 AUPRC 0.3661
  Epoch 50, Loss 0.5528, Val AUROC 0.7694 AUPRC 0.4574 | Test AUROC 0.6894 AUPRC 0.3676
  Epoch 52, Loss 0.5511, Val AUROC 0.7700 AUPRC 0.4577 | Test AUROC 0.6890 AUPRC 0.3698
  Epoch 53, Loss 0.5505, Val AUROC 0.7704 AUPRC 0.4593 | Test AUROC 0.6905 AUPRC 0.3710
  Epoch 54, Loss 0.5500, Val AUROC 0.7706 AUPRC 0.4593 | Test AUROC 0.6882 AUPRC 0.3710
  Epoch 55, Loss 0.5494, Val AUROC 0.7712 AUPRC 0.4609 | Test AUROC 0.6889 AUPRC 0.3722
  Epoch 56, Loss 0.5487, Val AUROC 0.7714 AUPRC 0.4617 | Test AUROC 0.6885 AUPRC 0.3725
  Epoch 57, Loss 0.5481, Val AUROC 0.7717 AUPRC 0.4624 | Test AUROC 0.6880 AUPRC 0.3733
  Epoch 58, Loss 0.5476, Val AUROC 0.7722 AUPRC 0.4635 | Test AUROC 0.6898 AUPRC 0.3754
  Epoch 60, Loss 0.5469, Val AUROC 0.7730 AUPRC 0.4649 | Test AUROC 0.6927 AUPRC 0.3798
  Epoch 62, Loss 0.5469, Val AUROC 0.7735 AUPRC 0.4663 | Test AUROC 0.6951 AUPRC 0.3825
  Epoch 64, Loss 0.5453, Val AUROC 0.7739 AUPRC 0.4667 | Test AUROC 0.6921 AUPRC 0.3832
  Epoch 65, Loss 0.5444, Val AUROC 0.7746 AUPRC 0.4676 | Test AUROC 0.6933 AUPRC 0.3842
  Epoch 67, Loss 0.5449, Val AUROC 0.7755 AUPRC 0.4691 | Test AUROC 0.6939 AUPRC 0.3854
  Epoch 75, Loss 0.5417, Val AUROC 0.7768 AUPRC 0.4704 | Test AUROC 0.6947 AUPRC 0.3907
  Epoch 77, Loss 0.5409, Val AUROC 0.7770 AUPRC 0.4708 | Test AUROC 0.6931 AUPRC 0.3903
  Epoch 78, Loss 0.5405, Val AUROC 0.7771 AUPRC 0.4709 | Test AUROC 0.6934 AUPRC 0.3910
  Epoch 80, Loss 0.5402, Val AUROC 0.7774 AUPRC 0.4713 | Test AUROC 0.6944 AUPRC 0.3932
  Epoch 82, Loss 0.5399, Val AUROC 0.7778 AUPRC 0.4724 | Test AUROC 0.6937 AUPRC 0.3929
  Epoch 84, Loss 0.5392, Val AUROC 0.7782 AUPRC 0.4736 | Test AUROC 0.6925 AUPRC 0.3923
  Epoch 85, Loss 0.5389, Val AUROC 0.7783 AUPRC 0.4738 | Test AUROC 0.6919 AUPRC 0.3924
  Epoch 87, Loss 0.5384, Val AUROC 0.7786 AUPRC 0.4740 | Test AUROC 0.6926 AUPRC 0.3931
  Epoch 91, Loss 0.5393, Val AUROC 0.7790 AUPRC 0.4743 | Test AUROC 0.6949 AUPRC 0.3955
  Epoch 93, Loss 0.5394, Val AUROC 0.7795 AUPRC 0.4751 | Test AUROC 0.6927 AUPRC 0.3949
  Epoch 94, Loss 0.5374, Val AUROC 0.7799 AUPRC 0.4759 | Test AUROC 0.6925 AUPRC 0.3946
  Epoch 96, Loss 0.5380, Val AUROC 0.7802 AUPRC 0.4760 | Test AUROC 0.6934 AUPRC 0.3950
  Epoch 97, Loss 0.5375, Val AUROC 0.7802 AUPRC 0.4760 | Test AUROC 0.6908 AUPRC 0.3940
  Epoch 99, Loss 0.5365, Val AUROC 0.7802 AUPRC 0.4762 | Test AUROC 0.6930 AUPRC 0.3945
  Epoch 101, Loss 0.5364, Val AUROC 0.7804 AUPRC 0.4767 | Test AUROC 0.6907 AUPRC 0.3943
  Epoch 102, Loss 0.5357, Val AUROC 0.7808 AUPRC 0.4773 | Test AUROC 0.6918 AUPRC 0.3951
  Epoch 104, Loss 0.5362, Val AUROC 0.7812 AUPRC 0.4777 | Test AUROC 0.6921 AUPRC 0.3950
  Epoch 105, Loss 0.5355, Val AUROC 0.7812 AUPRC 0.4777 | Test AUROC 0.6907 AUPRC 0.3940
  Epoch 107, Loss 0.5351, Val AUROC 0.7821 AUPRC 0.4787 | Test AUROC 0.6919 AUPRC 0.3948
  Epoch 109, Loss 0.5353, Val AUROC 0.7825 AUPRC 0.4794 | Test AUROC 0.6913 AUPRC 0.3946
  Epoch 110, Loss 0.5346, Val AUROC 0.7825 AUPRC 0.4797 | Test AUROC 0.6907 AUPRC 0.3943
  Epoch 112, Loss 0.5344, Val AUROC 0.7837 AUPRC 0.4808 | Test AUROC 0.6915 AUPRC 0.3943
  Epoch 117, Loss 0.5334, Val AUROC 0.7843 AUPRC 0.4816 | Test AUROC 0.6909 AUPRC 0.3945
  Epoch 119, Loss 0.5335, Val AUROC 0.7848 AUPRC 0.4823 | Test AUROC 0.6900 AUPRC 0.3951
  Epoch 120, Loss 0.5332, Val AUROC 0.7843 AUPRC 0.4824 | Test AUROC 0.6886 AUPRC 0.3946
  Epoch 121, Loss 0.5327, Val AUROC 0.7847 AUPRC 0.4828 | Test AUROC 0.6893 AUPRC 0.3953
  Epoch 122, Loss 0.5324, Val AUROC 0.7854 AUPRC 0.4835 | Test AUROC 0.6900 AUPRC 0.3956
  Epoch 124, Loss 0.5325, Val AUROC 0.7858 AUPRC 0.4841 | Test AUROC 0.6906 AUPRC 0.3956
  Epoch 131, Loss 0.5312, Val AUROC 0.7857 AUPRC 0.4843 | Test AUROC 0.6884 AUPRC 0.3962
  Epoch 132, Loss 0.5310, Val AUROC 0.7860 AUPRC 0.4847 | Test AUROC 0.6884 AUPRC 0.3961
  Epoch 133, Loss 0.5308, Val AUROC 0.7862 AUPRC 0.4848 | Test AUROC 0.6884 AUPRC 0.3961
  Epoch 137, Loss 0.5310, Val AUROC 0.7868 AUPRC 0.4850 | Test AUROC 0.6895 AUPRC 0.3961
  Epoch 139, Loss 0.5328, Val AUROC 0.7874 AUPRC 0.4859 | Test AUROC 0.6898 AUPRC 0.3962
  Epoch 141, Loss 0.5312, Val AUROC 0.7874 AUPRC 0.4864 | Test AUROC 0.6881 AUPRC 0.3956
  Epoch 146, Loss 0.5296, Val AUROC 0.7875 AUPRC 0.4869 | Test AUROC 0.6870 AUPRC 0.3954
  Epoch 149, Loss 0.5300, Val AUROC 0.7885 AUPRC 0.4871 | Test AUROC 0.6886 AUPRC 0.3962
  Epoch 150, Loss 0.5301, Val AUROC 0.7876 AUPRC 0.4873 | Test AUROC 0.6851 AUPRC 0.3946
  Epoch 151, Loss 0.5295, Val AUROC 0.7882 AUPRC 0.4886 | Test AUROC 0.6878 AUPRC 0.3954
  Epoch 165, Loss 0.5290, Val AUROC 0.7889 AUPRC 0.4889 | Test AUROC 0.6889 AUPRC 0.3956
  Epoch 166, Loss 0.5286, Val AUROC 0.7892 AUPRC 0.4891 | Test AUROC 0.6844 AUPRC 0.3941
  Epoch 168, Loss 0.5270, Val AUROC 0.7895 AUPRC 0.4894 | Test AUROC 0.6865 AUPRC 0.3950
  Epoch 169, Loss 0.5265, Val AUROC 0.7892 AUPRC 0.4896 | Test AUROC 0.6856 AUPRC 0.3946
  Epoch 170, Loss 0.5267, Val AUROC 0.7893 AUPRC 0.4896 | Test AUROC 0.6875 AUPRC 0.3948
  Epoch 172, Loss 0.5271, Val AUROC 0.7898 AUPRC 0.4897 | Test AUROC 0.6872 AUPRC 0.3953
  Epoch 173, Loss 0.5266, Val AUROC 0.7896 AUPRC 0.4899 | Test AUROC 0.6860 AUPRC 0.3951
  Epoch 176, Loss 0.5258, Val AUROC 0.7900 AUPRC 0.4900 | Test AUROC 0.6856 AUPRC 0.3947
  Epoch 178, Loss 0.5259, Val AUROC 0.7898 AUPRC 0.4904 | Test AUROC 0.6853 AUPRC 0.3945
  Epoch 181, Loss 0.5266, Val AUROC 0.7903 AUPRC 0.4906 | Test AUROC 0.6891 AUPRC 0.3960
  Epoch 182, Loss 0.5261, Val AUROC 0.7904 AUPRC 0.4913 | Test AUROC 0.6858 AUPRC 0.3947
  Epoch 183, Loss 0.5258, Val AUROC 0.7903 AUPRC 0.4918 | Test AUROC 0.6882 AUPRC 0.3953
  Epoch 193, Loss 0.5262, Val AUROC 0.7908 AUPRC 0.4921 | Test AUROC 0.6859 AUPRC 0.3944
  Epoch 194, Loss 0.5244, Val AUROC 0.7906 AUPRC 0.4921 | Test AUROC 0.6865 AUPRC 0.3944
  Epoch 195, Loss 0.5241, Val AUROC 0.7906 AUPRC 0.4923 | Test AUROC 0.6889 AUPRC 0.3950
  Epoch 0, Loss 0.7258, Val AUROC 0.5074 AUPRC 0.2303 | Test AUROC 0.5003 AUPRC 0.2138
  Epoch 1, Loss 0.6943, Val AUROC 0.6844 AUPRC 0.3664 | Test AUROC 0.6849 AUPRC 0.3255
  Epoch 2, Loss 0.6699, Val AUROC 0.7116 AUPRC 0.3728 | Test AUROC 0.7080 AUPRC 0.3442
  Epoch 14, Loss 0.5813, Val AUROC 0.7401 AUPRC 0.3759 | Test AUROC 0.7310 AUPRC 0.3608
  Epoch 15, Loss 0.5785, Val AUROC 0.7424 AUPRC 0.3804 | Test AUROC 0.7325 AUPRC 0.3620
  Epoch 16, Loss 0.5756, Val AUROC 0.7446 AUPRC 0.3875 | Test AUROC 0.7345 AUPRC 0.3633
  Epoch 17, Loss 0.5727, Val AUROC 0.7473 AUPRC 0.3958 | Test AUROC 0.7366 AUPRC 0.3652
  Epoch 18, Loss 0.5700, Val AUROC 0.7491 AUPRC 0.4034 | Test AUROC 0.7390 AUPRC 0.3674
  Epoch 19, Loss 0.5676, Val AUROC 0.7508 AUPRC 0.4097 | Test AUROC 0.7412 AUPRC 0.3698
  Epoch 20, Loss 0.5659, Val AUROC 0.7518 AUPRC 0.4139 | Test AUROC 0.7428 AUPRC 0.3724
  Epoch 21, Loss 0.5644, Val AUROC 0.7531 AUPRC 0.4177 | Test AUROC 0.7441 AUPRC 0.3739
  Epoch 22, Loss 0.5634, Val AUROC 0.7533 AUPRC 0.4216 | Test AUROC 0.7447 AUPRC 0.3757
  Epoch 23, Loss 0.5629, Val AUROC 0.7542 AUPRC 0.4237 | Test AUROC 0.7451 AUPRC 0.3766
  Epoch 24, Loss 0.5615, Val AUROC 0.7545 AUPRC 0.4253 | Test AUROC 0.7457 AUPRC 0.3783
  Epoch 25, Loss 0.5601, Val AUROC 0.7546 AUPRC 0.4259 | Test AUROC 0.7463 AUPRC 0.3798
  Epoch 26, Loss 0.5598, Val AUROC 0.7551 AUPRC 0.4263 | Test AUROC 0.7467 AUPRC 0.3804
  Epoch 27, Loss 0.5584, Val AUROC 0.7555 AUPRC 0.4270 | Test AUROC 0.7472 AUPRC 0.3811
  Epoch 28, Loss 0.5574, Val AUROC 0.7557 AUPRC 0.4279 | Test AUROC 0.7473 AUPRC 0.3821
  Epoch 31, Loss 0.5551, Val AUROC 0.7573 AUPRC 0.4286 | Test AUROC 0.7470 AUPRC 0.3814
  Epoch 32, Loss 0.5543, Val AUROC 0.7580 AUPRC 0.4295 | Test AUROC 0.7469 AUPRC 0.3808
  Epoch 33, Loss 0.5535, Val AUROC 0.7586 AUPRC 0.4299 | Test AUROC 0.7469 AUPRC 0.3801
  Epoch 34, Loss 0.5532, Val AUROC 0.7588 AUPRC 0.4312 | Test AUROC 0.7475 AUPRC 0.3814
  Epoch 35, Loss 0.5523, Val AUROC 0.7591 AUPRC 0.4327 | Test AUROC 0.7482 AUPRC 0.3827
  Epoch 36, Loss 0.5518, Val AUROC 0.7595 AUPRC 0.4340 | Test AUROC 0.7487 AUPRC 0.3837
  Epoch 37, Loss 0.5514, Val AUROC 0.7598 AUPRC 0.4357 | Test AUROC 0.7495 AUPRC 0.3858
  Epoch 38, Loss 0.5508, Val AUROC 0.7603 AUPRC 0.4375 | Test AUROC 0.7499 AUPRC 0.3856
  Epoch 39, Loss 0.5506, Val AUROC 0.7607 AUPRC 0.4384 | Test AUROC 0.7500 AUPRC 0.3860
  Epoch 40, Loss 0.5503, Val AUROC 0.7607 AUPRC 0.4389 | Test AUROC 0.7503 AUPRC 0.3868
  Epoch 41, Loss 0.5498, Val AUROC 0.7605 AUPRC 0.4390 | Test AUROC 0.7508 AUPRC 0.3877
  Epoch 0, Loss 0.7144, Val AUROC 0.6038 AUPRC 0.2920 | Test AUROC 0.5906 AUPRC 0.2713
  Epoch 1, Loss 0.7849, Val AUROC 0.7237 AUPRC 0.3608 | Test AUROC 0.7102 AUPRC 0.3477
  Epoch 2, Loss 0.6614, Val AUROC 0.7349 AUPRC 0.3724 | Test AUROC 0.7319 AUPRC 0.3875
  Epoch 3, Loss 0.6704, Val AUROC 0.7400 AUPRC 0.3865 | Test AUROC 0.7373 AUPRC 0.3983
  Epoch 4, Loss 0.6684, Val AUROC 0.7483 AUPRC 0.4001 | Test AUROC 0.7423 AUPRC 0.3967
  Epoch 5, Loss 0.6258, Val AUROC 0.7500 AUPRC 0.4032 | Test AUROC 0.7381 AUPRC 0.3791
  Epoch 7, Loss 0.6241, Val AUROC 0.7547 AUPRC 0.4055 | Test AUROC 0.7357 AUPRC 0.3706
  Epoch 8, Loss 0.6139, Val AUROC 0.7587 AUPRC 0.4139 | Test AUROC 0.7399 AUPRC 0.3804
  Epoch 9, Loss 0.5897, Val AUROC 0.7613 AUPRC 0.4218 | Test AUROC 0.7435 AUPRC 0.3884
  Epoch 10, Loss 0.5890, Val AUROC 0.7625 AUPRC 0.4236 | Test AUROC 0.7448 AUPRC 0.3907
  Epoch 11, Loss 0.5964, Val AUROC 0.7641 AUPRC 0.4254 | Test AUROC 0.7462 AUPRC 0.3909
  Epoch 14, Loss 0.5774, Val AUROC 0.7666 AUPRC 0.4259 | Test AUROC 0.7465 AUPRC 0.3856
  Epoch 15, Loss 0.5745, Val AUROC 0.7683 AUPRC 0.4344 | Test AUROC 0.7492 AUPRC 0.3917
  Epoch 16, Loss 0.5613, Val AUROC 0.7697 AUPRC 0.4407 | Test AUROC 0.7518 AUPRC 0.3999
  Epoch 17, Loss 0.5626, Val AUROC 0.7712 AUPRC 0.4448 | Test AUROC 0.7533 AUPRC 0.4073
  Epoch 18, Loss 0.5652, Val AUROC 0.7727 AUPRC 0.4489 | Test AUROC 0.7544 AUPRC 0.4086
  Epoch 19, Loss 0.5554, Val AUROC 0.7739 AUPRC 0.4498 | Test AUROC 0.7549 AUPRC 0.4066
  Epoch 20, Loss 0.5501, Val AUROC 0.7751 AUPRC 0.4505 | Test AUROC 0.7549 AUPRC 0.4053
  Epoch 21, Loss 0.5538, Val AUROC 0.7772 AUPRC 0.4553 | Test AUROC 0.7571 AUPRC 0.4141
  Epoch 22, Loss 0.5485, Val AUROC 0.7794 AUPRC 0.4637 | Test AUROC 0.7581 AUPRC 0.4231
  Epoch 23, Loss 0.5419, Val AUROC 0.7813 AUPRC 0.4707 | Test AUROC 0.7571 AUPRC 0.4276
  Epoch 24, Loss 0.5431, Val AUROC 0.7828 AUPRC 0.4746 | Test AUROC 0.7561 AUPRC 0.4293
  Epoch 25, Loss 0.5421, Val AUROC 0.7843 AUPRC 0.4765 | Test AUROC 0.7567 AUPRC 0.4295
  Epoch 26, Loss 0.5365, Val AUROC 0.7857 AUPRC 0.4766 | Test AUROC 0.7580 AUPRC 0.4294
  Epoch 27, Loss 0.5349, Val AUROC 0.7870 AUPRC 0.4780 | Test AUROC 0.7585 AUPRC 0.4290
  Epoch 28, Loss 0.5353, Val AUROC 0.7883 AUPRC 0.4806 | Test AUROC 0.7575 AUPRC 0.4291
  Epoch 29, Loss 0.5308, Val AUROC 0.7893 AUPRC 0.4838 | Test AUROC 0.7553 AUPRC 0.4285
  Epoch 30, Loss 0.5280, Val AUROC 0.7899 AUPRC 0.4860 | Test AUROC 0.7542 AUPRC 0.4275
  Epoch 34, Loss 0.5226, Val AUROC 0.7911 AUPRC 0.4862 | Test AUROC 0.7591 AUPRC 0.4249
  Epoch 35, Loss 0.5185, Val AUROC 0.7908 AUPRC 0.4869 | Test AUROC 0.7569 AUPRC 0.4225
  Epoch 36, Loss 0.5185, Val AUROC 0.7913 AUPRC 0.4871 | Test AUROC 0.7573 AUPRC 0.4207
  Epoch 39, Loss 0.5139, Val AUROC 0.7926 AUPRC 0.4877 | Test AUROC 0.7565 AUPRC 0.4127
  Epoch 40, Loss 0.5107, Val AUROC 0.7930 AUPRC 0.4891 | Test AUROC 0.7542 AUPRC 0.4091
  Epoch 43, Loss 0.5075, Val AUROC 0.7958 AUPRC 0.4892 | Test AUROC 0.7540 AUPRC 0.4042
  Epoch 44, Loss 0.5051, Val AUROC 0.7965 AUPRC 0.4910 | Test AUROC 0.7533 AUPRC 0.4050
  Epoch 47, Loss 0.5015, Val AUROC 0.7990 AUPRC 0.4913 | Test AUROC 0.7565 AUPRC 0.4082
  Epoch 48, Loss 0.4990, Val AUROC 0.8004 AUPRC 0.4935 | Test AUROC 0.7570 AUPRC 0.4097
  Epoch 49, Loss 0.4986, Val AUROC 0.8015 AUPRC 0.4943 | Test AUROC 0.7584 AUPRC 0.4103
  Epoch 50, Loss 0.4964, Val AUROC 0.8025 AUPRC 0.4945 | Test AUROC 0.7591 AUPRC 0.4106
  Epoch 51, Loss 0.4956, Val AUROC 0.8034 AUPRC 0.4960 | Test AUROC 0.7588 AUPRC 0.4122
  Epoch 52, Loss 0.4942, Val AUROC 0.8043 AUPRC 0.4970 | Test AUROC 0.7591 AUPRC 0.4123
  Epoch 54, Loss 0.4920, Val AUROC 0.8053 AUPRC 0.4974 | Test AUROC 0.7587 AUPRC 0.4124
  Epoch 55, Loss 0.4901, Val AUROC 0.8059 AUPRC 0.4980 | Test AUROC 0.7589 AUPRC 0.4136
  Epoch 56, Loss 0.4887, Val AUROC 0.8060 AUPRC 0.4983 | Test AUROC 0.7596 AUPRC 0.4150
  Epoch 57, Loss 0.4881, Val AUROC 0.8071 AUPRC 0.5012 | Test AUROC 0.7601 AUPRC 0.4168
  Epoch 58, Loss 0.4868, Val AUROC 0.8074 AUPRC 0.5013 | Test AUROC 0.7614 AUPRC 0.4188
  Epoch 59, Loss 0.4849, Val AUROC 0.8078 AUPRC 0.5019 | Test AUROC 0.7617 AUPRC 0.4195
  Epoch 60, Loss 0.4837, Val AUROC 0.8085 AUPRC 0.5035 | Test AUROC 0.7608 AUPRC 0.4184
  Epoch 62, Loss 0.4829, Val AUROC 0.8096 AUPRC 0.5059 | Test AUROC 0.7606 AUPRC 0.4172
  Epoch 64, Loss 0.4807, Val AUROC 0.8101 AUPRC 0.5061 | Test AUROC 0.7612 AUPRC 0.4166
  Epoch 76, Loss 0.4712, Val AUROC 0.8110 AUPRC 0.5065 | Test AUROC 0.7627 AUPRC 0.4220
  Epoch 77, Loss 0.4657, Val AUROC 0.8114 AUPRC 0.5068 | Test AUROC 0.7624 AUPRC 0.4228
tensor([[0.0000, 0.0000, 1.0000,  ..., 0.2789, 0.9805, 0.8915],
        [0.8333, 0.0000, 0.1667,  ..., 0.2348, 0.9973, 0.8512],
        [0.0000, 0.0000, 0.0000,  ..., 0.4696, 0.9923, 0.9501],
        ...,
        [0.8111, 0.1682, 0.0207,  ..., 0.7989, 0.9991, 0.7774],
        [0.9828, 0.0000, 0.0172,  ..., 0.8073, 0.9991, 0.8331],
        [0.4715, 0.0000, 0.0366,  ..., 0.8088, 0.9986, 0.8338]],
       device='cuda:0')
tensor([[0.8070, 0.0322, 0.0221,  ..., 1.0000, 1.0000, 1.0000],
        [0.0000, 0.0000, 0.0000,  ..., 0.0000, 1.0000, 1.0000],
        [0.0000, 0.0000, 0.2000,  ..., 0.0000, 1.0000, 1.0000],
        ...,
        [0.0784, 0.0000, 0.0000,  ..., 0.8407, 0.9986, 0.8435],
        [0.9828, 0.0000, 0.0172,  ..., 0.7935, 0.9991, 0.8339],
        [0.4715, 0.0000, 0.0366,  ..., 0.8006, 0.9991, 0.8334]],
       device='cuda:0')
/home/eirik/miniconda3/envs/GADBench/lib/python3.10/site-packages/xgboost/training.py:200: UserWarning: [17:22:09] WARNING: /__w/xgboost/xgboost/src/learner.cc:782: 
Parameters: { "drop_rate", "h_feats", "lr", "num_layers", "verbose" } are not used.

  bst.update(dtrain, iteration=i, fobj=obj)
/home/eirik/miniconda3/envs/GADBench/lib/python3.10/site-packages/xgboost/training.py:200: UserWarning: [17:22:09] WARNING: /__w/xgboost/xgboost/src/learner.cc:782: 
Parameters: { "verbose" } are not used.

  bst.update(dtrain, iteration=i, fobj=obj)

[tolokers | bfs_part_mn32 | split 1 | seed 3417]
  bfs_partition: 251/251 subgraphs (n: min=2 med=2 max=500 | m: min=1 med=1 max=17560)
  Combined: N=6976 M=142410 train=4661 val=2315 unique_origs=6976
  Epoch 0, Loss 0.6870, Val AUROC 0.6834 AUPRC 0.3775 | Test AUROC 0.6829 AUPRC 0.3643
  Epoch 1, Loss 0.6784, Val AUROC 0.6877 AUPRC 0.3844 | Test AUROC 0.6881 AUPRC 0.3734
  Epoch 2, Loss 0.6695, Val AUROC 0.6903 AUPRC 0.3859 | Test AUROC 0.6900 AUPRC 0.3752
  Epoch 3, Loss 0.6593, Val AUROC 0.6920 AUPRC 0.3870 | Test AUROC 0.6921 AUPRC 0.3757
  Epoch 4, Loss 0.6493, Val AUROC 0.6941 AUPRC 0.3883 | Test AUROC 0.6940 AUPRC 0.3763
  Epoch 5, Loss 0.6407, Val AUROC 0.6961 AUPRC 0.3885 | Test AUROC 0.6953 AUPRC 0.3767
  Epoch 6, Loss 0.6342, Val AUROC 0.6982 AUPRC 0.3890 | Test AUROC 0.6974 AUPRC 0.3789
  Epoch 24, Loss 0.5947, Val AUROC 0.7217 AUPRC 0.3910 | Test AUROC 0.7107 AUPRC 0.3820
  Epoch 25, Loss 0.5930, Val AUROC 0.7230 AUPRC 0.3941 | Test AUROC 0.7128 AUPRC 0.3837
  Epoch 26, Loss 0.5918, Val AUROC 0.7237 AUPRC 0.3956 | Test AUROC 0.7124 AUPRC 0.3828
  Epoch 27, Loss 0.5902, Val AUROC 0.7242 AUPRC 0.3961 | Test AUROC 0.7129 AUPRC 0.3827
  Epoch 28, Loss 0.5887, Val AUROC 0.7246 AUPRC 0.3972 | Test AUROC 0.7128 AUPRC 0.3818
  Epoch 30, Loss 0.5864, Val AUROC 0.7258 AUPRC 0.3986 | Test AUROC 0.7114 AUPRC 0.3786
  Epoch 31, Loss 0.5854, Val AUROC 0.7271 AUPRC 0.4019 | Test AUROC 0.7119 AUPRC 0.3796
  Epoch 32, Loss 0.5844, Val AUROC 0.7283 AUPRC 0.4046 | Test AUROC 0.7121 AUPRC 0.3805
  Epoch 33, Loss 0.5835, Val AUROC 0.7294 AUPRC 0.4085 | Test AUROC 0.7138 AUPRC 0.3828
  Epoch 34, Loss 0.5828, Val AUROC 0.7305 AUPRC 0.4106 | Test AUROC 0.7138 AUPRC 0.3830
  Epoch 35, Loss 0.5820, Val AUROC 0.7315 AUPRC 0.4121 | Test AUROC 0.7133 AUPRC 0.3820
  Epoch 36, Loss 0.5812, Val AUROC 0.7318 AUPRC 0.4138 | Test AUROC 0.7131 AUPRC 0.3810
  Epoch 38, Loss 0.5801, Val AUROC 0.7318 AUPRC 0.4139 | Test AUROC 0.7122 AUPRC 0.3788
  Epoch 41, Loss 0.5779, Val AUROC 0.7314 AUPRC 0.4141 | Test AUROC 0.7116 AUPRC 0.3764
  Epoch 42, Loss 0.5773, Val AUROC 0.7319 AUPRC 0.4148 | Test AUROC 0.7108 AUPRC 0.3759
  Epoch 43, Loss 0.5769, Val AUROC 0.7328 AUPRC 0.4175 | Test AUROC 0.7111 AUPRC 0.3765
  Epoch 44, Loss 0.5764, Val AUROC 0.7339 AUPRC 0.4195 | Test AUROC 0.7112 AUPRC 0.3776
  Epoch 45, Loss 0.5758, Val AUROC 0.7346 AUPRC 0.4213 | Test AUROC 0.7118 AUPRC 0.3792
  Epoch 46, Loss 0.5753, Val AUROC 0.7355 AUPRC 0.4231 | Test AUROC 0.7123 AUPRC 0.3797
  Epoch 48, Loss 0.5745, Val AUROC 0.7357 AUPRC 0.4241 | Test AUROC 0.7112 AUPRC 0.3798
  Epoch 53, Loss 0.5719, Val AUROC 0.7361 AUPRC 0.4245 | Test AUROC 0.7084 AUPRC 0.3790
  Epoch 54, Loss 0.5713, Val AUROC 0.7373 AUPRC 0.4262 | Test AUROC 0.7079 AUPRC 0.3798
  Epoch 55, Loss 0.5708, Val AUROC 0.7382 AUPRC 0.4275 | Test AUROC 0.7084 AUPRC 0.3808
  Epoch 57, Loss 0.5701, Val AUROC 0.7391 AUPRC 0.4288 | Test AUROC 0.7083 AUPRC 0.3800
  Epoch 67, Loss 0.5656, Val AUROC 0.7407 AUPRC 0.4300 | Test AUROC 0.7048 AUPRC 0.3790
  Epoch 72, Loss 0.5636, Val AUROC 0.7412 AUPRC 0.4307 | Test AUROC 0.7003 AUPRC 0.3743
  Epoch 73, Loss 0.5634, Val AUROC 0.7420 AUPRC 0.4313 | Test AUROC 0.6972 AUPRC 0.3746
  Epoch 74, Loss 0.5631, Val AUROC 0.7428 AUPRC 0.4330 | Test AUROC 0.7001 AUPRC 0.3755
  Epoch 76, Loss 0.5621, Val AUROC 0.7436 AUPRC 0.4333 | Test AUROC 0.6983 AUPRC 0.3748
  Epoch 77, Loss 0.5616, Val AUROC 0.7435 AUPRC 0.4337 | Test AUROC 0.6989 AUPRC 0.3745
  Epoch 78, Loss 0.5613, Val AUROC 0.7439 AUPRC 0.4338 | Test AUROC 0.6962 AUPRC 0.3737
  Epoch 79, Loss 0.5610, Val AUROC 0.7440 AUPRC 0.4347 | Test AUROC 0.6983 AUPRC 0.3721
  Epoch 80, Loss 0.5607, Val AUROC 0.7445 AUPRC 0.4351 | Test AUROC 0.6947 AUPRC 0.3720
  Epoch 83, Loss 0.5594, Val AUROC 0.7447 AUPRC 0.4359 | Test AUROC 0.6961 AUPRC 0.3692
  Epoch 84, Loss 0.5589, Val AUROC 0.7455 AUPRC 0.4362 | Test AUROC 0.6937 AUPRC 0.3694
  Epoch 85, Loss 0.5584, Val AUROC 0.7454 AUPRC 0.4369 | Test AUROC 0.6954 AUPRC 0.3687
  Epoch 88, Loss 0.5571, Val AUROC 0.7460 AUPRC 0.4378 | Test AUROC 0.6917 AUPRC 0.3651
  Epoch 92, Loss 0.5564, Val AUROC 0.7459 AUPRC 0.4393 | Test AUROC 0.6916 AUPRC 0.3614
  Epoch 97, Loss 0.5547, Val AUROC 0.7464 AUPRC 0.4407 | Test AUROC 0.6862 AUPRC 0.3567
  Epoch 105, Loss 0.5524, Val AUROC 0.7474 AUPRC 0.4416 | Test AUROC 0.6789 AUPRC 0.3527
  Epoch 108, Loss 0.5510, Val AUROC 0.7484 AUPRC 0.4431 | Test AUROC 0.6763 AUPRC 0.3487
  Epoch 113, Loss 0.5499, Val AUROC 0.7497 AUPRC 0.4439 | Test AUROC 0.6709 AUPRC 0.3439
  Epoch 116, Loss 0.5489, Val AUROC 0.7500 AUPRC 0.4444 | Test AUROC 0.6674 AUPRC 0.3412
  Epoch 117, Loss 0.5488, Val AUROC 0.7508 AUPRC 0.4451 | Test AUROC 0.6655 AUPRC 0.3420
  Epoch 118, Loss 0.5486, Val AUROC 0.7507 AUPRC 0.4457 | Test AUROC 0.6657 AUPRC 0.3402
  Epoch 121, Loss 0.5475, Val AUROC 0.7508 AUPRC 0.4458 | Test AUROC 0.6640 AUPRC 0.3377
  Epoch 122, Loss 0.5474, Val AUROC 0.7514 AUPRC 0.4464 | Test AUROC 0.6622 AUPRC 0.3373
  Epoch 123, Loss 0.5472, Val AUROC 0.7512 AUPRC 0.4466 | Test AUROC 0.6618 AUPRC 0.3366
  Epoch 124, Loss 0.5470, Val AUROC 0.7514 AUPRC 0.4466 | Test AUROC 0.6607 AUPRC 0.3367
  Epoch 125, Loss 0.5468, Val AUROC 0.7516 AUPRC 0.4485 | Test AUROC 0.6610 AUPRC 0.3345
  Epoch 133, Loss 0.5451, Val AUROC 0.7520 AUPRC 0.4491 | Test AUROC 0.6562 AUPRC 0.3303
  Epoch 137, Loss 0.5449, Val AUROC 0.7521 AUPRC 0.4503 | Test AUROC 0.6535 AUPRC 0.3272
  Epoch 139, Loss 0.5451, Val AUROC 0.7523 AUPRC 0.4504 | Test AUROC 0.6524 AUPRC 0.3266
  Epoch 142, Loss 0.5432, Val AUROC 0.7517 AUPRC 0.4505 | Test AUROC 0.6501 AUPRC 0.3255
  Epoch 146, Loss 0.5432, Val AUROC 0.7517 AUPRC 0.4517 | Test AUROC 0.6490 AUPRC 0.3239
  Epoch 158, Loss 0.5405, Val AUROC 0.7514 AUPRC 0.4521 | Test AUROC 0.6436 AUPRC 0.3204
  Epoch 160, Loss 0.5402, Val AUROC 0.7510 AUPRC 0.4522 | Test AUROC 0.6422 AUPRC 0.3190
  Epoch 165, Loss 0.5384, Val AUROC 0.7511 AUPRC 0.4528 | Test AUROC 0.6403 AUPRC 0.3180
  Epoch 169, Loss 0.5380, Val AUROC 0.7515 AUPRC 0.4543 | Test AUROC 0.6387 AUPRC 0.3156
  Epoch 171, Loss 0.5395, Val AUROC 0.7518 AUPRC 0.4543 | Test AUROC 0.6381 AUPRC 0.3144
  Epoch 0, Loss 0.7276, Val AUROC 0.5361 AUPRC 0.2452 | Test AUROC 0.5017 AUPRC 0.2148
  Epoch 1, Loss 0.6942, Val AUROC 0.6809 AUPRC 0.3582 | Test AUROC 0.6840 AUPRC 0.3251
  Epoch 2, Loss 0.6690, Val AUROC 0.6975 AUPRC 0.3602 | Test AUROC 0.7084 AUPRC 0.3447
  Epoch 13, Loss 0.5987, Val AUROC 0.7093 AUPRC 0.3606 | Test AUROC 0.7305 AUPRC 0.3624
  Epoch 14, Loss 0.5962, Val AUROC 0.7117 AUPRC 0.3631 | Test AUROC 0.7325 AUPRC 0.3641
  Epoch 15, Loss 0.5937, Val AUROC 0.7147 AUPRC 0.3661 | Test AUROC 0.7342 AUPRC 0.3647
  Epoch 16, Loss 0.5917, Val AUROC 0.7181 AUPRC 0.3699 | Test AUROC 0.7363 AUPRC 0.3662
  Epoch 17, Loss 0.5899, Val AUROC 0.7211 AUPRC 0.3742 | Test AUROC 0.7384 AUPRC 0.3680
  Epoch 18, Loss 0.5883, Val AUROC 0.7239 AUPRC 0.3783 | Test AUROC 0.7406 AUPRC 0.3699
  Epoch 19, Loss 0.5869, Val AUROC 0.7262 AUPRC 0.3821 | Test AUROC 0.7427 AUPRC 0.3726
  Epoch 20, Loss 0.5857, Val AUROC 0.7285 AUPRC 0.3876 | Test AUROC 0.7443 AUPRC 0.3750
  Epoch 21, Loss 0.5846, Val AUROC 0.7305 AUPRC 0.3925 | Test AUROC 0.7453 AUPRC 0.3770
  Epoch 22, Loss 0.5835, Val AUROC 0.7323 AUPRC 0.3977 | Test AUROC 0.7469 AUPRC 0.3799
  Epoch 23, Loss 0.5822, Val AUROC 0.7339 AUPRC 0.4013 | Test AUROC 0.7472 AUPRC 0.3805
  Epoch 24, Loss 0.5810, Val AUROC 0.7351 AUPRC 0.4040 | Test AUROC 0.7482 AUPRC 0.3832
  Epoch 25, Loss 0.5795, Val AUROC 0.7364 AUPRC 0.4067 | Test AUROC 0.7490 AUPRC 0.3848
  Epoch 26, Loss 0.5779, Val AUROC 0.7377 AUPRC 0.4093 | Test AUROC 0.7493 AUPRC 0.3834
  Epoch 27, Loss 0.5766, Val AUROC 0.7381 AUPRC 0.4094 | Test AUROC 0.7499 AUPRC 0.3848
  Epoch 33, Loss 0.5696, Val AUROC 0.7375 AUPRC 0.4096 | Test AUROC 0.7510 AUPRC 0.3872
  Epoch 34, Loss 0.5686, Val AUROC 0.7374 AUPRC 0.4119 | Test AUROC 0.7518 AUPRC 0.3885
  Epoch 35, Loss 0.5677, Val AUROC 0.7371 AUPRC 0.4128 | Test AUROC 0.7524 AUPRC 0.3888
  Epoch 36, Loss 0.5670, Val AUROC 0.7369 AUPRC 0.4151 | Test AUROC 0.7529 AUPRC 0.3891
  Epoch 37, Loss 0.5664, Val AUROC 0.7373 AUPRC 0.4177 | Test AUROC 0.7537 AUPRC 0.3902
  Epoch 38, Loss 0.5660, Val AUROC 0.7381 AUPRC 0.4195 | Test AUROC 0.7543 AUPRC 0.3910
  Epoch 39, Loss 0.5656, Val AUROC 0.7387 AUPRC 0.4199 | Test AUROC 0.7550 AUPRC 0.3926
  Epoch 40, Loss 0.5653, Val AUROC 0.7392 AUPRC 0.4210 | Test AUROC 0.7550 AUPRC 0.3915
  Epoch 0, Loss 0.7099, Val AUROC 0.5809 AUPRC 0.2832 | Test AUROC 0.5636 AUPRC 0.2587
  Epoch 1, Loss 0.7690, Val AUROC 0.6828 AUPRC 0.3502 | Test AUROC 0.6767 AUPRC 0.3241
  Epoch 2, Loss 0.6654, Val AUROC 0.7108 AUPRC 0.3757 | Test AUROC 0.7189 AUPRC 0.3578
  Epoch 3, Loss 0.6653, Val AUROC 0.7153 AUPRC 0.3797 | Test AUROC 0.7269 AUPRC 0.3675
  Epoch 9, Loss 0.6099, Val AUROC 0.7240 AUPRC 0.3847 | Test AUROC 0.7325 AUPRC 0.3668
  Epoch 10, Loss 0.6003, Val AUROC 0.7288 AUPRC 0.3944 | Test AUROC 0.7362 AUPRC 0.3723
  Epoch 11, Loss 0.6067, Val AUROC 0.7312 AUPRC 0.3978 | Test AUROC 0.7383 AUPRC 0.3747
  Epoch 16, Loss 0.5838, Val AUROC 0.7346 AUPRC 0.4015 | Test AUROC 0.7456 AUPRC 0.3855
  Epoch 17, Loss 0.5754, Val AUROC 0.7383 AUPRC 0.4085 | Test AUROC 0.7519 AUPRC 0.3964
  Epoch 18, Loss 0.5772, Val AUROC 0.7409 AUPRC 0.4144 | Test AUROC 0.7544 AUPRC 0.4010
  Epoch 19, Loss 0.5763, Val AUROC 0.7421 AUPRC 0.4172 | Test AUROC 0.7556 AUPRC 0.4004
  Epoch 21, Loss 0.5653, Val AUROC 0.7423 AUPRC 0.4185 | Test AUROC 0.7550 AUPRC 0.3930
  Epoch 22, Loss 0.5669, Val AUROC 0.7446 AUPRC 0.4228 | Test AUROC 0.7555 AUPRC 0.3919
  Epoch 23, Loss 0.5641, Val AUROC 0.7487 AUPRC 0.4282 | Test AUROC 0.7564 AUPRC 0.3939
  Epoch 24, Loss 0.5578, Val AUROC 0.7520 AUPRC 0.4326 | Test AUROC 0.7555 AUPRC 0.3929
  Epoch 25, Loss 0.5563, Val AUROC 0.7537 AUPRC 0.4337 | Test AUROC 0.7544 AUPRC 0.3907
  Epoch 30, Loss 0.5432, Val AUROC 0.7592 AUPRC 0.4374 | Test AUROC 0.7604 AUPRC 0.4023
  Epoch 31, Loss 0.5421, Val AUROC 0.7605 AUPRC 0.4393 | Test AUROC 0.7612 AUPRC 0.4056
  Epoch 32, Loss 0.5409, Val AUROC 0.7607 AUPRC 0.4393 | Test AUROC 0.7637 AUPRC 0.4096
  Epoch 34, Loss 0.5376, Val AUROC 0.7629 AUPRC 0.4413 | Test AUROC 0.7642 AUPRC 0.4113
  Epoch 35, Loss 0.5348, Val AUROC 0.7649 AUPRC 0.4432 | Test AUROC 0.7612 AUPRC 0.4077
  Epoch 36, Loss 0.5334, Val AUROC 0.7664 AUPRC 0.4462 | Test AUROC 0.7612 AUPRC 0.4082
  Epoch 37, Loss 0.5322, Val AUROC 0.7677 AUPRC 0.4477 | Test AUROC 0.7649 AUPRC 0.4133
  Epoch 38, Loss 0.5291, Val AUROC 0.7687 AUPRC 0.4500 | Test AUROC 0.7672 AUPRC 0.4160
  Epoch 39, Loss 0.5289, Val AUROC 0.7706 AUPRC 0.4552 | Test AUROC 0.7661 AUPRC 0.4149
  Epoch 40, Loss 0.5258, Val AUROC 0.7720 AUPRC 0.4594 | Test AUROC 0.7651 AUPRC 0.4128
  Epoch 41, Loss 0.5255, Val AUROC 0.7724 AUPRC 0.4600 | Test AUROC 0.7672 AUPRC 0.4132
  Epoch 42, Loss 0.5228, Val AUROC 0.7724 AUPRC 0.4604 | Test AUROC 0.7687 AUPRC 0.4138
  Epoch 43, Loss 0.5224, Val AUROC 0.7734 AUPRC 0.4643 | Test AUROC 0.7679 AUPRC 0.4137
  Epoch 44, Loss 0.5197, Val AUROC 0.7746 AUPRC 0.4682 | Test AUROC 0.7671 AUPRC 0.4147
  Epoch 45, Loss 0.5192, Val AUROC 0.7753 AUPRC 0.4702 | Test AUROC 0.7693 AUPRC 0.4180
  Epoch 46, Loss 0.5170, Val AUROC 0.7759 AUPRC 0.4718 | Test AUROC 0.7696 AUPRC 0.4186
  Epoch 47, Loss 0.5161, Val AUROC 0.7768 AUPRC 0.4749 | Test AUROC 0.7675 AUPRC 0.4151
  Epoch 48, Loss 0.5146, Val AUROC 0.7771 AUPRC 0.4757 | Test AUROC 0.7673 AUPRC 0.4144
  Epoch 50, Loss 0.5122, Val AUROC 0.7776 AUPRC 0.4770 | Test AUROC 0.7673 AUPRC 0.4140
  Epoch 51, Loss 0.5101, Val AUROC 0.7779 AUPRC 0.4784 | Test AUROC 0.7668 AUPRC 0.4146
  Epoch 53, Loss 0.5076, Val AUROC 0.7784 AUPRC 0.4801 | Test AUROC 0.7690 AUPRC 0.4182
  Epoch 54, Loss 0.5058, Val AUROC 0.7794 AUPRC 0.4828 | Test AUROC 0.7680 AUPRC 0.4183
  Epoch 56, Loss 0.5032, Val AUROC 0.7803 AUPRC 0.4840 | Test AUROC 0.7679 AUPRC 0.4192
  Epoch 57, Loss 0.5013, Val AUROC 0.7810 AUPRC 0.4863 | Test AUROC 0.7676 AUPRC 0.4200
  Epoch 61, Loss 0.4958, Val AUROC 0.7824 AUPRC 0.4892 | Test AUROC 0.7658 AUPRC 0.4218
tensor([[0.9136, 0.0741, 0.0123,  ..., 0.3478, 0.9977, 0.9280],
        [0.9774, 0.0000, 0.0226,  ..., 0.3643, 0.9955, 0.9102],
        [0.9587, 0.0000, 0.0413,  ..., 0.3409, 0.9960, 0.9136],
        ...,
        [0.0000, 0.5000, 0.5000,  ..., 1.0000, 1.0000, 0.0000],
        [0.0000, 0.0000, 0.0000,  ..., 0.0000, 1.0000, 0.5000],
        [0.0000, 0.0000, 0.0000,  ..., 0.0000, 1.0000, 0.5000]],
       device='cuda:0')
tensor([[0.8070, 0.0322, 0.0221,  ..., 1.0000, 1.0000, 1.0000],
        [0.0000, 0.0000, 0.0000,  ..., 0.0000, 1.0000, 1.0000],
        [0.0000, 0.0000, 0.2000,  ..., 0.0000, 1.0000, 1.0000],
        ...,
        [0.0784, 0.0000, 0.0000,  ..., 0.8407, 0.9986, 0.8435],
        [0.9828, 0.0000, 0.0172,  ..., 0.7935, 0.9991, 0.8339],
        [0.4715, 0.0000, 0.0366,  ..., 0.8006, 0.9991, 0.8334]],
       device='cuda:0')
/home/eirik/miniconda3/envs/GADBench/lib/python3.10/site-packages/xgboost/training.py:200: UserWarning: [17:22:32] WARNING: /__w/xgboost/xgboost/src/learner.cc:782: 
Parameters: { "drop_rate", "h_feats", "lr", "num_layers", "verbose" } are not used.

  bst.update(dtrain, iteration=i, fobj=obj)
/home/eirik/miniconda3/envs/GADBench/lib/python3.10/site-packages/xgboost/training.py:200: UserWarning: [17:22:33] WARNING: /__w/xgboost/xgboost/src/learner.cc:782: 
Parameters: { "verbose" } are not used.

  bst.update(dtrain, iteration=i, fobj=obj)

[load] tolokers split 2
  Split 2: kept 8818 train+val nodes; LCC = 8689 (98.5%); dropped 129 (109 components)

[tolokers | ff_b0.3_M1 | split 2 | seed 3427]
  forest_fire: 11/15 subgraphs (n: min=4 med=500 max=500 | m: min=3 med=2901 max=31386)
  Combined: N=5004 M=147356 train=3282 val=1722 unique_origs=5004
  Epoch 0, Loss 0.6976, Val AUROC 0.6225 AUPRC 0.3778 | Test AUROC 0.5985 AUPRC 0.2902
  Epoch 1, Loss 0.6907, Val AUROC 0.6849 AUPRC 0.4262 | Test AUROC 0.6828 AUPRC 0.3522
  Epoch 0, Loss 0.7042, Val AUROC 0.5838 AUPRC 0.3005 | Test AUROC 0.6005 AUPRC 0.2644
  Epoch 1, Loss 0.6948, Val AUROC 0.6210 AUPRC 0.3214 | Test AUROC 0.6406 AUPRC 0.2893
  Epoch 2, Loss 0.6824, Val AUROC 0.6393 AUPRC 0.3348 | Test AUROC 0.6613 AUPRC 0.3075
  Epoch 3, Loss 0.6607, Val AUROC 0.6518 AUPRC 0.3466 | Test AUROC 0.6815 AUPRC 0.3246
  Epoch 4, Loss 0.6502, Val AUROC 0.6628 AUPRC 0.3569 | Test AUROC 0.6912 AUPRC 0.3350
  Epoch 5, Loss 0.6475, Val AUROC 0.6662 AUPRC 0.3592 | Test AUROC 0.6958 AUPRC 0.3443
  Epoch 12, Loss 0.6186, Val AUROC 0.6778 AUPRC 0.3594 | Test AUROC 0.7166 AUPRC 0.3574
  Epoch 13, Loss 0.6145, Val AUROC 0.6787 AUPRC 0.3608 | Test AUROC 0.7193 AUPRC 0.3584
  Epoch 22, Loss 0.5965, Val AUROC 0.6866 AUPRC 0.3616 | Test AUROC 0.7333 AUPRC 0.3647
  Epoch 23, Loss 0.5938, Val AUROC 0.6884 AUPRC 0.3633 | Test AUROC 0.7337 AUPRC 0.3653
  Epoch 24, Loss 0.5929, Val AUROC 0.6894 AUPRC 0.3651 | Test AUROC 0.7338 AUPRC 0.3666
  Epoch 25, Loss 0.5909, Val AUROC 0.6903 AUPRC 0.3659 | Test AUROC 0.7345 AUPRC 0.3681
  Epoch 26, Loss 0.5887, Val AUROC 0.6913 AUPRC 0.3668 | Test AUROC 0.7350 AUPRC 0.3705
  Epoch 28, Loss 0.5863, Val AUROC 0.6936 AUPRC 0.3671 | Test AUROC 0.7351 AUPRC 0.3711
  Epoch 29, Loss 0.5857, Val AUROC 0.6951 AUPRC 0.3688 | Test AUROC 0.7356 AUPRC 0.3720
  Epoch 30, Loss 0.5845, Val AUROC 0.6962 AUPRC 0.3699 | Test AUROC 0.7365 AUPRC 0.3738
  Epoch 31, Loss 0.5831, Val AUROC 0.6976 AUPRC 0.3701 | Test AUROC 0.7371 AUPRC 0.3760
  Epoch 32, Loss 0.5824, Val AUROC 0.6989 AUPRC 0.3714 | Test AUROC 0.7374 AUPRC 0.3765
  Epoch 33, Loss 0.5807, Val AUROC 0.7002 AUPRC 0.3722 | Test AUROC 0.7378 AUPRC 0.3779
  Epoch 34, Loss 0.5802, Val AUROC 0.7016 AUPRC 0.3733 | Test AUROC 0.7383 AUPRC 0.3798
  Epoch 35, Loss 0.5790, Val AUROC 0.7025 AUPRC 0.3752 | Test AUROC 0.7389 AUPRC 0.3803
  Epoch 36, Loss 0.5784, Val AUROC 0.7030 AUPRC 0.3754 | Test AUROC 0.7393 AUPRC 0.3805
  Epoch 37, Loss 0.5777, Val AUROC 0.7039 AUPRC 0.3767 | Test AUROC 0.7393 AUPRC 0.3806
  Epoch 38, Loss 0.5768, Val AUROC 0.7042 AUPRC 0.3772 | Test AUROC 0.7395 AUPRC 0.3808
  Epoch 39, Loss 0.5763, Val AUROC 0.7048 AUPRC 0.3787 | Test AUROC 0.7396 AUPRC 0.3813
  Epoch 40, Loss 0.5753, Val AUROC 0.7053 AUPRC 0.3797 | Test AUROC 0.7397 AUPRC 0.3815
  Epoch 41, Loss 0.5748, Val AUROC 0.7060 AUPRC 0.3810 | Test AUROC 0.7398 AUPRC 0.3821
  Epoch 42, Loss 0.5740, Val AUROC 0.7070 AUPRC 0.3824 | Test AUROC 0.7398 AUPRC 0.3829
  Epoch 43, Loss 0.5737, Val AUROC 0.7078 AUPRC 0.3837 | Test AUROC 0.7398 AUPRC 0.3824
  Epoch 44, Loss 0.5730, Val AUROC 0.7084 AUPRC 0.3845 | Test AUROC 0.7398 AUPRC 0.3826
  Epoch 45, Loss 0.5727, Val AUROC 0.7091 AUPRC 0.3855 | Test AUROC 0.7398 AUPRC 0.3825
  Epoch 46, Loss 0.5720, Val AUROC 0.7098 AUPRC 0.3860 | Test AUROC 0.7398 AUPRC 0.3829
  Epoch 47, Loss 0.5716, Val AUROC 0.7100 AUPRC 0.3871 | Test AUROC 0.7400 AUPRC 0.3821
  Epoch 48, Loss 0.5712, Val AUROC 0.7104 AUPRC 0.3883 | Test AUROC 0.7404 AUPRC 0.3816
  Epoch 49, Loss 0.5709, Val AUROC 0.7106 AUPRC 0.3887 | Test AUROC 0.7407 AUPRC 0.3817
  Epoch 56, Loss 0.5687, Val AUROC 0.7112 AUPRC 0.3892 | Test AUROC 0.7427 AUPRC 0.3835
  Epoch 57, Loss 0.5685, Val AUROC 0.7112 AUPRC 0.3897 | Test AUROC 0.7430 AUPRC 0.3838
  Epoch 59, Loss 0.5680, Val AUROC 0.7113 AUPRC 0.3900 | Test AUROC 0.7437 AUPRC 0.3845
  Epoch 60, Loss 0.5677, Val AUROC 0.7115 AUPRC 0.3904 | Test AUROC 0.7441 AUPRC 0.3847
  Epoch 66, Loss 0.5664, Val AUROC 0.7118 AUPRC 0.3905 | Test AUROC 0.7437 AUPRC 0.3808
  Epoch 77, Loss 0.5641, Val AUROC 0.7119 AUPRC 0.3908 | Test AUROC 0.7442 AUPRC 0.3809
  Epoch 78, Loss 0.5640, Val AUROC 0.7127 AUPRC 0.3910 | Test AUROC 0.7441 AUPRC 0.3810
  Epoch 80, Loss 0.5634, Val AUROC 0.7129 AUPRC 0.3917 | Test AUROC 0.7443 AUPRC 0.3819
  Epoch 81, Loss 0.5631, Val AUROC 0.7129 AUPRC 0.3918 | Test AUROC 0.7442 AUPRC 0.3820
  Epoch 82, Loss 0.5631, Val AUROC 0.7128 AUPRC 0.3925 | Test AUROC 0.7445 AUPRC 0.3826
  Epoch 84, Loss 0.5628, Val AUROC 0.7123 AUPRC 0.3927 | Test AUROC 0.7447 AUPRC 0.3827
  Epoch 0, Loss 0.9772, Val AUROC 0.4885 AUPRC 0.2501 | Test AUROC 0.4761 AUPRC 0.2053
  Epoch 4, Loss 0.7322, Val AUROC 0.5202 AUPRC 0.2654 | Test AUROC 0.5332 AUPRC 0.2303
  Epoch 5, Loss 0.7032, Val AUROC 0.5789 AUPRC 0.3021 | Test AUROC 0.5955 AUPRC 0.2800
  Epoch 6, Loss 0.6854, Val AUROC 0.6312 AUPRC 0.3374 | Test AUROC 0.6528 AUPRC 0.3217
  Epoch 7, Loss 0.6769, Val AUROC 0.6564 AUPRC 0.3538 | Test AUROC 0.6879 AUPRC 0.3440
  Epoch 8, Loss 0.6741, Val AUROC 0.6686 AUPRC 0.3616 | Test AUROC 0.7059 AUPRC 0.3552
  Epoch 9, Loss 0.6730, Val AUROC 0.6752 AUPRC 0.3628 | Test AUROC 0.7150 AUPRC 0.3645
  Epoch 23, Loss 0.5850, Val AUROC 0.6852 AUPRC 0.3641 | Test AUROC 0.7260 AUPRC 0.3631
  Epoch 24, Loss 0.5805, Val AUROC 0.6882 AUPRC 0.3701 | Test AUROC 0.7286 AUPRC 0.3650
  Epoch 25, Loss 0.5781, Val AUROC 0.6912 AUPRC 0.3735 | Test AUROC 0.7293 AUPRC 0.3655
  Epoch 26, Loss 0.5722, Val AUROC 0.6940 AUPRC 0.3741 | Test AUROC 0.7288 AUPRC 0.3667
  Epoch 27, Loss 0.5701, Val AUROC 0.6970 AUPRC 0.3787 | Test AUROC 0.7297 AUPRC 0.3670
  Epoch 28, Loss 0.5676, Val AUROC 0.6993 AUPRC 0.3882 | Test AUROC 0.7305 AUPRC 0.3641
  Epoch 29, Loss 0.5645, Val AUROC 0.7008 AUPRC 0.3931 | Test AUROC 0.7308 AUPRC 0.3610
  Epoch 30, Loss 0.5642, Val AUROC 0.7029 AUPRC 0.3941 | Test AUROC 0.7310 AUPRC 0.3622
  Epoch 32, Loss 0.5603, Val AUROC 0.7057 AUPRC 0.3954 | Test AUROC 0.7331 AUPRC 0.3645
  Epoch 33, Loss 0.5567, Val AUROC 0.7066 AUPRC 0.3988 | Test AUROC 0.7346 AUPRC 0.3631
  Epoch 34, Loss 0.5553, Val AUROC 0.7082 AUPRC 0.3989 | Test AUROC 0.7362 AUPRC 0.3660
  Epoch 36, Loss 0.5512, Val AUROC 0.7109 AUPRC 0.4017 | Test AUROC 0.7401 AUPRC 0.3712
  Epoch 37, Loss 0.5483, Val AUROC 0.7120 AUPRC 0.4052 | Test AUROC 0.7420 AUPRC 0.3721
  Epoch 38, Loss 0.5466, Val AUROC 0.7133 AUPRC 0.4065 | Test AUROC 0.7436 AUPRC 0.3748
  Epoch 40, Loss 0.5425, Val AUROC 0.7165 AUPRC 0.4084 | Test AUROC 0.7461 AUPRC 0.3800
  Epoch 41, Loss 0.5402, Val AUROC 0.7174 AUPRC 0.4106 | Test AUROC 0.7470 AUPRC 0.3810
  Epoch 42, Loss 0.5390, Val AUROC 0.7191 AUPRC 0.4119 | Test AUROC 0.7482 AUPRC 0.3834
  Epoch 43, Loss 0.5367, Val AUROC 0.7205 AUPRC 0.4129 | Test AUROC 0.7488 AUPRC 0.3851
  Epoch 44, Loss 0.5354, Val AUROC 0.7209 AUPRC 0.4151 | Test AUROC 0.7506 AUPRC 0.3863
  Epoch 45, Loss 0.5325, Val AUROC 0.7209 AUPRC 0.4157 | Test AUROC 0.7518 AUPRC 0.3872
  Epoch 46, Loss 0.5312, Val AUROC 0.7223 AUPRC 0.4162 | Test AUROC 0.7522 AUPRC 0.3878
  Epoch 47, Loss 0.5291, Val AUROC 0.7232 AUPRC 0.4175 | Test AUROC 0.7519 AUPRC 0.3873
  Epoch 48, Loss 0.5273, Val AUROC 0.7237 AUPRC 0.4191 | Test AUROC 0.7506 AUPRC 0.3854
  Epoch 49, Loss 0.5258, Val AUROC 0.7248 AUPRC 0.4213 | Test AUROC 0.7495 AUPRC 0.3849
  Epoch 50, Loss 0.5234, Val AUROC 0.7256 AUPRC 0.4229 | Test AUROC 0.7486 AUPRC 0.3845
  Epoch 51, Loss 0.5218, Val AUROC 0.7267 AUPRC 0.4255 | Test AUROC 0.7486 AUPRC 0.3855
  Epoch 52, Loss 0.5205, Val AUROC 0.7280 AUPRC 0.4278 | Test AUROC 0.7497 AUPRC 0.3869
  Epoch 53, Loss 0.5180, Val AUROC 0.7285 AUPRC 0.4292 | Test AUROC 0.7503 AUPRC 0.3881
  Epoch 54, Loss 0.5159, Val AUROC 0.7289 AUPRC 0.4305 | Test AUROC 0.7495 AUPRC 0.3881
  Epoch 56, Loss 0.5126, Val AUROC 0.7286 AUPRC 0.4309 | Test AUROC 0.7473 AUPRC 0.3871
  Epoch 80, Loss 0.4752, Val AUROC 0.7307 AUPRC 0.4314 | Test AUROC 0.7412 AUPRC 0.3802
  Epoch 81, Loss 0.4724, Val AUROC 0.7308 AUPRC 0.4321 | Test AUROC 0.7405 AUPRC 0.3800
  Epoch 85, Loss 0.4708, Val AUROC 0.7300 AUPRC 0.4333 | Test AUROC 0.7361 AUPRC 0.3759
  Epoch 86, Loss 0.4739, Val AUROC 0.7316 AUPRC 0.4352 | Test AUROC 0.7359 AUPRC 0.3768
  Epoch 87, Loss 0.4629, Val AUROC 0.7314 AUPRC 0.4359 | Test AUROC 0.7352 AUPRC 0.3762
  Epoch 90, Loss 0.4617, Val AUROC 0.7308 AUPRC 0.4373 | Test AUROC 0.7311 AUPRC 0.3720
  Epoch 91, Loss 0.4566, Val AUROC 0.7313 AUPRC 0.4382 | Test AUROC 0.7305 AUPRC 0.3715
  Epoch 92, Loss 0.4526, Val AUROC 0.7318 AUPRC 0.4392 | Test AUROC 0.7298 AUPRC 0.3716
  Epoch 94, Loss 0.4568, Val AUROC 0.7318 AUPRC 0.4401 | Test AUROC 0.7282 AUPRC 0.3704
  Epoch 101, Loss 0.4534, Val AUROC 0.7313 AUPRC 0.4401 | Test AUROC 0.7232 AUPRC 0.3683
  Epoch 103, Loss 0.4517, Val AUROC 0.7315 AUPRC 0.4409 | Test AUROC 0.7221 AUPRC 0.3677
  Epoch 104, Loss 0.4388, Val AUROC 0.7324 AUPRC 0.4421 | Test AUROC 0.7205 AUPRC 0.3656
  Epoch 106, Loss 0.4515, Val AUROC 0.7335 AUPRC 0.4438 | Test AUROC 0.7191 AUPRC 0.3639
  Epoch 116, Loss 0.4339, Val AUROC 0.7354 AUPRC 0.4439 | Test AUROC 0.7097 AUPRC 0.3578
  Epoch 117, Loss 0.4300, Val AUROC 0.7341 AUPRC 0.4450 | Test AUROC 0.7127 AUPRC 0.3573
  Epoch 118, Loss 0.4264, Val AUROC 0.7359 AUPRC 0.4458 | Test AUROC 0.7113 AUPRC 0.3585
  Epoch 119, Loss 0.4193, Val AUROC 0.7360 AUPRC 0.4463 | Test AUROC 0.7110 AUPRC 0.3584
  Epoch 120, Loss 0.4176, Val AUROC 0.7348 AUPRC 0.4469 | Test AUROC 0.7112 AUPRC 0.3573
  Epoch 152, Loss 0.3989, Val AUROC 0.7374 AUPRC 0.4475 | Test AUROC 0.6971 AUPRC 0.3490
  Epoch 153, Loss 0.3892, Val AUROC 0.7365 AUPRC 0.4487 | Test AUROC 0.6987 AUPRC 0.3477
  Epoch 154, Loss 0.3826, Val AUROC 0.7363 AUPRC 0.4489 | Test AUROC 0.6980 AUPRC 0.3468
  Epoch 159, Loss 0.3844, Val AUROC 0.7368 AUPRC 0.4491 | Test AUROC 0.6980 AUPRC 0.3482
  Epoch 164, Loss 0.3892, Val AUROC 0.7371 AUPRC 0.4491 | Test AUROC 0.6970 AUPRC 0.3472
  Epoch 169, Loss 0.3804, Val AUROC 0.7378 AUPRC 0.4493 | Test AUROC 0.6968 AUPRC 0.3474
tensor([[0.9655, 0.0000, 0.0086,  ..., 0.8315, 0.9993, 0.8531],
        [0.6538, 0.0000, 0.0385,  ..., 0.8372, 1.0000, 0.8754],
        [0.3591, 0.3136, 0.0182,  ..., 0.8331, 0.9992, 0.8802],
        ...,
        [0.0000, 0.5000, 0.5000,  ..., 0.7778, 1.0000, 0.7778],
        [1.0000, 0.0000, 0.0000,  ..., 0.6111, 1.0000, 0.6111],
        [0.6667, 0.0000, 0.3333,  ..., 0.5833, 1.0000, 0.5833]],
       device='cuda:0')
tensor([[0.8070, 0.0322, 0.0221,  ..., 1.0000, 1.0000, 1.0000],
        [0.0000, 0.0000, 0.0000,  ..., 0.0000, 1.0000, 1.0000],
        [0.0000, 0.0000, 0.2000,  ..., 0.0000, 1.0000, 1.0000],
        ...,
        [0.0784, 0.0000, 0.0000,  ..., 0.8407, 0.9986, 0.8435],
        [0.9828, 0.0000, 0.0172,  ..., 0.7935, 0.9991, 0.8339],
        [0.4715, 0.0000, 0.0366,  ..., 0.8006, 0.9991, 0.8334]],
       device='cuda:0')
/home/eirik/miniconda3/envs/GADBench/lib/python3.10/site-packages/xgboost/training.py:200: UserWarning: [17:23:02] WARNING: /__w/xgboost/xgboost/src/learner.cc:782: 
Parameters: { "drop_rate", "h_feats", "lr", "num_layers", "verbose" } are not used.

  bst.update(dtrain, iteration=i, fobj=obj)
/home/eirik/miniconda3/envs/GADBench/lib/python3.10/site-packages/xgboost/training.py:200: UserWarning: [17:23:03] WARNING: /__w/xgboost/xgboost/src/learner.cc:782: 
Parameters: { "verbose" } are not used.

  bst.update(dtrain, iteration=i, fobj=obj)

[tolokers | ff_b0.3_M2 | split 2 | seed 3427]
  forest_fire: 13/15 subgraphs (n: min=500 med=500 max=500 | m: min=1927 med=8339 max=31386)
  Combined: N=6500 M=256224 train=2811 val=1415 unique_origs=4226
  Epoch 0, Loss 0.6965, Val AUROC 0.6430 AUPRC 0.3787 | Test AUROC 0.5951 AUPRC 0.2902
  Epoch 1, Loss 0.6899, Val AUROC 0.7011 AUPRC 0.4213 | Test AUROC 0.6787 AUPRC 0.3518
  Epoch 0, Loss 0.7035, Val AUROC 0.6029 AUPRC 0.3101 | Test AUROC 0.6048 AUPRC 0.2666
  Epoch 1, Loss 0.6926, Val AUROC 0.6474 AUPRC 0.3413 | Test AUROC 0.6400 AUPRC 0.2876
  Epoch 2, Loss 0.6770, Val AUROC 0.6698 AUPRC 0.3587 | Test AUROC 0.6596 AUPRC 0.3037
  Epoch 3, Loss 0.6538, Val AUROC 0.6835 AUPRC 0.3691 | Test AUROC 0.6751 AUPRC 0.3187
  Epoch 4, Loss 0.6444, Val AUROC 0.6903 AUPRC 0.3741 | Test AUROC 0.6846 AUPRC 0.3276
  Epoch 5, Loss 0.6411, Val AUROC 0.6920 AUPRC 0.3761 | Test AUROC 0.6894 AUPRC 0.3342
  Epoch 26, Loss 0.5876, Val AUROC 0.7183 AUPRC 0.3780 | Test AUROC 0.7317 AUPRC 0.3497
  Epoch 27, Loss 0.5860, Val AUROC 0.7194 AUPRC 0.3800 | Test AUROC 0.7313 AUPRC 0.3486
  Epoch 28, Loss 0.5843, Val AUROC 0.7207 AUPRC 0.3822 | Test AUROC 0.7312 AUPRC 0.3480
  Epoch 29, Loss 0.5837, Val AUROC 0.7220 AUPRC 0.3841 | Test AUROC 0.7314 AUPRC 0.3481
  Epoch 30, Loss 0.5818, Val AUROC 0.7234 AUPRC 0.3861 | Test AUROC 0.7316 AUPRC 0.3484
  Epoch 31, Loss 0.5811, Val AUROC 0.7248 AUPRC 0.3879 | Test AUROC 0.7316 AUPRC 0.3484
  Epoch 32, Loss 0.5800, Val AUROC 0.7260 AUPRC 0.3896 | Test AUROC 0.7311 AUPRC 0.3479
  Epoch 33, Loss 0.5787, Val AUROC 0.7272 AUPRC 0.3910 | Test AUROC 0.7308 AUPRC 0.3479
  Epoch 34, Loss 0.5781, Val AUROC 0.7288 AUPRC 0.3933 | Test AUROC 0.7308 AUPRC 0.3488
  Epoch 35, Loss 0.5767, Val AUROC 0.7300 AUPRC 0.3951 | Test AUROC 0.7308 AUPRC 0.3503
  Epoch 36, Loss 0.5762, Val AUROC 0.7311 AUPRC 0.3974 | Test AUROC 0.7306 AUPRC 0.3512
  Epoch 37, Loss 0.5749, Val AUROC 0.7316 AUPRC 0.3986 | Test AUROC 0.7302 AUPRC 0.3520
  Epoch 38, Loss 0.5742, Val AUROC 0.7323 AUPRC 0.4013 | Test AUROC 0.7302 AUPRC 0.3536
  Epoch 39, Loss 0.5732, Val AUROC 0.7333 AUPRC 0.4047 | Test AUROC 0.7305 AUPRC 0.3555
  Epoch 40, Loss 0.5723, Val AUROC 0.7339 AUPRC 0.4058 | Test AUROC 0.7304 AUPRC 0.3570
  Epoch 41, Loss 0.5714, Val AUROC 0.7343 AUPRC 0.4073 | Test AUROC 0.7301 AUPRC 0.3575
  Epoch 42, Loss 0.5704, Val AUROC 0.7345 AUPRC 0.4078 | Test AUROC 0.7301 AUPRC 0.3582
  Epoch 43, Loss 0.5696, Val AUROC 0.7347 AUPRC 0.4085 | Test AUROC 0.7305 AUPRC 0.3594
  Epoch 44, Loss 0.5687, Val AUROC 0.7349 AUPRC 0.4090 | Test AUROC 0.7306 AUPRC 0.3604
  Epoch 45, Loss 0.5681, Val AUROC 0.7352 AUPRC 0.4095 | Test AUROC 0.7305 AUPRC 0.3603
  Epoch 47, Loss 0.5666, Val AUROC 0.7356 AUPRC 0.4119 | Test AUROC 0.7307 AUPRC 0.3618
  Epoch 48, Loss 0.5659, Val AUROC 0.7357 AUPRC 0.4128 | Test AUROC 0.7307 AUPRC 0.3631
  Epoch 49, Loss 0.5653, Val AUROC 0.7361 AUPRC 0.4130 | Test AUROC 0.7305 AUPRC 0.3636
  Epoch 50, Loss 0.5647, Val AUROC 0.7367 AUPRC 0.4142 | Test AUROC 0.7304 AUPRC 0.3645
  Epoch 51, Loss 0.5642, Val AUROC 0.7369 AUPRC 0.4142 | Test AUROC 0.7306 AUPRC 0.3667
  Epoch 52, Loss 0.5638, Val AUROC 0.7374 AUPRC 0.4158 | Test AUROC 0.7306 AUPRC 0.3678
  Epoch 55, Loss 0.5623, Val AUROC 0.7381 AUPRC 0.4163 | Test AUROC 0.7307 AUPRC 0.3701
  Epoch 56, Loss 0.5620, Val AUROC 0.7385 AUPRC 0.4164 | Test AUROC 0.7305 AUPRC 0.3701
  Epoch 0, Loss 1.0064, Val AUROC 0.4750 AUPRC 0.2364 | Test AUROC 0.4748 AUPRC 0.2047
  Epoch 4, Loss 0.7354, Val AUROC 0.5308 AUPRC 0.2706 | Test AUROC 0.5468 AUPRC 0.2377
  Epoch 5, Loss 0.7023, Val AUROC 0.6119 AUPRC 0.3218 | Test AUROC 0.6129 AUPRC 0.2932
  Epoch 6, Loss 0.6815, Val AUROC 0.6604 AUPRC 0.3564 | Test AUROC 0.6635 AUPRC 0.3354
  Epoch 7, Loss 0.6708, Val AUROC 0.6798 AUPRC 0.3708 | Test AUROC 0.6889 AUPRC 0.3545
  Epoch 8, Loss 0.6655, Val AUROC 0.6855 AUPRC 0.3760 | Test AUROC 0.6995 AUPRC 0.3586
  Epoch 23, Loss 0.5799, Val AUROC 0.7121 AUPRC 0.3790 | Test AUROC 0.7251 AUPRC 0.3450
  Epoch 24, Loss 0.5749, Val AUROC 0.7139 AUPRC 0.3856 | Test AUROC 0.7258 AUPRC 0.3450
  Epoch 25, Loss 0.5737, Val AUROC 0.7164 AUPRC 0.3944 | Test AUROC 0.7279 AUPRC 0.3457
  Epoch 26, Loss 0.5679, Val AUROC 0.7188 AUPRC 0.3998 | Test AUROC 0.7299 AUPRC 0.3468
  Epoch 27, Loss 0.5672, Val AUROC 0.7202 AUPRC 0.4012 | Test AUROC 0.7313 AUPRC 0.3488
  Epoch 28, Loss 0.5634, Val AUROC 0.7227 AUPRC 0.4044 | Test AUROC 0.7329 AUPRC 0.3520
  Epoch 29, Loss 0.5620, Val AUROC 0.7257 AUPRC 0.4099 | Test AUROC 0.7358 AUPRC 0.3559
  Epoch 30, Loss 0.5581, Val AUROC 0.7285 AUPRC 0.4136 | Test AUROC 0.7387 AUPRC 0.3609
  Epoch 31, Loss 0.5560, Val AUROC 0.7311 AUPRC 0.4159 | Test AUROC 0.7417 AUPRC 0.3659
  Epoch 32, Loss 0.5528, Val AUROC 0.7337 AUPRC 0.4200 | Test AUROC 0.7449 AUPRC 0.3721
  Epoch 33, Loss 0.5506, Val AUROC 0.7356 AUPRC 0.4221 | Test AUROC 0.7474 AUPRC 0.3780
  Epoch 34, Loss 0.5482, Val AUROC 0.7371 AUPRC 0.4243 | Test AUROC 0.7499 AUPRC 0.3842
  Epoch 35, Loss 0.5460, Val AUROC 0.7390 AUPRC 0.4296 | Test AUROC 0.7518 AUPRC 0.3874
  Epoch 36, Loss 0.5436, Val AUROC 0.7416 AUPRC 0.4354 | Test AUROC 0.7529 AUPRC 0.3875
  Epoch 37, Loss 0.5417, Val AUROC 0.7435 AUPRC 0.4391 | Test AUROC 0.7538 AUPRC 0.3891
  Epoch 38, Loss 0.5389, Val AUROC 0.7452 AUPRC 0.4420 | Test AUROC 0.7542 AUPRC 0.3903
  Epoch 39, Loss 0.5375, Val AUROC 0.7464 AUPRC 0.4439 | Test AUROC 0.7537 AUPRC 0.3901
  Epoch 40, Loss 0.5350, Val AUROC 0.7479 AUPRC 0.4468 | Test AUROC 0.7533 AUPRC 0.3900
  Epoch 41, Loss 0.5336, Val AUROC 0.7489 AUPRC 0.4479 | Test AUROC 0.7530 AUPRC 0.3898
  Epoch 42, Loss 0.5317, Val AUROC 0.7500 AUPRC 0.4500 | Test AUROC 0.7524 AUPRC 0.3891
  Epoch 43, Loss 0.5294, Val AUROC 0.7510 AUPRC 0.4523 | Test AUROC 0.7522 AUPRC 0.3892
  Epoch 44, Loss 0.5281, Val AUROC 0.7514 AUPRC 0.4536 | Test AUROC 0.7522 AUPRC 0.3888
  Epoch 45, Loss 0.5261, Val AUROC 0.7523 AUPRC 0.4547 | Test AUROC 0.7523 AUPRC 0.3897
  Epoch 46, Loss 0.5244, Val AUROC 0.7532 AUPRC 0.4551 | Test AUROC 0.7524 AUPRC 0.3913
  Epoch 47, Loss 0.5231, Val AUROC 0.7542 AUPRC 0.4569 | Test AUROC 0.7524 AUPRC 0.3925
  Epoch 48, Loss 0.5210, Val AUROC 0.7552 AUPRC 0.4591 | Test AUROC 0.7524 AUPRC 0.3943
  Epoch 49, Loss 0.5192, Val AUROC 0.7556 AUPRC 0.4624 | Test AUROC 0.7525 AUPRC 0.3968
  Epoch 50, Loss 0.5181, Val AUROC 0.7561 AUPRC 0.4638 | Test AUROC 0.7527 AUPRC 0.3984
  Epoch 51, Loss 0.5167, Val AUROC 0.7563 AUPRC 0.4644 | Test AUROC 0.7523 AUPRC 0.3983
  Epoch 52, Loss 0.5148, Val AUROC 0.7561 AUPRC 0.4646 | Test AUROC 0.7518 AUPRC 0.3963
  Epoch 54, Loss 0.5119, Val AUROC 0.7568 AUPRC 0.4665 | Test AUROC 0.7509 AUPRC 0.3937
  Epoch 55, Loss 0.5104, Val AUROC 0.7570 AUPRC 0.4684 | Test AUROC 0.7500 AUPRC 0.3926
  Epoch 56, Loss 0.5084, Val AUROC 0.7572 AUPRC 0.4710 | Test AUROC 0.7496 AUPRC 0.3927
  Epoch 57, Loss 0.5064, Val AUROC 0.7576 AUPRC 0.4739 | Test AUROC 0.7493 AUPRC 0.3929
  Epoch 58, Loss 0.5046, Val AUROC 0.7577 AUPRC 0.4752 | Test AUROC 0.7495 AUPRC 0.3945
  Epoch 59, Loss 0.5032, Val AUROC 0.7583 AUPRC 0.4764 | Test AUROC 0.7495 AUPRC 0.3945
  Epoch 60, Loss 0.5016, Val AUROC 0.7592 AUPRC 0.4779 | Test AUROC 0.7487 AUPRC 0.3915
  Epoch 61, Loss 0.5000, Val AUROC 0.7597 AUPRC 0.4803 | Test AUROC 0.7483 AUPRC 0.3894
  Epoch 63, Loss 0.5034, Val AUROC 0.7614 AUPRC 0.4831 | Test AUROC 0.7477 AUPRC 0.3873
  Epoch 65, Loss 0.5029, Val AUROC 0.7614 AUPRC 0.4840 | Test AUROC 0.7459 AUPRC 0.3845
  Epoch 66, Loss 0.4916, Val AUROC 0.7613 AUPRC 0.4861 | Test AUROC 0.7448 AUPRC 0.3845
  Epoch 67, Loss 0.5018, Val AUROC 0.7609 AUPRC 0.4870 | Test AUROC 0.7465 AUPRC 0.3860
  Epoch 70, Loss 0.4977, Val AUROC 0.7612 AUPRC 0.4873 | Test AUROC 0.7462 AUPRC 0.3845
  Epoch 71, Loss 0.4864, Val AUROC 0.7606 AUPRC 0.4879 | Test AUROC 0.7454 AUPRC 0.3830
  Epoch 72, Loss 0.4900, Val AUROC 0.7612 AUPRC 0.4898 | Test AUROC 0.7456 AUPRC 0.3834
  Epoch 73, Loss 0.4864, Val AUROC 0.7606 AUPRC 0.4910 | Test AUROC 0.7453 AUPRC 0.3833
  Epoch 75, Loss 0.4854, Val AUROC 0.7597 AUPRC 0.4921 | Test AUROC 0.7443 AUPRC 0.3825
  Epoch 76, Loss 0.4783, Val AUROC 0.7607 AUPRC 0.4935 | Test AUROC 0.7440 AUPRC 0.3825
  Epoch 79, Loss 0.4753, Val AUROC 0.7609 AUPRC 0.4942 | Test AUROC 0.7411 AUPRC 0.3812
tensor([[0.9655, 0.0000, 0.0086,  ..., 0.8315, 0.9993, 0.8531],
        [0.6538, 0.0000, 0.0385,  ..., 0.8372, 1.0000, 0.8754],
        [0.3591, 0.3136, 0.0182,  ..., 0.8331, 0.9992, 0.8802],
        ...,
        [0.0000, 0.0000, 0.1111,  ..., 0.3911, 1.0000, 1.0000],
        [0.4242, 0.3030, 0.0000,  ..., 0.4529, 1.0000, 1.0000],
        [0.6957, 0.0000, 0.0000,  ..., 0.4553, 1.0000, 0.9667]],
       device='cuda:0')
tensor([[0.8070, 0.0322, 0.0221,  ..., 1.0000, 1.0000, 1.0000],
        [0.0000, 0.0000, 0.0000,  ..., 0.0000, 1.0000, 1.0000],
        [0.0000, 0.0000, 0.2000,  ..., 0.0000, 1.0000, 1.0000],
        ...,
        [0.0784, 0.0000, 0.0000,  ..., 0.8407, 0.9986, 0.8435],
        [0.9828, 0.0000, 0.0172,  ..., 0.7935, 0.9991, 0.8339],
        [0.4715, 0.0000, 0.0366,  ..., 0.8006, 0.9991, 0.8334]],
       device='cuda:0')
/home/eirik/miniconda3/envs/GADBench/lib/python3.10/site-packages/xgboost/training.py:200: UserWarning: [17:23:21] WARNING: /__w/xgboost/xgboost/src/learner.cc:782: 
Parameters: { "drop_rate", "h_feats", "lr", "num_layers", "verbose" } are not used.

  bst.update(dtrain, iteration=i, fobj=obj)
/home/eirik/miniconda3/envs/GADBench/lib/python3.10/site-packages/xgboost/training.py:200: UserWarning: [17:23:21] WARNING: /__w/xgboost/xgboost/src/learner.cc:782: 
Parameters: { "verbose" } are not used.

  bst.update(dtrain, iteration=i, fobj=obj)

[tolokers | ff_b0.3_Minf | split 2 | seed 3427]
  forest_fire: 15/15 subgraphs (n: min=500 med=500 max=500 | m: min=10098 med=19053 max=31386)
  Combined: N=7500 M=582208 train=2248 val=1136 unique_origs=3384
  Epoch 0, Loss 0.6955, Val AUROC 0.5914 AUPRC 0.3692 | Test AUROC 0.5847 AUPRC 0.2798
  Epoch 1, Loss 0.6905, Val AUROC 0.6813 AUPRC 0.4310 | Test AUROC 0.6740 AUPRC 0.3497
  Epoch 2, Loss 0.6860, Val AUROC 0.6877 AUPRC 0.4339 | Test AUROC 0.6900 AUPRC 0.3610
  Epoch 19, Loss 0.6001, Val AUROC 0.6968 AUPRC 0.4351 | Test AUROC 0.6998 AUPRC 0.3651
  Epoch 20, Loss 0.5985, Val AUROC 0.6974 AUPRC 0.4353 | Test AUROC 0.7028 AUPRC 0.3666
  Epoch 22, Loss 0.5985, Val AUROC 0.6974 AUPRC 0.4359 | Test AUROC 0.7070 AUPRC 0.3682
  Epoch 40, Loss 0.5918, Val AUROC 0.6959 AUPRC 0.4369 | Test AUROC 0.7051 AUPRC 0.3680
  Epoch 41, Loss 0.5914, Val AUROC 0.6976 AUPRC 0.4370 | Test AUROC 0.7017 AUPRC 0.3662
  Epoch 42, Loss 0.5911, Val AUROC 0.6974 AUPRC 0.4386 | Test AUROC 0.7030 AUPRC 0.3673
  Epoch 43, Loss 0.5907, Val AUROC 0.6983 AUPRC 0.4395 | Test AUROC 0.7012 AUPRC 0.3662
  Epoch 44, Loss 0.5904, Val AUROC 0.6989 AUPRC 0.4396 | Test AUROC 0.7002 AUPRC 0.3658
  Epoch 78, Loss 0.5826, Val AUROC 0.7017 AUPRC 0.4396 | Test AUROC 0.6973 AUPRC 0.3617
  Epoch 86, Loss 0.5816, Val AUROC 0.7028 AUPRC 0.4396 | Test AUROC 0.6960 AUPRC 0.3603
  Epoch 104, Loss 0.5791, Val AUROC 0.7039 AUPRC 0.4396 | Test AUROC 0.6938 AUPRC 0.3590
  Epoch 107, Loss 0.5788, Val AUROC 0.7043 AUPRC 0.4398 | Test AUROC 0.6934 AUPRC 0.3585
  Epoch 109, Loss 0.5786, Val AUROC 0.7042 AUPRC 0.4400 | Test AUROC 0.6934 AUPRC 0.3583
  Epoch 111, Loss 0.5785, Val AUROC 0.7043 AUPRC 0.4402 | Test AUROC 0.6935 AUPRC 0.3584
  Epoch 115, Loss 0.5782, Val AUROC 0.7043 AUPRC 0.4405 | Test AUROC 0.6933 AUPRC 0.3584
  Epoch 117, Loss 0.5783, Val AUROC 0.7043 AUPRC 0.4408 | Test AUROC 0.6935 AUPRC 0.3585
  Epoch 119, Loss 0.5783, Val AUROC 0.7044 AUPRC 0.4409 | Test AUROC 0.6935 AUPRC 0.3585
  Epoch 121, Loss 0.5779, Val AUROC 0.7047 AUPRC 0.4411 | Test AUROC 0.6932 AUPRC 0.3582
  Epoch 123, Loss 0.5775, Val AUROC 0.7051 AUPRC 0.4414 | Test AUROC 0.6925 AUPRC 0.3574
  Epoch 126, Loss 0.5772, Val AUROC 0.7049 AUPRC 0.4414 | Test AUROC 0.6929 AUPRC 0.3583
  Epoch 128, Loss 0.5776, Val AUROC 0.7048 AUPRC 0.4417 | Test AUROC 0.6929 AUPRC 0.3582
  Epoch 132, Loss 0.5768, Val AUROC 0.7054 AUPRC 0.4418 | Test AUROC 0.6915 AUPRC 0.3571
  Epoch 133, Loss 0.5766, Val AUROC 0.7053 AUPRC 0.4420 | Test AUROC 0.6915 AUPRC 0.3574
  Epoch 135, Loss 0.5765, Val AUROC 0.7054 AUPRC 0.4423 | Test AUROC 0.6916 AUPRC 0.3576
  Epoch 137, Loss 0.5770, Val AUROC 0.7051 AUPRC 0.4424 | Test AUROC 0.6920 AUPRC 0.3581
  Epoch 139, Loss 0.5769, Val AUROC 0.7053 AUPRC 0.4428 | Test AUROC 0.6913 AUPRC 0.3576
  Epoch 144, Loss 0.5765, Val AUROC 0.7057 AUPRC 0.4429 | Test AUROC 0.6904 AUPRC 0.3571
  Epoch 145, Loss 0.5760, Val AUROC 0.7058 AUPRC 0.4430 | Test AUROC 0.6897 AUPRC 0.3567
  Epoch 147, Loss 0.5758, Val AUROC 0.7056 AUPRC 0.4430 | Test AUROC 0.6904 AUPRC 0.3575
  Epoch 149, Loss 0.5762, Val AUROC 0.7059 AUPRC 0.4431 | Test AUROC 0.6896 AUPRC 0.3569
  Epoch 150, Loss 0.5755, Val AUROC 0.7060 AUPRC 0.4432 | Test AUROC 0.6893 AUPRC 0.3564
  Epoch 152, Loss 0.5757, Val AUROC 0.7059 AUPRC 0.4436 | Test AUROC 0.6897 AUPRC 0.3571
  Epoch 166, Loss 0.5743, Val AUROC 0.7067 AUPRC 0.4436 | Test AUROC 0.6871 AUPRC 0.3552
  Epoch 168, Loss 0.5742, Val AUROC 0.7067 AUPRC 0.4438 | Test AUROC 0.6868 AUPRC 0.3552
  Epoch 169, Loss 0.5741, Val AUROC 0.7068 AUPRC 0.4438 | Test AUROC 0.6865 AUPRC 0.3546
  Epoch 173, Loss 0.5741, Val AUROC 0.7070 AUPRC 0.4439 | Test AUROC 0.6860 AUPRC 0.3542
  Epoch 174, Loss 0.5740, Val AUROC 0.7069 AUPRC 0.4441 | Test AUROC 0.6863 AUPRC 0.3543
  Epoch 176, Loss 0.5737, Val AUROC 0.7071 AUPRC 0.4442 | Test AUROC 0.6858 AUPRC 0.3543
  Epoch 180, Loss 0.5736, Val AUROC 0.7073 AUPRC 0.4442 | Test AUROC 0.6855 AUPRC 0.3542
  Epoch 182, Loss 0.5733, Val AUROC 0.7073 AUPRC 0.4442 | Test AUROC 0.6859 AUPRC 0.3546
  Epoch 184, Loss 0.5732, Val AUROC 0.7074 AUPRC 0.4445 | Test AUROC 0.6860 AUPRC 0.3548
  Epoch 186, Loss 0.5730, Val AUROC 0.7075 AUPRC 0.4447 | Test AUROC 0.6859 AUPRC 0.3549
  Epoch 188, Loss 0.5730, Val AUROC 0.7075 AUPRC 0.4448 | Test AUROC 0.6858 AUPRC 0.3548
  Epoch 190, Loss 0.5729, Val AUROC 0.7076 AUPRC 0.4449 | Test AUROC 0.6860 AUPRC 0.3551
  Epoch 0, Loss 0.7051, Val AUROC 0.5814 AUPRC 0.2956 | Test AUROC 0.5962 AUPRC 0.2630
  Epoch 1, Loss 0.6987, Val AUROC 0.6272 AUPRC 0.3218 | Test AUROC 0.6369 AUPRC 0.2863
  Epoch 2, Loss 0.6823, Val AUROC 0.6441 AUPRC 0.3348 | Test AUROC 0.6562 AUPRC 0.3025
  Epoch 3, Loss 0.6598, Val AUROC 0.6586 AUPRC 0.3470 | Test AUROC 0.6715 AUPRC 0.3155
  Epoch 4, Loss 0.6501, Val AUROC 0.6641 AUPRC 0.3532 | Test AUROC 0.6800 AUPRC 0.3242
  Epoch 5, Loss 0.6459, Val AUROC 0.6664 AUPRC 0.3569 | Test AUROC 0.6836 AUPRC 0.3306
  Epoch 6, Loss 0.6360, Val AUROC 0.6674 AUPRC 0.3610 | Test AUROC 0.6855 AUPRC 0.3333
  Epoch 7, Loss 0.6284, Val AUROC 0.6693 AUPRC 0.3647 | Test AUROC 0.6880 AUPRC 0.3375
  Epoch 8, Loss 0.6273, Val AUROC 0.6731 AUPRC 0.3708 | Test AUROC 0.6915 AUPRC 0.3427
  Epoch 9, Loss 0.6249, Val AUROC 0.6756 AUPRC 0.3739 | Test AUROC 0.6960 AUPRC 0.3469
  Epoch 10, Loss 0.6201, Val AUROC 0.6780 AUPRC 0.3760 | Test AUROC 0.7003 AUPRC 0.3494
  Epoch 11, Loss 0.6181, Val AUROC 0.6815 AUPRC 0.3774 | Test AUROC 0.7037 AUPRC 0.3511
  Epoch 12, Loss 0.6174, Val AUROC 0.6835 AUPRC 0.3778 | Test AUROC 0.7072 AUPRC 0.3520
  Epoch 17, Loss 0.6039, Val AUROC 0.6914 AUPRC 0.3784 | Test AUROC 0.7205 AUPRC 0.3553
  Epoch 18, Loss 0.6029, Val AUROC 0.6923 AUPRC 0.3785 | Test AUROC 0.7224 AUPRC 0.3567
  Epoch 21, Loss 0.5986, Val AUROC 0.6942 AUPRC 0.3795 | Test AUROC 0.7255 AUPRC 0.3563
  Epoch 22, Loss 0.5969, Val AUROC 0.6949 AUPRC 0.3808 | Test AUROC 0.7261 AUPRC 0.3562
  Epoch 25, Loss 0.5950, Val AUROC 0.6951 AUPRC 0.3815 | Test AUROC 0.7270 AUPRC 0.3568
  Epoch 26, Loss 0.5949, Val AUROC 0.6957 AUPRC 0.3820 | Test AUROC 0.7271 AUPRC 0.3562
  Epoch 27, Loss 0.5937, Val AUROC 0.6971 AUPRC 0.3836 | Test AUROC 0.7271 AUPRC 0.3555
  Epoch 28, Loss 0.5927, Val AUROC 0.6983 AUPRC 0.3853 | Test AUROC 0.7272 AUPRC 0.3552
  Epoch 29, Loss 0.5920, Val AUROC 0.6989 AUPRC 0.3862 | Test AUROC 0.7272 AUPRC 0.3552
  Epoch 30, Loss 0.5905, Val AUROC 0.6997 AUPRC 0.3873 | Test AUROC 0.7273 AUPRC 0.3552
  Epoch 31, Loss 0.5898, Val AUROC 0.7011 AUPRC 0.3896 | Test AUROC 0.7273 AUPRC 0.3549
  Epoch 32, Loss 0.5886, Val AUROC 0.7029 AUPRC 0.3919 | Test AUROC 0.7272 AUPRC 0.3541
  Epoch 33, Loss 0.5876, Val AUROC 0.7043 AUPRC 0.3939 | Test AUROC 0.7272 AUPRC 0.3539
  Epoch 34, Loss 0.5869, Val AUROC 0.7051 AUPRC 0.3951 | Test AUROC 0.7272 AUPRC 0.3541
  Epoch 35, Loss 0.5857, Val AUROC 0.7058 AUPRC 0.3963 | Test AUROC 0.7274 AUPRC 0.3544
  Epoch 36, Loss 0.5851, Val AUROC 0.7068 AUPRC 0.3970 | Test AUROC 0.7275 AUPRC 0.3547
  Epoch 37, Loss 0.5842, Val AUROC 0.7085 AUPRC 0.3981 | Test AUROC 0.7276 AUPRC 0.3553
  Epoch 38, Loss 0.5834, Val AUROC 0.7095 AUPRC 0.3989 | Test AUROC 0.7277 AUPRC 0.3558
  Epoch 39, Loss 0.5826, Val AUROC 0.7104 AUPRC 0.3998 | Test AUROC 0.7278 AUPRC 0.3563
  Epoch 40, Loss 0.5817, Val AUROC 0.7114 AUPRC 0.4005 | Test AUROC 0.7281 AUPRC 0.3567
  Epoch 41, Loss 0.5811, Val AUROC 0.7127 AUPRC 0.4016 | Test AUROC 0.7282 AUPRC 0.3572
  Epoch 42, Loss 0.5803, Val AUROC 0.7141 AUPRC 0.4032 | Test AUROC 0.7283 AUPRC 0.3574
  Epoch 43, Loss 0.5797, Val AUROC 0.7148 AUPRC 0.4039 | Test AUROC 0.7285 AUPRC 0.3579
  Epoch 44, Loss 0.5790, Val AUROC 0.7154 AUPRC 0.4045 | Test AUROC 0.7287 AUPRC 0.3589
  Epoch 45, Loss 0.5783, Val AUROC 0.7160 AUPRC 0.4055 | Test AUROC 0.7286 AUPRC 0.3587
  Epoch 46, Loss 0.5775, Val AUROC 0.7167 AUPRC 0.4060 | Test AUROC 0.7284 AUPRC 0.3587
  Epoch 47, Loss 0.5767, Val AUROC 0.7171 AUPRC 0.4062 | Test AUROC 0.7284 AUPRC 0.3590
  Epoch 48, Loss 0.5759, Val AUROC 0.7174 AUPRC 0.4067 | Test AUROC 0.7285 AUPRC 0.3594
  Epoch 49, Loss 0.5753, Val AUROC 0.7179 AUPRC 0.4068 | Test AUROC 0.7284 AUPRC 0.3593
  Epoch 50, Loss 0.5745, Val AUROC 0.7182 AUPRC 0.4069 | Test AUROC 0.7283 AUPRC 0.3593
  Epoch 51, Loss 0.5739, Val AUROC 0.7186 AUPRC 0.4071 | Test AUROC 0.7283 AUPRC 0.3597
  Epoch 52, Loss 0.5731, Val AUROC 0.7188 AUPRC 0.4077 | Test AUROC 0.7284 AUPRC 0.3600
  Epoch 0, Loss 1.0193, Val AUROC 0.4244 AUPRC 0.2243 | Test AUROC 0.4738 AUPRC 0.2041
  Epoch 3, Loss 0.7734, Val AUROC 0.4324 AUPRC 0.2281 | Test AUROC 0.4822 AUPRC 0.2010
  Epoch 4, Loss 0.7360, Val AUROC 0.4851 AUPRC 0.2565 | Test AUROC 0.5223 AUPRC 0.2256
  Epoch 5, Loss 0.7041, Val AUROC 0.5672 AUPRC 0.3049 | Test AUROC 0.5808 AUPRC 0.2680
  Epoch 6, Loss 0.6850, Val AUROC 0.6267 AUPRC 0.3360 | Test AUROC 0.6355 AUPRC 0.3056
  Epoch 7, Loss 0.6768, Val AUROC 0.6543 AUPRC 0.3549 | Test AUROC 0.6672 AUPRC 0.3264
  Epoch 8, Loss 0.6748, Val AUROC 0.6692 AUPRC 0.3672 | Test AUROC 0.6827 AUPRC 0.3383
  Epoch 9, Loss 0.6742, Val AUROC 0.6773 AUPRC 0.3746 | Test AUROC 0.6906 AUPRC 0.3450
  Epoch 10, Loss 0.6716, Val AUROC 0.6825 AUPRC 0.3807 | Test AUROC 0.6936 AUPRC 0.3491
  Epoch 11, Loss 0.6654, Val AUROC 0.6867 AUPRC 0.3866 | Test AUROC 0.6891 AUPRC 0.3509
  Epoch 14, Loss 0.6458, Val AUROC 0.6944 AUPRC 0.3940 | Test AUROC 0.6832 AUPRC 0.3481
  Epoch 15, Loss 0.6395, Val AUROC 0.7005 AUPRC 0.4026 | Test AUROC 0.6995 AUPRC 0.3568
  Epoch 16, Loss 0.6281, Val AUROC 0.7040 AUPRC 0.4079 | Test AUROC 0.7124 AUPRC 0.3614
  Epoch 17, Loss 0.6194, Val AUROC 0.7065 AUPRC 0.4116 | Test AUROC 0.7192 AUPRC 0.3630
  Epoch 18, Loss 0.6140, Val AUROC 0.7087 AUPRC 0.4130 | Test AUROC 0.7213 AUPRC 0.3633
  Epoch 19, Loss 0.6061, Val AUROC 0.7112 AUPRC 0.4152 | Test AUROC 0.7212 AUPRC 0.3627
  Epoch 20, Loss 0.5969, Val AUROC 0.7133 AUPRC 0.4180 | Test AUROC 0.7208 AUPRC 0.3619
  Epoch 21, Loss 0.5935, Val AUROC 0.7153 AUPRC 0.4205 | Test AUROC 0.7233 AUPRC 0.3621
  Epoch 22, Loss 0.5891, Val AUROC 0.7156 AUPRC 0.4212 | Test AUROC 0.7278 AUPRC 0.3631
  Epoch 23, Loss 0.5843, Val AUROC 0.7166 AUPRC 0.4221 | Test AUROC 0.7306 AUPRC 0.3627
  Epoch 24, Loss 0.5851, Val AUROC 0.7184 AUPRC 0.4280 | Test AUROC 0.7314 AUPRC 0.3637
  Epoch 25, Loss 0.5809, Val AUROC 0.7209 AUPRC 0.4330 | Test AUROC 0.7317 AUPRC 0.3666
  Epoch 26, Loss 0.5788, Val AUROC 0.7226 AUPRC 0.4365 | Test AUROC 0.7336 AUPRC 0.3685
  Epoch 27, Loss 0.5766, Val AUROC 0.7239 AUPRC 0.4412 | Test AUROC 0.7361 AUPRC 0.3708
  Epoch 28, Loss 0.5711, Val AUROC 0.7250 AUPRC 0.4442 | Test AUROC 0.7378 AUPRC 0.3726
  Epoch 29, Loss 0.5691, Val AUROC 0.7269 AUPRC 0.4501 | Test AUROC 0.7387 AUPRC 0.3751
  Epoch 30, Loss 0.5645, Val AUROC 0.7285 AUPRC 0.4551 | Test AUROC 0.7390 AUPRC 0.3761
  Epoch 31, Loss 0.5629, Val AUROC 0.7296 AUPRC 0.4578 | Test AUROC 0.7403 AUPRC 0.3770
  Epoch 32, Loss 0.5603, Val AUROC 0.7293 AUPRC 0.4596 | Test AUROC 0.7412 AUPRC 0.3772
  Epoch 33, Loss 0.5582, Val AUROC 0.7293 AUPRC 0.4628 | Test AUROC 0.7414 AUPRC 0.3773
  Epoch 34, Loss 0.5574, Val AUROC 0.7311 AUPRC 0.4654 | Test AUROC 0.7408 AUPRC 0.3759
  Epoch 35, Loss 0.5542, Val AUROC 0.7327 AUPRC 0.4684 | Test AUROC 0.7400 AUPRC 0.3747
  Epoch 36, Loss 0.5532, Val AUROC 0.7334 AUPRC 0.4711 | Test AUROC 0.7397 AUPRC 0.3756
  Epoch 37, Loss 0.5496, Val AUROC 0.7337 AUPRC 0.4727 | Test AUROC 0.7395 AUPRC 0.3770
  Epoch 38, Loss 0.5483, Val AUROC 0.7344 AUPRC 0.4736 | Test AUROC 0.7392 AUPRC 0.3772
  Epoch 39, Loss 0.5453, Val AUROC 0.7349 AUPRC 0.4750 | Test AUROC 0.7387 AUPRC 0.3765
  Epoch 40, Loss 0.5441, Val AUROC 0.7348 AUPRC 0.4757 | Test AUROC 0.7390 AUPRC 0.3796
  Epoch 41, Loss 0.5414, Val AUROC 0.7347 AUPRC 0.4760 | Test AUROC 0.7392 AUPRC 0.3835
  Epoch 56, Loss 0.5132, Val AUROC 0.7422 AUPRC 0.4765 | Test AUROC 0.7423 AUPRC 0.3955
  Epoch 58, Loss 0.5094, Val AUROC 0.7426 AUPRC 0.4773 | Test AUROC 0.7410 AUPRC 0.3934
  Epoch 61, Loss 0.5030, Val AUROC 0.7435 AUPRC 0.4782 | Test AUROC 0.7400 AUPRC 0.3927
  Epoch 63, Loss 0.4998, Val AUROC 0.7445 AUPRC 0.4823 | Test AUROC 0.7401 AUPRC 0.3935
  Epoch 65, Loss 0.5039, Val AUROC 0.7447 AUPRC 0.4848 | Test AUROC 0.7406 AUPRC 0.3944
tensor([[0.9655, 0.0000, 0.0086,  ..., 0.8315, 0.9993, 0.8531],
        [0.6538, 0.0000, 0.0385,  ..., 0.8372, 1.0000, 0.8754],
        [0.3591, 0.3136, 0.0182,  ..., 0.8331, 0.9992, 0.8802],
        ...,
        [0.7234, 0.0000, 0.0000,  ..., 0.5699, 0.9998, 0.9912],
        [0.7139, 0.0000, 0.0113,  ..., 0.5329, 0.9994, 0.9909],
        [0.7109, 0.1848, 0.0853,  ..., 0.5567, 0.9995, 0.9888]],
       device='cuda:0')
tensor([[0.8070, 0.0322, 0.0221,  ..., 1.0000, 1.0000, 1.0000],
        [0.0000, 0.0000, 0.0000,  ..., 0.0000, 1.0000, 1.0000],
        [0.0000, 0.0000, 0.2000,  ..., 0.0000, 1.0000, 1.0000],
        ...,
        [0.0784, 0.0000, 0.0000,  ..., 0.8407, 0.9986, 0.8435],
        [0.9828, 0.0000, 0.0172,  ..., 0.7935, 0.9991, 0.8339],
        [0.4715, 0.0000, 0.0366,  ..., 0.8006, 0.9991, 0.8334]],
       device='cuda:0')
/home/eirik/miniconda3/envs/GADBench/lib/python3.10/site-packages/xgboost/training.py:200: UserWarning: [17:23:52] WARNING: /__w/xgboost/xgboost/src/learner.cc:782: 
Parameters: { "drop_rate", "h_feats", "lr", "num_layers", "verbose" } are not used.

  bst.update(dtrain, iteration=i, fobj=obj)
/home/eirik/miniconda3/envs/GADBench/lib/python3.10/site-packages/xgboost/training.py:200: UserWarning: [17:23:52] WARNING: /__w/xgboost/xgboost/src/learner.cc:782: 
Parameters: { "verbose" } are not used.

  bst.update(dtrain, iteration=i, fobj=obj)

[tolokers | ff_b0.5_M1 | split 2 | seed 3427]
  forest_fire: 13/15 subgraphs (n: min=2 med=500 max=500 | m: min=1 med=2456 max=23969)
  Combined: N=5504 M=144696 train=3669 val=1835 unique_origs=5504
  Epoch 0, Loss 0.6979, Val AUROC 0.6051 AUPRC 0.3369 | Test AUROC 0.6012 AUPRC 0.2882
  Epoch 1, Loss 0.6905, Val AUROC 0.6831 AUPRC 0.3992 | Test AUROC 0.6870 AUPRC 0.3530
  Epoch 0, Loss 0.7074, Val AUROC 0.5826 AUPRC 0.2855 | Test AUROC 0.6003 AUPRC 0.2645
  Epoch 1, Loss 0.6984, Val AUROC 0.6240 AUPRC 0.3089 | Test AUROC 0.6421 AUPRC 0.2902
  Epoch 2, Loss 0.6847, Val AUROC 0.6430 AUPRC 0.3221 | Test AUROC 0.6641 AUPRC 0.3091
  Epoch 3, Loss 0.6626, Val AUROC 0.6570 AUPRC 0.3363 | Test AUROC 0.6839 AUPRC 0.3260
  Epoch 4, Loss 0.6517, Val AUROC 0.6681 AUPRC 0.3479 | Test AUROC 0.6935 AUPRC 0.3369
  Epoch 5, Loss 0.6485, Val AUROC 0.6706 AUPRC 0.3507 | Test AUROC 0.6982 AUPRC 0.3437
  Epoch 14, Loss 0.6114, Val AUROC 0.6844 AUPRC 0.3513 | Test AUROC 0.7227 AUPRC 0.3581
  Epoch 15, Loss 0.6098, Val AUROC 0.6852 AUPRC 0.3515 | Test AUROC 0.7247 AUPRC 0.3588
  Epoch 16, Loss 0.6072, Val AUROC 0.6863 AUPRC 0.3523 | Test AUROC 0.7264 AUPRC 0.3585
  Epoch 21, Loss 0.5997, Val AUROC 0.6895 AUPRC 0.3529 | Test AUROC 0.7298 AUPRC 0.3591
  Epoch 22, Loss 0.5983, Val AUROC 0.6909 AUPRC 0.3540 | Test AUROC 0.7299 AUPRC 0.3580
  Epoch 23, Loss 0.5961, Val AUROC 0.6923 AUPRC 0.3550 | Test AUROC 0.7302 AUPRC 0.3571
  Epoch 24, Loss 0.5954, Val AUROC 0.6935 AUPRC 0.3564 | Test AUROC 0.7306 AUPRC 0.3562
  Epoch 25, Loss 0.5931, Val AUROC 0.6949 AUPRC 0.3587 | Test AUROC 0.7309 AUPRC 0.3560
  Epoch 26, Loss 0.5905, Val AUROC 0.6970 AUPRC 0.3631 | Test AUROC 0.7315 AUPRC 0.3580
  Epoch 27, Loss 0.5891, Val AUROC 0.6996 AUPRC 0.3674 | Test AUROC 0.7315 AUPRC 0.3609
  Epoch 28, Loss 0.5876, Val AUROC 0.7010 AUPRC 0.3708 | Test AUROC 0.7313 AUPRC 0.3665
  Epoch 29, Loss 0.5874, Val AUROC 0.7020 AUPRC 0.3710 | Test AUROC 0.7319 AUPRC 0.3704
  Epoch 30, Loss 0.5863, Val AUROC 0.7035 AUPRC 0.3743 | Test AUROC 0.7329 AUPRC 0.3758
  Epoch 31, Loss 0.5855, Val AUROC 0.7050 AUPRC 0.3746 | Test AUROC 0.7336 AUPRC 0.3787
  Epoch 32, Loss 0.5843, Val AUROC 0.7061 AUPRC 0.3754 | Test AUROC 0.7343 AUPRC 0.3814
  Epoch 33, Loss 0.5833, Val AUROC 0.7071 AUPRC 0.3758 | Test AUROC 0.7351 AUPRC 0.3844
  Epoch 34, Loss 0.5826, Val AUROC 0.7081 AUPRC 0.3775 | Test AUROC 0.7365 AUPRC 0.3886
  Epoch 35, Loss 0.5820, Val AUROC 0.7087 AUPRC 0.3792 | Test AUROC 0.7376 AUPRC 0.3924
  Epoch 36, Loss 0.5817, Val AUROC 0.7088 AUPRC 0.3796 | Test AUROC 0.7380 AUPRC 0.3926
  Epoch 37, Loss 0.5811, Val AUROC 0.7085 AUPRC 0.3796 | Test AUROC 0.7383 AUPRC 0.3930
  Epoch 38, Loss 0.5805, Val AUROC 0.7083 AUPRC 0.3801 | Test AUROC 0.7390 AUPRC 0.3923
  Epoch 57, Loss 0.5732, Val AUROC 0.7108 AUPRC 0.3802 | Test AUROC 0.7436 AUPRC 0.3990
  Epoch 58, Loss 0.5729, Val AUROC 0.7105 AUPRC 0.3809 | Test AUROC 0.7443 AUPRC 0.3996
  Epoch 81, Loss 0.5694, Val AUROC 0.7100 AUPRC 0.3814 | Test AUROC 0.7438 AUPRC 0.3888
  Epoch 82, Loss 0.5693, Val AUROC 0.7102 AUPRC 0.3816 | Test AUROC 0.7437 AUPRC 0.3887
  Epoch 83, Loss 0.5692, Val AUROC 0.7097 AUPRC 0.3819 | Test AUROC 0.7440 AUPRC 0.3891
  Epoch 84, Loss 0.5691, Val AUROC 0.7101 AUPRC 0.3823 | Test AUROC 0.7438 AUPRC 0.3884
  Epoch 86, Loss 0.5696, Val AUROC 0.7103 AUPRC 0.3825 | Test AUROC 0.7435 AUPRC 0.3876
  Epoch 109, Loss 0.5676, Val AUROC 0.7104 AUPRC 0.3829 | Test AUROC 0.7444 AUPRC 0.3875
  Epoch 0, Loss 0.9773, Val AUROC 0.4598 AUPRC 0.2318 | Test AUROC 0.4720 AUPRC 0.2036
  Epoch 4, Loss 0.7355, Val AUROC 0.4783 AUPRC 0.2407 | Test AUROC 0.5240 AUPRC 0.2256
  Epoch 5, Loss 0.7068, Val AUROC 0.5406 AUPRC 0.2759 | Test AUROC 0.5821 AUPRC 0.2702
  Epoch 6, Loss 0.6900, Val AUROC 0.6060 AUPRC 0.3134 | Test AUROC 0.6401 AUPRC 0.3138
  Epoch 7, Loss 0.6825, Val AUROC 0.6471 AUPRC 0.3379 | Test AUROC 0.6802 AUPRC 0.3440
  Epoch 8, Loss 0.6803, Val AUROC 0.6662 AUPRC 0.3525 | Test AUROC 0.7012 AUPRC 0.3622
  Epoch 9, Loss 0.6796, Val AUROC 0.6738 AUPRC 0.3582 | Test AUROC 0.7097 AUPRC 0.3707
  Epoch 15, Loss 0.6434, Val AUROC 0.6902 AUPRC 0.3617 | Test AUROC 0.6940 AUPRC 0.3504
  Epoch 16, Loss 0.6379, Val AUROC 0.6968 AUPRC 0.3684 | Test AUROC 0.7047 AUPRC 0.3531
  Epoch 17, Loss 0.6257, Val AUROC 0.7013 AUPRC 0.3799 | Test AUROC 0.7150 AUPRC 0.3555
  Epoch 18, Loss 0.6149, Val AUROC 0.7049 AUPRC 0.3890 | Test AUROC 0.7220 AUPRC 0.3577
  Epoch 19, Loss 0.6087, Val AUROC 0.7077 AUPRC 0.3944 | Test AUROC 0.7251 AUPRC 0.3590
  Epoch 24, Loss 0.5830, Val AUROC 0.7145 AUPRC 0.3948 | Test AUROC 0.7360 AUPRC 0.3672
  Epoch 25, Loss 0.5832, Val AUROC 0.7161 AUPRC 0.3956 | Test AUROC 0.7368 AUPRC 0.3676
  Epoch 27, Loss 0.5751, Val AUROC 0.7188 AUPRC 0.3964 | Test AUROC 0.7378 AUPRC 0.3693
  Epoch 28, Loss 0.5728, Val AUROC 0.7197 AUPRC 0.4012 | Test AUROC 0.7383 AUPRC 0.3697
  Epoch 29, Loss 0.5677, Val AUROC 0.7199 AUPRC 0.4047 | Test AUROC 0.7389 AUPRC 0.3706
  Epoch 30, Loss 0.5667, Val AUROC 0.7207 AUPRC 0.4055 | Test AUROC 0.7391 AUPRC 0.3721
  Epoch 33, Loss 0.5598, Val AUROC 0.7238 AUPRC 0.4086 | Test AUROC 0.7414 AUPRC 0.3776
  Epoch 34, Loss 0.5560, Val AUROC 0.7245 AUPRC 0.4110 | Test AUROC 0.7431 AUPRC 0.3785
  Epoch 38, Loss 0.5470, Val AUROC 0.7277 AUPRC 0.4172 | Test AUROC 0.7484 AUPRC 0.3813
  Epoch 39, Loss 0.5454, Val AUROC 0.7295 AUPRC 0.4201 | Test AUROC 0.7493 AUPRC 0.3814
  Epoch 40, Loss 0.5435, Val AUROC 0.7311 AUPRC 0.4222 | Test AUROC 0.7500 AUPRC 0.3815
  Epoch 41, Loss 0.5421, Val AUROC 0.7326 AUPRC 0.4281 | Test AUROC 0.7498 AUPRC 0.3793
  Epoch 42, Loss 0.5396, Val AUROC 0.7328 AUPRC 0.4310 | Test AUROC 0.7488 AUPRC 0.3762
  Epoch 43, Loss 0.5381, Val AUROC 0.7337 AUPRC 0.4351 | Test AUROC 0.7484 AUPRC 0.3754
  Epoch 44, Loss 0.5362, Val AUROC 0.7344 AUPRC 0.4380 | Test AUROC 0.7481 AUPRC 0.3759
  Epoch 45, Loss 0.5350, Val AUROC 0.7341 AUPRC 0.4400 | Test AUROC 0.7475 AUPRC 0.3756
  Epoch 46, Loss 0.5330, Val AUROC 0.7341 AUPRC 0.4418 | Test AUROC 0.7471 AUPRC 0.3756
  Epoch 47, Loss 0.5315, Val AUROC 0.7351 AUPRC 0.4439 | Test AUROC 0.7482 AUPRC 0.3773
  Epoch 48, Loss 0.5296, Val AUROC 0.7358 AUPRC 0.4442 | Test AUROC 0.7491 AUPRC 0.3791
  Epoch 49, Loss 0.5283, Val AUROC 0.7359 AUPRC 0.4455 | Test AUROC 0.7495 AUPRC 0.3796
  Epoch 50, Loss 0.5266, Val AUROC 0.7363 AUPRC 0.4458 | Test AUROC 0.7504 AUPRC 0.3806
  Epoch 51, Loss 0.5248, Val AUROC 0.7368 AUPRC 0.4463 | Test AUROC 0.7516 AUPRC 0.3827
  Epoch 55, Loss 0.5180, Val AUROC 0.7374 AUPRC 0.4474 | Test AUROC 0.7533 AUPRC 0.3858
  Epoch 56, Loss 0.5162, Val AUROC 0.7379 AUPRC 0.4489 | Test AUROC 0.7538 AUPRC 0.3881
  Epoch 57, Loss 0.5148, Val AUROC 0.7379 AUPRC 0.4496 | Test AUROC 0.7543 AUPRC 0.3900
  Epoch 58, Loss 0.5132, Val AUROC 0.7371 AUPRC 0.4508 | Test AUROC 0.7538 AUPRC 0.3893
  Epoch 59, Loss 0.5118, Val AUROC 0.7371 AUPRC 0.4513 | Test AUROC 0.7547 AUPRC 0.3907
  Epoch 60, Loss 0.5103, Val AUROC 0.7374 AUPRC 0.4520 | Test AUROC 0.7553 AUPRC 0.3915
  Epoch 61, Loss 0.5088, Val AUROC 0.7384 AUPRC 0.4537 | Test AUROC 0.7564 AUPRC 0.3924
  Epoch 65, Loss 0.5032, Val AUROC 0.7411 AUPRC 0.4558 | Test AUROC 0.7573 AUPRC 0.3908
  Epoch 67, Loss 0.5062, Val AUROC 0.7431 AUPRC 0.4606 | Test AUROC 0.7581 AUPRC 0.3902
  Epoch 70, Loss 0.4968, Val AUROC 0.7439 AUPRC 0.4626 | Test AUROC 0.7583 AUPRC 0.3905
tensor([[0.9655, 0.0000, 0.0086,  ..., 0.8260, 1.0000, 0.8480],
        [0.4917, 0.4199, 0.0221,  ..., 0.8272, 1.0000, 0.8375],
        [0.5470, 0.0000, 0.0276,  ..., 0.8282, 1.0000, 0.8429],
        ...,
        [0.9318, 0.0000, 0.0227,  ..., 0.8750, 1.0000, 0.8750],
        [0.9483, 0.0000, 0.0517,  ..., 0.9500, 1.0000, 0.8833],
        [0.8929, 0.0000, 0.0714,  ..., 1.0000, 1.0000, 1.0000]],
       device='cuda:0')
tensor([[0.8070, 0.0322, 0.0221,  ..., 1.0000, 1.0000, 1.0000],
        [0.0000, 0.0000, 0.0000,  ..., 0.0000, 1.0000, 1.0000],
        [0.0000, 0.0000, 0.2000,  ..., 0.0000, 1.0000, 1.0000],
        ...,
        [0.0784, 0.0000, 0.0000,  ..., 0.8407, 0.9986, 0.8435],
        [0.9828, 0.0000, 0.0172,  ..., 0.7935, 0.9991, 0.8339],
        [0.4715, 0.0000, 0.0366,  ..., 0.8006, 0.9991, 0.8334]],
       device='cuda:0')
/home/eirik/miniconda3/envs/GADBench/lib/python3.10/site-packages/xgboost/training.py:200: UserWarning: [17:24:07] WARNING: /__w/xgboost/xgboost/src/learner.cc:782: 
Parameters: { "drop_rate", "h_feats", "lr", "num_layers", "verbose" } are not used.

  bst.update(dtrain, iteration=i, fobj=obj)
/home/eirik/miniconda3/envs/GADBench/lib/python3.10/site-packages/xgboost/training.py:200: UserWarning: [17:24:07] WARNING: /__w/xgboost/xgboost/src/learner.cc:782: 
Parameters: { "verbose" } are not used.

  bst.update(dtrain, iteration=i, fobj=obj)

[tolokers | ff_b0.5_Minf | split 2 | seed 3427]
  forest_fire: 15/15 subgraphs (n: min=500 med=500 max=500 | m: min=12540 med=19232 max=36461)
  Combined: N=7500 M=643658 train=2205 val=1085 unique_origs=3290
  Epoch 0, Loss 0.6961, Val AUROC 0.6253 AUPRC 0.3781 | Test AUROC 0.5873 AUPRC 0.2835
  Epoch 1, Loss 0.6907, Val AUROC 0.7169 AUPRC 0.4490 | Test AUROC 0.6792 AUPRC 0.3523
  Epoch 2, Loss 0.6864, Val AUROC 0.7156 AUPRC 0.4501 | Test AUROC 0.6834 AUPRC 0.3574
  Epoch 15, Loss 0.6098, Val AUROC 0.7105 AUPRC 0.4506 | Test AUROC 0.6892 AUPRC 0.3609
  Epoch 19, Loss 0.6007, Val AUROC 0.7192 AUPRC 0.4507 | Test AUROC 0.6997 AUPRC 0.3649
  Epoch 20, Loss 0.5998, Val AUROC 0.7206 AUPRC 0.4518 | Test AUROC 0.7017 AUPRC 0.3660
  Epoch 21, Loss 0.5999, Val AUROC 0.7212 AUPRC 0.4519 | Test AUROC 0.7038 AUPRC 0.3670
  Epoch 23, Loss 0.5997, Val AUROC 0.7212 AUPRC 0.4520 | Test AUROC 0.7072 AUPRC 0.3686
  Epoch 0, Loss 0.7040, Val AUROC 0.6145 AUPRC 0.2996 | Test AUROC 0.6030 AUPRC 0.2660
  Epoch 1, Loss 0.6911, Val AUROC 0.6677 AUPRC 0.3270 | Test AUROC 0.6387 AUPRC 0.2877
  Epoch 2, Loss 0.6759, Val AUROC 0.6838 AUPRC 0.3417 | Test AUROC 0.6572 AUPRC 0.3037
  Epoch 3, Loss 0.6518, Val AUROC 0.6893 AUPRC 0.3477 | Test AUROC 0.6727 AUPRC 0.3178
  Epoch 4, Loss 0.6389, Val AUROC 0.6921 AUPRC 0.3531 | Test AUROC 0.6812 AUPRC 0.3261
  Epoch 5, Loss 0.6334, Val AUROC 0.6951 AUPRC 0.3561 | Test AUROC 0.6863 AUPRC 0.3342
  Epoch 6, Loss 0.6227, Val AUROC 0.6973 AUPRC 0.3591 | Test AUROC 0.6887 AUPRC 0.3404
  Epoch 7, Loss 0.6125, Val AUROC 0.7000 AUPRC 0.3626 | Test AUROC 0.6910 AUPRC 0.3442
  Epoch 8, Loss 0.6096, Val AUROC 0.7021 AUPRC 0.3632 | Test AUROC 0.6943 AUPRC 0.3502
  Epoch 9, Loss 0.6078, Val AUROC 0.7036 AUPRC 0.3644 | Test AUROC 0.6973 AUPRC 0.3532
  Epoch 10, Loss 0.6030, Val AUROC 0.7056 AUPRC 0.3663 | Test AUROC 0.7007 AUPRC 0.3547
  Epoch 11, Loss 0.6015, Val AUROC 0.7076 AUPRC 0.3669 | Test AUROC 0.7038 AUPRC 0.3561
  Epoch 12, Loss 0.6024, Val AUROC 0.7091 AUPRC 0.3676 | Test AUROC 0.7063 AUPRC 0.3570
  Epoch 15, Loss 0.5979, Val AUROC 0.7108 AUPRC 0.3682 | Test AUROC 0.7138 AUPRC 0.3602
  Epoch 16, Loss 0.5944, Val AUROC 0.7118 AUPRC 0.3688 | Test AUROC 0.7160 AUPRC 0.3611
  Epoch 17, Loss 0.5920, Val AUROC 0.7127 AUPRC 0.3693 | Test AUROC 0.7184 AUPRC 0.3617
  Epoch 28, Loss 0.5787, Val AUROC 0.7205 AUPRC 0.3703 | Test AUROC 0.7329 AUPRC 0.3571
  Epoch 29, Loss 0.5772, Val AUROC 0.7231 AUPRC 0.3736 | Test AUROC 0.7334 AUPRC 0.3598
  Epoch 30, Loss 0.5762, Val AUROC 0.7233 AUPRC 0.3738 | Test AUROC 0.7329 AUPRC 0.3602
  Epoch 31, Loss 0.5745, Val AUROC 0.7232 AUPRC 0.3743 | Test AUROC 0.7324 AUPRC 0.3609
  Epoch 37, Loss 0.5695, Val AUROC 0.7243 AUPRC 0.3745 | Test AUROC 0.7322 AUPRC 0.3695
  Epoch 38, Loss 0.5690, Val AUROC 0.7247 AUPRC 0.3750 | Test AUROC 0.7322 AUPRC 0.3703
  Epoch 39, Loss 0.5680, Val AUROC 0.7249 AUPRC 0.3753 | Test AUROC 0.7323 AUPRC 0.3709
  Epoch 40, Loss 0.5676, Val AUROC 0.7249 AUPRC 0.3755 | Test AUROC 0.7327 AUPRC 0.3722
  Epoch 42, Loss 0.5663, Val AUROC 0.7250 AUPRC 0.3758 | Test AUROC 0.7329 AUPRC 0.3742
  Epoch 44, Loss 0.5651, Val AUROC 0.7246 AUPRC 0.3763 | Test AUROC 0.7331 AUPRC 0.3758
  Epoch 52, Loss 0.5613, Val AUROC 0.7228 AUPRC 0.3764 | Test AUROC 0.7326 AUPRC 0.3785
  Epoch 53, Loss 0.5610, Val AUROC 0.7227 AUPRC 0.3767 | Test AUROC 0.7325 AUPRC 0.3796
  Epoch 54, Loss 0.5606, Val AUROC 0.7226 AUPRC 0.3772 | Test AUROC 0.7323 AUPRC 0.3799
  Epoch 55, Loss 0.5602, Val AUROC 0.7226 AUPRC 0.3774 | Test AUROC 0.7322 AUPRC 0.3806
  Epoch 56, Loss 0.5599, Val AUROC 0.7226 AUPRC 0.3778 | Test AUROC 0.7321 AUPRC 0.3818
  Epoch 57, Loss 0.5597, Val AUROC 0.7224 AUPRC 0.3779 | Test AUROC 0.7320 AUPRC 0.3821
  Epoch 60, Loss 0.5589, Val AUROC 0.7222 AUPRC 0.3782 | Test AUROC 0.7318 AUPRC 0.3842
  Epoch 61, Loss 0.5587, Val AUROC 0.7220 AUPRC 0.3793 | Test AUROC 0.7318 AUPRC 0.3856
  Epoch 62, Loss 0.5585, Val AUROC 0.7221 AUPRC 0.3810 | Test AUROC 0.7318 AUPRC 0.3860
  Epoch 63, Loss 0.5583, Val AUROC 0.7222 AUPRC 0.3816 | Test AUROC 0.7319 AUPRC 0.3866
  Epoch 64, Loss 0.5582, Val AUROC 0.7222 AUPRC 0.3825 | Test AUROC 0.7318 AUPRC 0.3869
  Epoch 65, Loss 0.5580, Val AUROC 0.7221 AUPRC 0.3826 | Test AUROC 0.7319 AUPRC 0.3876
  Epoch 66, Loss 0.5578, Val AUROC 0.7220 AUPRC 0.3834 | Test AUROC 0.7318 AUPRC 0.3878
  Epoch 67, Loss 0.5576, Val AUROC 0.7220 AUPRC 0.3837 | Test AUROC 0.7319 AUPRC 0.3880
  Epoch 70, Loss 0.5571, Val AUROC 0.7221 AUPRC 0.3838 | Test AUROC 0.7319 AUPRC 0.3881
  Epoch 71, Loss 0.5569, Val AUROC 0.7221 AUPRC 0.3842 | Test AUROC 0.7320 AUPRC 0.3885
  Epoch 73, Loss 0.5566, Val AUROC 0.7220 AUPRC 0.3844 | Test AUROC 0.7320 AUPRC 0.3888
  Epoch 74, Loss 0.5565, Val AUROC 0.7221 AUPRC 0.3846 | Test AUROC 0.7320 AUPRC 0.3897
  Epoch 75, Loss 0.5564, Val AUROC 0.7221 AUPRC 0.3847 | Test AUROC 0.7320 AUPRC 0.3895
  Epoch 76, Loss 0.5563, Val AUROC 0.7219 AUPRC 0.3853 | Test AUROC 0.7321 AUPRC 0.3901
  Epoch 77, Loss 0.5563, Val AUROC 0.7219 AUPRC 0.3863 | Test AUROC 0.7322 AUPRC 0.3903
  Epoch 82, Loss 0.5557, Val AUROC 0.7218 AUPRC 0.3864 | Test AUROC 0.7328 AUPRC 0.3923
  Epoch 85, Loss 0.5554, Val AUROC 0.7220 AUPRC 0.3866 | Test AUROC 0.7331 AUPRC 0.3937
  Epoch 89, Loss 0.5564, Val AUROC 0.7217 AUPRC 0.3869 | Test AUROC 0.7336 AUPRC 0.3950
  Epoch 90, Loss 0.5552, Val AUROC 0.7217 AUPRC 0.3871 | Test AUROC 0.7338 AUPRC 0.3951
  Epoch 91, Loss 0.5553, Val AUROC 0.7223 AUPRC 0.3872 | Test AUROC 0.7338 AUPRC 0.3946
  Epoch 92, Loss 0.5558, Val AUROC 0.7218 AUPRC 0.3872 | Test AUROC 0.7340 AUPRC 0.3952
  Epoch 94, Loss 0.5553, Val AUROC 0.7219 AUPRC 0.3879 | Test AUROC 0.7340 AUPRC 0.3953
  Epoch 96, Loss 0.5545, Val AUROC 0.7213 AUPRC 0.3880 | Test AUROC 0.7343 AUPRC 0.3969
  Epoch 97, Loss 0.5550, Val AUROC 0.7215 AUPRC 0.3880 | Test AUROC 0.7342 AUPRC 0.3966
  Epoch 115, Loss 0.5531, Val AUROC 0.7209 AUPRC 0.3886 | Test AUROC 0.7356 AUPRC 0.4007
  Epoch 116, Loss 0.5530, Val AUROC 0.7211 AUPRC 0.3892 | Test AUROC 0.7357 AUPRC 0.4008
  Epoch 117, Loss 0.5529, Val AUROC 0.7210 AUPRC 0.3896 | Test AUROC 0.7358 AUPRC 0.4013
  Epoch 123, Loss 0.5525, Val AUROC 0.7205 AUPRC 0.3917 | Test AUROC 0.7361 AUPRC 0.4019
  Epoch 141, Loss 0.5513, Val AUROC 0.7197 AUPRC 0.3921 | Test AUROC 0.7364 AUPRC 0.4035
  Epoch 142, Loss 0.5513, Val AUROC 0.7197 AUPRC 0.3922 | Test AUROC 0.7363 AUPRC 0.4036
  Epoch 143, Loss 0.5512, Val AUROC 0.7198 AUPRC 0.3922 | Test AUROC 0.7363 AUPRC 0.4034
  Epoch 144, Loss 0.5511, Val AUROC 0.7201 AUPRC 0.3929 | Test AUROC 0.7363 AUPRC 0.4033
  Epoch 145, Loss 0.5510, Val AUROC 0.7199 AUPRC 0.3930 | Test AUROC 0.7362 AUPRC 0.4032
  Epoch 146, Loss 0.5510, Val AUROC 0.7201 AUPRC 0.3935 | Test AUROC 0.7362 AUPRC 0.4032
  Epoch 148, Loss 0.5509, Val AUROC 0.7203 AUPRC 0.3943 | Test AUROC 0.7360 AUPRC 0.4031
  Epoch 154, Loss 0.5509, Val AUROC 0.7205 AUPRC 0.3951 | Test AUROC 0.7359 AUPRC 0.4031
  Epoch 156, Loss 0.5518, Val AUROC 0.7204 AUPRC 0.3952 | Test AUROC 0.7356 AUPRC 0.4030
  Epoch 158, Loss 0.5530, Val AUROC 0.7204 AUPRC 0.3957 | Test AUROC 0.7357 AUPRC 0.4033
  Epoch 163, Loss 0.5515, Val AUROC 0.7199 AUPRC 0.3959 | Test AUROC 0.7359 AUPRC 0.4045
  Epoch 164, Loss 0.5509, Val AUROC 0.7194 AUPRC 0.3961 | Test AUROC 0.7359 AUPRC 0.4047
  Epoch 166, Loss 0.5503, Val AUROC 0.7199 AUPRC 0.3961 | Test AUROC 0.7358 AUPRC 0.4047
  Epoch 168, Loss 0.5506, Val AUROC 0.7199 AUPRC 0.3964 | Test AUROC 0.7359 AUPRC 0.4050
  Epoch 176, Loss 0.5500, Val AUROC 0.7197 AUPRC 0.3967 | Test AUROC 0.7359 AUPRC 0.4057
  Epoch 179, Loss 0.5495, Val AUROC 0.7198 AUPRC 0.3972 | Test AUROC 0.7360 AUPRC 0.4057
  Epoch 182, Loss 0.5496, Val AUROC 0.7196 AUPRC 0.3974 | Test AUROC 0.7361 AUPRC 0.4057
  Epoch 183, Loss 0.5494, Val AUROC 0.7197 AUPRC 0.3981 | Test AUROC 0.7362 AUPRC 0.4058
  Epoch 198, Loss 0.5489, Val AUROC 0.7196 AUPRC 0.3982 | Test AUROC 0.7367 AUPRC 0.4070
  Epoch 0, Loss 1.0205, Val AUROC 0.4190 AUPRC 0.2102 | Test AUROC 0.4727 AUPRC 0.2040
  Epoch 3, Loss 0.7721, Val AUROC 0.4336 AUPRC 0.2137 | Test AUROC 0.4986 AUPRC 0.2063
  Epoch 4, Loss 0.7350, Val AUROC 0.5054 AUPRC 0.2448 | Test AUROC 0.5448 AUPRC 0.2360
  Epoch 5, Loss 0.7009, Val AUROC 0.5897 AUPRC 0.2936 | Test AUROC 0.6051 AUPRC 0.2871
  Epoch 6, Loss 0.6798, Val AUROC 0.6452 AUPRC 0.3328 | Test AUROC 0.6557 AUPRC 0.3257
  Epoch 7, Loss 0.6695, Val AUROC 0.6712 AUPRC 0.3608 | Test AUROC 0.6814 AUPRC 0.3425
  Epoch 8, Loss 0.6643, Val AUROC 0.6842 AUPRC 0.3691 | Test AUROC 0.6943 AUPRC 0.3521
  Epoch 9, Loss 0.6587, Val AUROC 0.6912 AUPRC 0.3712 | Test AUROC 0.6983 AUPRC 0.3566
  Epoch 10, Loss 0.6488, Val AUROC 0.6958 AUPRC 0.3757 | Test AUROC 0.6958 AUPRC 0.3622
  Epoch 11, Loss 0.6363, Val AUROC 0.6988 AUPRC 0.3769 | Test AUROC 0.6907 AUPRC 0.3599
  Epoch 12, Loss 0.6268, Val AUROC 0.7009 AUPRC 0.3772 | Test AUROC 0.6893 AUPRC 0.3575
  Epoch 13, Loss 0.6200, Val AUROC 0.7031 AUPRC 0.3783 | Test AUROC 0.6944 AUPRC 0.3617
  Epoch 14, Loss 0.6116, Val AUROC 0.7056 AUPRC 0.3832 | Test AUROC 0.7033 AUPRC 0.3666
  Epoch 15, Loss 0.6013, Val AUROC 0.7075 AUPRC 0.3852 | Test AUROC 0.7110 AUPRC 0.3712
  Epoch 21, Loss 0.5803, Val AUROC 0.7122 AUPRC 0.3880 | Test AUROC 0.7272 AUPRC 0.3847
  Epoch 22, Loss 0.5803, Val AUROC 0.7146 AUPRC 0.3925 | Test AUROC 0.7287 AUPRC 0.3848
  Epoch 23, Loss 0.5768, Val AUROC 0.7170 AUPRC 0.3952 | Test AUROC 0.7311 AUPRC 0.3868
  Epoch 24, Loss 0.5758, Val AUROC 0.7194 AUPRC 0.4003 | Test AUROC 0.7354 AUPRC 0.3901
  Epoch 25, Loss 0.5710, Val AUROC 0.7217 AUPRC 0.4074 | Test AUROC 0.7401 AUPRC 0.3938
  Epoch 26, Loss 0.5686, Val AUROC 0.7236 AUPRC 0.4134 | Test AUROC 0.7431 AUPRC 0.3985
  Epoch 27, Loss 0.5651, Val AUROC 0.7256 AUPRC 0.4158 | Test AUROC 0.7453 AUPRC 0.4011
  Epoch 28, Loss 0.5622, Val AUROC 0.7283 AUPRC 0.4201 | Test AUROC 0.7477 AUPRC 0.4056
  Epoch 29, Loss 0.5599, Val AUROC 0.7313 AUPRC 0.4266 | Test AUROC 0.7501 AUPRC 0.4096
  Epoch 30, Loss 0.5568, Val AUROC 0.7346 AUPRC 0.4317 | Test AUROC 0.7516 AUPRC 0.4130
  Epoch 32, Loss 0.5516, Val AUROC 0.7415 AUPRC 0.4346 | Test AUROC 0.7530 AUPRC 0.4146
  Epoch 33, Loss 0.5494, Val AUROC 0.7436 AUPRC 0.4361 | Test AUROC 0.7535 AUPRC 0.4135
  Epoch 34, Loss 0.5458, Val AUROC 0.7451 AUPRC 0.4375 | Test AUROC 0.7534 AUPRC 0.4136
  Epoch 35, Loss 0.5433, Val AUROC 0.7463 AUPRC 0.4388 | Test AUROC 0.7535 AUPRC 0.4146
  Epoch 37, Loss 0.5376, Val AUROC 0.7497 AUPRC 0.4425 | Test AUROC 0.7548 AUPRC 0.4150
  Epoch 38, Loss 0.5356, Val AUROC 0.7509 AUPRC 0.4453 | Test AUROC 0.7559 AUPRC 0.4153
  Epoch 39, Loss 0.5325, Val AUROC 0.7527 AUPRC 0.4491 | Test AUROC 0.7568 AUPRC 0.4168
  Epoch 40, Loss 0.5301, Val AUROC 0.7557 AUPRC 0.4561 | Test AUROC 0.7553 AUPRC 0.4173
  Epoch 41, Loss 0.5277, Val AUROC 0.7577 AUPRC 0.4623 | Test AUROC 0.7550 AUPRC 0.4182
  Epoch 42, Loss 0.5237, Val AUROC 0.7600 AUPRC 0.4664 | Test AUROC 0.7538 AUPRC 0.4172
  Epoch 43, Loss 0.5218, Val AUROC 0.7609 AUPRC 0.4724 | Test AUROC 0.7515 AUPRC 0.4140
  Epoch 44, Loss 0.5191, Val AUROC 0.7615 AUPRC 0.4727 | Test AUROC 0.7524 AUPRC 0.4170
  Epoch 45, Loss 0.5153, Val AUROC 0.7618 AUPRC 0.4746 | Test AUROC 0.7535 AUPRC 0.4199
  Epoch 46, Loss 0.5136, Val AUROC 0.7639 AUPRC 0.4794 | Test AUROC 0.7510 AUPRC 0.4174
  Epoch 47, Loss 0.5123, Val AUROC 0.7650 AUPRC 0.4808 | Test AUROC 0.7531 AUPRC 0.4219
  Epoch 48, Loss 0.5094, Val AUROC 0.7667 AUPRC 0.4860 | Test AUROC 0.7508 AUPRC 0.4181
  Epoch 49, Loss 0.5065, Val AUROC 0.7678 AUPRC 0.4864 | Test AUROC 0.7525 AUPRC 0.4205
  Epoch 50, Loss 0.5034, Val AUROC 0.7691 AUPRC 0.4885 | Test AUROC 0.7540 AUPRC 0.4226
  Epoch 51, Loss 0.5014, Val AUROC 0.7700 AUPRC 0.4913 | Test AUROC 0.7527 AUPRC 0.4201
  Epoch 52, Loss 0.4996, Val AUROC 0.7712 AUPRC 0.4917 | Test AUROC 0.7546 AUPRC 0.4234
  Epoch 53, Loss 0.4973, Val AUROC 0.7718 AUPRC 0.4967 | Test AUROC 0.7513 AUPRC 0.4196
  Epoch 55, Loss 0.4918, Val AUROC 0.7721 AUPRC 0.4970 | Test AUROC 0.7524 AUPRC 0.4224
  Epoch 62, Loss 0.4774, Val AUROC 0.7722 AUPRC 0.4979 | Test AUROC 0.7443 AUPRC 0.4127
  Epoch 68, Loss 0.4671, Val AUROC 0.7721 AUPRC 0.4980 | Test AUROC 0.7423 AUPRC 0.4083
  Epoch 71, Loss 0.4748, Val AUROC 0.7721 AUPRC 0.4982 | Test AUROC 0.7451 AUPRC 0.4138
  Epoch 72, Loss 0.4606, Val AUROC 0.7713 AUPRC 0.4988 | Test AUROC 0.7424 AUPRC 0.4109
  Epoch 82, Loss 0.4495, Val AUROC 0.7712 AUPRC 0.4991 | Test AUROC 0.7381 AUPRC 0.4078
tensor([[0.9655, 0.0000, 0.0086,  ..., 0.8260, 1.0000, 0.8480],
        [0.4917, 0.4199, 0.0221,  ..., 0.8272, 1.0000, 0.8375],
        [0.5470, 0.0000, 0.0276,  ..., 0.8282, 1.0000, 0.8429],
        ...,
        [0.5433, 0.3770, 0.0069,  ..., 0.8204, 0.9979, 0.8426],
        [0.7964, 0.2036, 0.0000,  ..., 0.8197, 0.9977, 0.8394],
        [0.5126, 0.0000, 0.0084,  ..., 0.8196, 0.9972, 0.8408]],
       device='cuda:0')
tensor([[0.8070, 0.0322, 0.0221,  ..., 1.0000, 1.0000, 1.0000],
        [0.0000, 0.0000, 0.0000,  ..., 0.0000, 1.0000, 1.0000],
        [0.0000, 0.0000, 0.2000,  ..., 0.0000, 1.0000, 1.0000],
        ...,
        [0.0784, 0.0000, 0.0000,  ..., 0.8407, 0.9986, 0.8435],
        [0.9828, 0.0000, 0.0172,  ..., 0.7935, 0.9991, 0.8339],
        [0.4715, 0.0000, 0.0366,  ..., 0.8006, 0.9991, 0.8334]],
       device='cuda:0')
/home/eirik/miniconda3/envs/GADBench/lib/python3.10/site-packages/xgboost/training.py:200: UserWarning: [17:24:42] WARNING: /__w/xgboost/xgboost/src/learner.cc:782: 
Parameters: { "drop_rate", "h_feats", "lr", "num_layers", "verbose" } are not used.

  bst.update(dtrain, iteration=i, fobj=obj)
/home/eirik/miniconda3/envs/GADBench/lib/python3.10/site-packages/xgboost/training.py:200: UserWarning: [17:24:43] WARNING: /__w/xgboost/xgboost/src/learner.cc:782: 
Parameters: { "verbose" } are not used.

  bst.update(dtrain, iteration=i, fobj=obj)

[tolokers | ff_b0.7_M1 | split 2 | seed 3427]
  forest_fire: 11/15 subgraphs (n: min=2 med=500 max=500 | m: min=1 med=5635 max=17453)
  Combined: N=5002 M=148814 train=3347 val=1655 unique_origs=5002
  Epoch 0, Loss 0.6974, Val AUROC 0.6202 AUPRC 0.3457 | Test AUROC 0.5997 AUPRC 0.2904
  Epoch 1, Loss 0.6906, Val AUROC 0.6772 AUPRC 0.3920 | Test AUROC 0.6851 AUPRC 0.3517
  Epoch 0, Loss 0.7052, Val AUROC 0.5652 AUPRC 0.2682 | Test AUROC 0.6003 AUPRC 0.2645
  Epoch 1, Loss 0.6975, Val AUROC 0.6106 AUPRC 0.2913 | Test AUROC 0.6414 AUPRC 0.2899
  Epoch 2, Loss 0.6841, Val AUROC 0.6302 AUPRC 0.3040 | Test AUROC 0.6626 AUPRC 0.3090
  Epoch 3, Loss 0.6625, Val AUROC 0.6469 AUPRC 0.3155 | Test AUROC 0.6826 AUPRC 0.3258
  Epoch 4, Loss 0.6524, Val AUROC 0.6581 AUPRC 0.3250 | Test AUROC 0.6928 AUPRC 0.3383
  Epoch 5, Loss 0.6493, Val AUROC 0.6630 AUPRC 0.3298 | Test AUROC 0.6982 AUPRC 0.3457
  Epoch 8, Loss 0.6327, Val AUROC 0.6694 AUPRC 0.3315 | Test AUROC 0.7075 AUPRC 0.3595
  Epoch 9, Loss 0.6311, Val AUROC 0.6726 AUPRC 0.3329 | Test AUROC 0.7107 AUPRC 0.3581
  Epoch 10, Loss 0.6254, Val AUROC 0.6759 AUPRC 0.3354 | Test AUROC 0.7132 AUPRC 0.3514
  Epoch 11, Loss 0.6232, Val AUROC 0.6791 AUPRC 0.3372 | Test AUROC 0.7160 AUPRC 0.3506
  Epoch 12, Loss 0.6224, Val AUROC 0.6821 AUPRC 0.3385 | Test AUROC 0.7187 AUPRC 0.3524
  Epoch 13, Loss 0.6177, Val AUROC 0.6850 AUPRC 0.3397 | Test AUROC 0.7218 AUPRC 0.3556
  Epoch 14, Loss 0.6135, Val AUROC 0.6874 AUPRC 0.3409 | Test AUROC 0.7245 AUPRC 0.3599
  Epoch 15, Loss 0.6124, Val AUROC 0.6899 AUPRC 0.3428 | Test AUROC 0.7270 AUPRC 0.3603
  Epoch 16, Loss 0.6089, Val AUROC 0.6924 AUPRC 0.3435 | Test AUROC 0.7293 AUPRC 0.3576
  Epoch 17, Loss 0.6053, Val AUROC 0.6949 AUPRC 0.3472 | Test AUROC 0.7313 AUPRC 0.3559
  Epoch 18, Loss 0.6048, Val AUROC 0.6973 AUPRC 0.3483 | Test AUROC 0.7333 AUPRC 0.3566
  Epoch 19, Loss 0.6031, Val AUROC 0.6995 AUPRC 0.3495 | Test AUROC 0.7352 AUPRC 0.3599
  Epoch 20, Loss 0.6013, Val AUROC 0.7014 AUPRC 0.3514 | Test AUROC 0.7364 AUPRC 0.3613
  Epoch 21, Loss 0.6012, Val AUROC 0.7030 AUPRC 0.3542 | Test AUROC 0.7370 AUPRC 0.3607
  Epoch 22, Loss 0.5989, Val AUROC 0.7044 AUPRC 0.3575 | Test AUROC 0.7370 AUPRC 0.3585
  Epoch 23, Loss 0.5971, Val AUROC 0.7055 AUPRC 0.3596 | Test AUROC 0.7371 AUPRC 0.3582
  Epoch 24, Loss 0.5957, Val AUROC 0.7058 AUPRC 0.3604 | Test AUROC 0.7374 AUPRC 0.3594
  Epoch 25, Loss 0.5928, Val AUROC 0.7059 AUPRC 0.3616 | Test AUROC 0.7376 AUPRC 0.3609
  Epoch 26, Loss 0.5909, Val AUROC 0.7060 AUPRC 0.3632 | Test AUROC 0.7375 AUPRC 0.3626
  Epoch 27, Loss 0.5891, Val AUROC 0.7072 AUPRC 0.3656 | Test AUROC 0.7367 AUPRC 0.3642
  Epoch 29, Loss 0.5873, Val AUROC 0.7089 AUPRC 0.3673 | Test AUROC 0.7369 AUPRC 0.3687
  Epoch 30, Loss 0.5855, Val AUROC 0.7099 AUPRC 0.3674 | Test AUROC 0.7378 AUPRC 0.3719
  Epoch 31, Loss 0.5848, Val AUROC 0.7109 AUPRC 0.3679 | Test AUROC 0.7383 AUPRC 0.3741
  Epoch 32, Loss 0.5827, Val AUROC 0.7116 AUPRC 0.3693 | Test AUROC 0.7388 AUPRC 0.3742
  Epoch 33, Loss 0.5815, Val AUROC 0.7126 AUPRC 0.3704 | Test AUROC 0.7396 AUPRC 0.3757
  Epoch 34, Loss 0.5801, Val AUROC 0.7134 AUPRC 0.3718 | Test AUROC 0.7405 AUPRC 0.3773
  Epoch 36, Loss 0.5786, Val AUROC 0.7140 AUPRC 0.3731 | Test AUROC 0.7405 AUPRC 0.3789
  Epoch 37, Loss 0.5779, Val AUROC 0.7143 AUPRC 0.3743 | Test AUROC 0.7404 AUPRC 0.3796
  Epoch 38, Loss 0.5770, Val AUROC 0.7148 AUPRC 0.3761 | Test AUROC 0.7405 AUPRC 0.3811
  Epoch 39, Loss 0.5760, Val AUROC 0.7158 AUPRC 0.3777 | Test AUROC 0.7400 AUPRC 0.3819
  Epoch 40, Loss 0.5751, Val AUROC 0.7169 AUPRC 0.3790 | Test AUROC 0.7393 AUPRC 0.3818
  Epoch 41, Loss 0.5745, Val AUROC 0.7173 AUPRC 0.3793 | Test AUROC 0.7394 AUPRC 0.3834
  Epoch 42, Loss 0.5741, Val AUROC 0.7174 AUPRC 0.3794 | Test AUROC 0.7396 AUPRC 0.3843
  Epoch 43, Loss 0.5739, Val AUROC 0.7175 AUPRC 0.3794 | Test AUROC 0.7394 AUPRC 0.3844
  Epoch 0, Loss 0.9902, Val AUROC 0.4796 AUPRC 0.2403 | Test AUROC 0.4746 AUPRC 0.2045
  Epoch 4, Loss 0.7334, Val AUROC 0.5179 AUPRC 0.2503 | Test AUROC 0.5552 AUPRC 0.2464
  Epoch 5, Loss 0.7017, Val AUROC 0.5895 AUPRC 0.2923 | Test AUROC 0.6265 AUPRC 0.3092
  Epoch 6, Loss 0.6822, Val AUROC 0.6424 AUPRC 0.3231 | Test AUROC 0.6813 AUPRC 0.3546
  Epoch 7, Loss 0.6728, Val AUROC 0.6630 AUPRC 0.3335 | Test AUROC 0.7065 AUPRC 0.3736
  Epoch 8, Loss 0.6689, Val AUROC 0.6700 AUPRC 0.3383 | Test AUROC 0.7156 AUPRC 0.3767
  Epoch 9, Loss 0.6657, Val AUROC 0.6739 AUPRC 0.3407 | Test AUROC 0.7163 AUPRC 0.3714
  Epoch 15, Loss 0.6237, Val AUROC 0.6894 AUPRC 0.3470 | Test AUROC 0.7083 AUPRC 0.3559
  Epoch 16, Loss 0.6139, Val AUROC 0.6940 AUPRC 0.3515 | Test AUROC 0.7143 AUPRC 0.3556
  Epoch 17, Loss 0.6110, Val AUROC 0.6970 AUPRC 0.3567 | Test AUROC 0.7165 AUPRC 0.3549
  Epoch 18, Loss 0.6078, Val AUROC 0.6988 AUPRC 0.3573 | Test AUROC 0.7163 AUPRC 0.3565
  Epoch 20, Loss 0.5977, Val AUROC 0.7019 AUPRC 0.3573 | Test AUROC 0.7176 AUPRC 0.3597
  Epoch 21, Loss 0.5977, Val AUROC 0.7043 AUPRC 0.3651 | Test AUROC 0.7233 AUPRC 0.3599
  Epoch 22, Loss 0.5917, Val AUROC 0.7060 AUPRC 0.3714 | Test AUROC 0.7282 AUPRC 0.3594
  Epoch 23, Loss 0.5905, Val AUROC 0.7076 AUPRC 0.3765 | Test AUROC 0.7313 AUPRC 0.3606
  Epoch 24, Loss 0.5889, Val AUROC 0.7090 AUPRC 0.3795 | Test AUROC 0.7337 AUPRC 0.3648
  Epoch 25, Loss 0.5839, Val AUROC 0.7107 AUPRC 0.3806 | Test AUROC 0.7362 AUPRC 0.3698
  Epoch 26, Loss 0.5825, Val AUROC 0.7128 AUPRC 0.3863 | Test AUROC 0.7395 AUPRC 0.3743
  Epoch 27, Loss 0.5796, Val AUROC 0.7149 AUPRC 0.3923 | Test AUROC 0.7427 AUPRC 0.3762
  Epoch 28, Loss 0.5756, Val AUROC 0.7170 AUPRC 0.3966 | Test AUROC 0.7449 AUPRC 0.3794
  Epoch 29, Loss 0.5746, Val AUROC 0.7186 AUPRC 0.3987 | Test AUROC 0.7470 AUPRC 0.3857
  Epoch 30, Loss 0.5712, Val AUROC 0.7204 AUPRC 0.4002 | Test AUROC 0.7486 AUPRC 0.3905
  Epoch 31, Loss 0.5685, Val AUROC 0.7219 AUPRC 0.4033 | Test AUROC 0.7503 AUPRC 0.3937
  Epoch 32, Loss 0.5666, Val AUROC 0.7237 AUPRC 0.4073 | Test AUROC 0.7520 AUPRC 0.3957
  Epoch 33, Loss 0.5628, Val AUROC 0.7255 AUPRC 0.4101 | Test AUROC 0.7534 AUPRC 0.3980
  Epoch 34, Loss 0.5609, Val AUROC 0.7265 AUPRC 0.4122 | Test AUROC 0.7543 AUPRC 0.4004
  Epoch 35, Loss 0.5578, Val AUROC 0.7272 AUPRC 0.4142 | Test AUROC 0.7552 AUPRC 0.4023
  Epoch 36, Loss 0.5558, Val AUROC 0.7277 AUPRC 0.4160 | Test AUROC 0.7563 AUPRC 0.4051
  Epoch 37, Loss 0.5538, Val AUROC 0.7288 AUPRC 0.4188 | Test AUROC 0.7572 AUPRC 0.4074
  Epoch 38, Loss 0.5516, Val AUROC 0.7295 AUPRC 0.4207 | Test AUROC 0.7577 AUPRC 0.4087
  Epoch 39, Loss 0.5498, Val AUROC 0.7304 AUPRC 0.4226 | Test AUROC 0.7586 AUPRC 0.4119
  Epoch 40, Loss 0.5474, Val AUROC 0.7308 AUPRC 0.4234 | Test AUROC 0.7588 AUPRC 0.4125
  Epoch 41, Loss 0.5455, Val AUROC 0.7317 AUPRC 0.4260 | Test AUROC 0.7581 AUPRC 0.4092
  Epoch 42, Loss 0.5431, Val AUROC 0.7324 AUPRC 0.4275 | Test AUROC 0.7574 AUPRC 0.4084
  Epoch 44, Loss 0.5395, Val AUROC 0.7333 AUPRC 0.4277 | Test AUROC 0.7574 AUPRC 0.4085
  Epoch 45, Loss 0.5377, Val AUROC 0.7340 AUPRC 0.4288 | Test AUROC 0.7566 AUPRC 0.4067
  Epoch 46, Loss 0.5358, Val AUROC 0.7345 AUPRC 0.4293 | Test AUROC 0.7566 AUPRC 0.4072
  Epoch 48, Loss 0.5323, Val AUROC 0.7354 AUPRC 0.4306 | Test AUROC 0.7559 AUPRC 0.4074
  Epoch 49, Loss 0.5305, Val AUROC 0.7361 AUPRC 0.4321 | Test AUROC 0.7551 AUPRC 0.4062
  Epoch 50, Loss 0.5291, Val AUROC 0.7367 AUPRC 0.4338 | Test AUROC 0.7549 AUPRC 0.4069
  Epoch 51, Loss 0.5274, Val AUROC 0.7372 AUPRC 0.4341 | Test AUROC 0.7541 AUPRC 0.4059
  Epoch 52, Loss 0.5255, Val AUROC 0.7375 AUPRC 0.4346 | Test AUROC 0.7529 AUPRC 0.4038
  Epoch 57, Loss 0.5170, Val AUROC 0.7357 AUPRC 0.4347 | Test AUROC 0.7476 AUPRC 0.3988
  Epoch 59, Loss 0.5141, Val AUROC 0.7343 AUPRC 0.4350 | Test AUROC 0.7456 AUPRC 0.3958
  Epoch 61, Loss 0.5108, Val AUROC 0.7341 AUPRC 0.4361 | Test AUROC 0.7435 AUPRC 0.3922
  Epoch 63, Loss 0.5078, Val AUROC 0.7345 AUPRC 0.4374 | Test AUROC 0.7416 AUPRC 0.3894
  Epoch 65, Loss 0.5056, Val AUROC 0.7360 AUPRC 0.4412 | Test AUROC 0.7397 AUPRC 0.3865
  Epoch 67, Loss 0.5048, Val AUROC 0.7372 AUPRC 0.4436 | Test AUROC 0.7374 AUPRC 0.3830
  Epoch 70, Loss 0.4970, Val AUROC 0.7371 AUPRC 0.4441 | Test AUROC 0.7362 AUPRC 0.3825
  Epoch 72, Loss 0.4961, Val AUROC 0.7370 AUPRC 0.4446 | Test AUROC 0.7343 AUPRC 0.3811
tensor([[0.9655, 0.0000, 0.0086,  ..., 0.8041, 1.0000, 0.8483],
        [0.4917, 0.4199, 0.0221,  ..., 0.8174, 1.0000, 0.8327],
        [0.5470, 0.0000, 0.0276,  ..., 0.8257, 1.0000, 0.8393],
        ...,
        [1.0000, 0.0000, 0.0000,  ..., 0.8101, 1.0000, 0.8882],
        [0.0000, 0.0000, 1.0000,  ..., 0.6587, 1.0000, 0.9206],
        [0.9787, 0.0000, 0.0213,  ..., 0.8214, 1.0000, 0.9643]],
       device='cuda:0')
tensor([[0.8070, 0.0322, 0.0221,  ..., 1.0000, 1.0000, 1.0000],
        [0.0000, 0.0000, 0.0000,  ..., 0.0000, 1.0000, 1.0000],
        [0.0000, 0.0000, 0.2000,  ..., 0.0000, 1.0000, 1.0000],
        ...,
        [0.0784, 0.0000, 0.0000,  ..., 0.8407, 0.9986, 0.8435],
        [0.9828, 0.0000, 0.0172,  ..., 0.7935, 0.9991, 0.8339],
        [0.4715, 0.0000, 0.0366,  ..., 0.8006, 0.9991, 0.8334]],
       device='cuda:0')
/home/eirik/miniconda3/envs/GADBench/lib/python3.10/site-packages/xgboost/training.py:200: UserWarning: [17:24:56] WARNING: /__w/xgboost/xgboost/src/learner.cc:782: 
Parameters: { "drop_rate", "h_feats", "lr", "num_layers", "verbose" } are not used.

  bst.update(dtrain, iteration=i, fobj=obj)
/home/eirik/miniconda3/envs/GADBench/lib/python3.10/site-packages/xgboost/training.py:200: UserWarning: [17:24:57] WARNING: /__w/xgboost/xgboost/src/learner.cc:782: 
Parameters: { "verbose" } are not used.

  bst.update(dtrain, iteration=i, fobj=obj)

[tolokers | ff_b0.7_M2 | split 2 | seed 3427]
  forest_fire: 15/15 subgraphs (n: min=500 med=500 max=500 | m: min=1781 med=9414 max=27158)
  Combined: N=7500 M=317574 train=3109 val=1590 unique_origs=4699
  Epoch 0, Loss 0.6970, Val AUROC 0.6175 AUPRC 0.3461 | Test AUROC 0.5955 AUPRC 0.2879
  Epoch 1, Loss 0.6903, Val AUROC 0.6773 AUPRC 0.3938 | Test AUROC 0.6764 AUPRC 0.3435
  Epoch 32, Loss 0.5873, Val AUROC 0.7085 AUPRC 0.3951 | Test AUROC 0.6730 AUPRC 0.3315
  Epoch 33, Loss 0.5865, Val AUROC 0.7093 AUPRC 0.3957 | Test AUROC 0.6751 AUPRC 0.3325
  Epoch 34, Loss 0.5858, Val AUROC 0.7102 AUPRC 0.3965 | Test AUROC 0.6748 AUPRC 0.3317
  Epoch 35, Loss 0.5852, Val AUROC 0.7125 AUPRC 0.3969 | Test AUROC 0.6711 AUPRC 0.3292
  Epoch 36, Loss 0.5847, Val AUROC 0.7124 AUPRC 0.3969 | Test AUROC 0.6736 AUPRC 0.3305
  Epoch 37, Loss 0.5843, Val AUROC 0.7150 AUPRC 0.3976 | Test AUROC 0.6682 AUPRC 0.3267
  Epoch 38, Loss 0.5839, Val AUROC 0.7146 AUPRC 0.3983 | Test AUROC 0.6714 AUPRC 0.3288
  Epoch 39, Loss 0.5832, Val AUROC 0.7163 AUPRC 0.3994 | Test AUROC 0.6687 AUPRC 0.3267
  Epoch 40, Loss 0.5823, Val AUROC 0.7169 AUPRC 0.4000 | Test AUROC 0.6692 AUPRC 0.3267
  Epoch 41, Loss 0.5817, Val AUROC 0.7170 AUPRC 0.4007 | Test AUROC 0.6712 AUPRC 0.3281
  Epoch 43, Loss 0.5810, Val AUROC 0.7184 AUPRC 0.4020 | Test AUROC 0.6721 AUPRC 0.3283
  Epoch 45, Loss 0.5799, Val AUROC 0.7212 AUPRC 0.4036 | Test AUROC 0.6717 AUPRC 0.3269
  Epoch 46, Loss 0.5795, Val AUROC 0.7219 AUPRC 0.4046 | Test AUROC 0.6736 AUPRC 0.3289
  Epoch 47, Loss 0.5792, Val AUROC 0.7239 AUPRC 0.4049 | Test AUROC 0.6725 AUPRC 0.3272
  Epoch 48, Loss 0.5789, Val AUROC 0.7233 AUPRC 0.4066 | Test AUROC 0.6765 AUPRC 0.3314
  Epoch 49, Loss 0.5785, Val AUROC 0.7247 AUPRC 0.4069 | Test AUROC 0.6754 AUPRC 0.3294
  Epoch 50, Loss 0.5781, Val AUROC 0.7243 AUPRC 0.4087 | Test AUROC 0.6783 AUPRC 0.3326
  Epoch 51, Loss 0.5776, Val AUROC 0.7248 AUPRC 0.4095 | Test AUROC 0.6791 AUPRC 0.3328
  Epoch 53, Loss 0.5767, Val AUROC 0.7255 AUPRC 0.4105 | Test AUROC 0.6821 AUPRC 0.3354
  Epoch 54, Loss 0.5764, Val AUROC 0.7276 AUPRC 0.4116 | Test AUROC 0.6806 AUPRC 0.3327
  Epoch 58, Loss 0.5754, Val AUROC 0.7279 AUPRC 0.4130 | Test AUROC 0.6863 AUPRC 0.3378
  Epoch 61, Loss 0.5741, Val AUROC 0.7289 AUPRC 0.4156 | Test AUROC 0.6882 AUPRC 0.3401
  Epoch 66, Loss 0.5728, Val AUROC 0.7295 AUPRC 0.4157 | Test AUROC 0.6937 AUPRC 0.3447
  Epoch 68, Loss 0.5727, Val AUROC 0.7294 AUPRC 0.4157 | Test AUROC 0.6954 AUPRC 0.3460
  Epoch 70, Loss 0.5717, Val AUROC 0.7287 AUPRC 0.4162 | Test AUROC 0.6980 AUPRC 0.3484
  Epoch 71, Loss 0.5716, Val AUROC 0.7306 AUPRC 0.4170 | Test AUROC 0.6969 AUPRC 0.3471
  Epoch 73, Loss 0.5714, Val AUROC 0.7307 AUPRC 0.4173 | Test AUROC 0.6977 AUPRC 0.3479
  Epoch 76, Loss 0.5705, Val AUROC 0.7318 AUPRC 0.4182 | Test AUROC 0.6974 AUPRC 0.3481
  Epoch 78, Loss 0.5703, Val AUROC 0.7320 AUPRC 0.4185 | Test AUROC 0.6980 AUPRC 0.3490
  Epoch 80, Loss 0.5696, Val AUROC 0.7320 AUPRC 0.4188 | Test AUROC 0.6989 AUPRC 0.3505
  Epoch 81, Loss 0.5694, Val AUROC 0.7330 AUPRC 0.4193 | Test AUROC 0.6985 AUPRC 0.3500
  Epoch 83, Loss 0.5693, Val AUROC 0.7332 AUPRC 0.4199 | Test AUROC 0.6985 AUPRC 0.3504
  Epoch 85, Loss 0.5690, Val AUROC 0.7334 AUPRC 0.4205 | Test AUROC 0.6984 AUPRC 0.3506
  Epoch 87, Loss 0.5685, Val AUROC 0.7339 AUPRC 0.4209 | Test AUROC 0.6988 AUPRC 0.3510
  Epoch 89, Loss 0.5680, Val AUROC 0.7339 AUPRC 0.4215 | Test AUROC 0.6992 AUPRC 0.3515
  Epoch 91, Loss 0.5676, Val AUROC 0.7340 AUPRC 0.4215 | Test AUROC 0.6989 AUPRC 0.3513
  Epoch 92, Loss 0.5675, Val AUROC 0.7344 AUPRC 0.4221 | Test AUROC 0.6988 AUPRC 0.3512
  Epoch 94, Loss 0.5672, Val AUROC 0.7349 AUPRC 0.4224 | Test AUROC 0.6990 AUPRC 0.3514
  Epoch 96, Loss 0.5672, Val AUROC 0.7355 AUPRC 0.4237 | Test AUROC 0.6989 AUPRC 0.3513
  Epoch 98, Loss 0.5685, Val AUROC 0.7364 AUPRC 0.4245 | Test AUROC 0.6986 AUPRC 0.3497
  Epoch 103, Loss 0.5682, Val AUROC 0.7371 AUPRC 0.4248 | Test AUROC 0.6988 AUPRC 0.3507
  Epoch 112, Loss 0.5651, Val AUROC 0.7377 AUPRC 0.4257 | Test AUROC 0.6989 AUPRC 0.3513
  Epoch 123, Loss 0.5640, Val AUROC 0.7380 AUPRC 0.4261 | Test AUROC 0.6991 AUPRC 0.3533
  Epoch 131, Loss 0.5630, Val AUROC 0.7379 AUPRC 0.4261 | Test AUROC 0.6995 AUPRC 0.3554
  Epoch 133, Loss 0.5629, Val AUROC 0.7379 AUPRC 0.4268 | Test AUROC 0.6994 AUPRC 0.3556
  Epoch 138, Loss 0.5623, Val AUROC 0.7384 AUPRC 0.4269 | Test AUROC 0.6995 AUPRC 0.3562
  Epoch 142, Loss 0.5619, Val AUROC 0.7388 AUPRC 0.4271 | Test AUROC 0.6986 AUPRC 0.3558
  Epoch 146, Loss 0.5614, Val AUROC 0.7393 AUPRC 0.4273 | Test AUROC 0.6985 AUPRC 0.3558
  Epoch 148, Loss 0.5613, Val AUROC 0.7394 AUPRC 0.4280 | Test AUROC 0.6985 AUPRC 0.3556
  Epoch 150, Loss 0.5621, Val AUROC 0.7400 AUPRC 0.4284 | Test AUROC 0.6990 AUPRC 0.3545
  Epoch 152, Loss 0.5660, Val AUROC 0.7415 AUPRC 0.4294 | Test AUROC 0.6982 AUPRC 0.3534
  Epoch 0, Loss 0.7072, Val AUROC 0.5770 AUPRC 0.2609 | Test AUROC 0.6047 AUPRC 0.2664
  Epoch 1, Loss 0.6970, Val AUROC 0.6179 AUPRC 0.2860 | Test AUROC 0.6398 AUPRC 0.2870
  Epoch 2, Loss 0.6815, Val AUROC 0.6429 AUPRC 0.3046 | Test AUROC 0.6594 AUPRC 0.3032
  Epoch 3, Loss 0.6589, Val AUROC 0.6586 AUPRC 0.3169 | Test AUROC 0.6756 AUPRC 0.3189
  Epoch 4, Loss 0.6506, Val AUROC 0.6642 AUPRC 0.3218 | Test AUROC 0.6847 AUPRC 0.3271
  Epoch 5, Loss 0.6479, Val AUROC 0.6659 AUPRC 0.3238 | Test AUROC 0.6891 AUPRC 0.3321
  Epoch 6, Loss 0.6387, Val AUROC 0.6684 AUPRC 0.3265 | Test AUROC 0.6921 AUPRC 0.3404
  Epoch 7, Loss 0.6332, Val AUROC 0.6720 AUPRC 0.3283 | Test AUROC 0.6953 AUPRC 0.3456
  Epoch 8, Loss 0.6345, Val AUROC 0.6749 AUPRC 0.3288 | Test AUROC 0.6993 AUPRC 0.3505
  Epoch 12, Loss 0.6228, Val AUROC 0.6860 AUPRC 0.3308 | Test AUROC 0.7094 AUPRC 0.3355
  Epoch 13, Loss 0.6178, Val AUROC 0.6879 AUPRC 0.3320 | Test AUROC 0.7127 AUPRC 0.3369
  Epoch 15, Loss 0.6111, Val AUROC 0.6930 AUPRC 0.3326 | Test AUROC 0.7186 AUPRC 0.3393
  Epoch 16, Loss 0.6079, Val AUROC 0.6961 AUPRC 0.3333 | Test AUROC 0.7197 AUPRC 0.3369
  Epoch 17, Loss 0.6031, Val AUROC 0.6990 AUPRC 0.3350 | Test AUROC 0.7201 AUPRC 0.3349
  Epoch 18, Loss 0.6025, Val AUROC 0.7009 AUPRC 0.3352 | Test AUROC 0.7208 AUPRC 0.3349
  Epoch 19, Loss 0.6012, Val AUROC 0.7026 AUPRC 0.3375 | Test AUROC 0.7216 AUPRC 0.3355
  Epoch 20, Loss 0.5980, Val AUROC 0.7037 AUPRC 0.3403 | Test AUROC 0.7220 AUPRC 0.3360
  Epoch 21, Loss 0.5975, Val AUROC 0.7052 AUPRC 0.3443 | Test AUROC 0.7214 AUPRC 0.3353
  Epoch 22, Loss 0.5963, Val AUROC 0.7070 AUPRC 0.3460 | Test AUROC 0.7203 AUPRC 0.3336
  Epoch 23, Loss 0.5933, Val AUROC 0.7090 AUPRC 0.3481 | Test AUROC 0.7192 AUPRC 0.3330
  Epoch 24, Loss 0.5924, Val AUROC 0.7106 AUPRC 0.3502 | Test AUROC 0.7185 AUPRC 0.3320
  Epoch 25, Loss 0.5907, Val AUROC 0.7118 AUPRC 0.3529 | Test AUROC 0.7180 AUPRC 0.3316
  Epoch 26, Loss 0.5880, Val AUROC 0.7130 AUPRC 0.3552 | Test AUROC 0.7175 AUPRC 0.3312
  Epoch 27, Loss 0.5872, Val AUROC 0.7144 AUPRC 0.3576 | Test AUROC 0.7166 AUPRC 0.3304
  Epoch 28, Loss 0.5853, Val AUROC 0.7155 AUPRC 0.3589 | Test AUROC 0.7157 AUPRC 0.3298
  Epoch 29, Loss 0.5834, Val AUROC 0.7163 AUPRC 0.3607 | Test AUROC 0.7152 AUPRC 0.3297
  Epoch 30, Loss 0.5826, Val AUROC 0.7170 AUPRC 0.3631 | Test AUROC 0.7150 AUPRC 0.3296
  Epoch 31, Loss 0.5808, Val AUROC 0.7178 AUPRC 0.3655 | Test AUROC 0.7148 AUPRC 0.3296
  Epoch 32, Loss 0.5797, Val AUROC 0.7187 AUPRC 0.3682 | Test AUROC 0.7146 AUPRC 0.3299
  Epoch 33, Loss 0.5788, Val AUROC 0.7193 AUPRC 0.3696 | Test AUROC 0.7144 AUPRC 0.3301
  Epoch 34, Loss 0.5772, Val AUROC 0.7196 AUPRC 0.3719 | Test AUROC 0.7142 AUPRC 0.3310
  Epoch 35, Loss 0.5766, Val AUROC 0.7202 AUPRC 0.3727 | Test AUROC 0.7140 AUPRC 0.3318
  Epoch 36, Loss 0.5753, Val AUROC 0.7207 AUPRC 0.3735 | Test AUROC 0.7138 AUPRC 0.3328
  Epoch 37, Loss 0.5743, Val AUROC 0.7216 AUPRC 0.3749 | Test AUROC 0.7138 AUPRC 0.3340
  Epoch 38, Loss 0.5735, Val AUROC 0.7223 AUPRC 0.3758 | Test AUROC 0.7136 AUPRC 0.3349
  Epoch 39, Loss 0.5723, Val AUROC 0.7232 AUPRC 0.3771 | Test AUROC 0.7135 AUPRC 0.3354
  Epoch 42, Loss 0.5698, Val AUROC 0.7254 AUPRC 0.3785 | Test AUROC 0.7134 AUPRC 0.3366
  Epoch 43, Loss 0.5688, Val AUROC 0.7265 AUPRC 0.3817 | Test AUROC 0.7134 AUPRC 0.3370
  Epoch 44, Loss 0.5682, Val AUROC 0.7273 AUPRC 0.3831 | Test AUROC 0.7137 AUPRC 0.3378
  Epoch 45, Loss 0.5674, Val AUROC 0.7279 AUPRC 0.3835 | Test AUROC 0.7139 AUPRC 0.3386
  Epoch 46, Loss 0.5666, Val AUROC 0.7286 AUPRC 0.3849 | Test AUROC 0.7142 AUPRC 0.3397
  Epoch 47, Loss 0.5661, Val AUROC 0.7297 AUPRC 0.3870 | Test AUROC 0.7144 AUPRC 0.3402
  Epoch 48, Loss 0.5654, Val AUROC 0.7303 AUPRC 0.3874 | Test AUROC 0.7146 AUPRC 0.3411
  Epoch 50, Loss 0.5645, Val AUROC 0.7309 AUPRC 0.3875 | Test AUROC 0.7153 AUPRC 0.3431
  Epoch 51, Loss 0.5641, Val AUROC 0.7314 AUPRC 0.3885 | Test AUROC 0.7156 AUPRC 0.3435
  Epoch 0, Loss 1.0120, Val AUROC 0.4868 AUPRC 0.2339 | Test AUROC 0.4731 AUPRC 0.2040
  Epoch 4, Loss 0.7326, Val AUROC 0.5418 AUPRC 0.2573 | Test AUROC 0.5426 AUPRC 0.2303
  Epoch 5, Loss 0.6997, Val AUROC 0.6152 AUPRC 0.2992 | Test AUROC 0.6039 AUPRC 0.2775
  Epoch 6, Loss 0.6797, Val AUROC 0.6637 AUPRC 0.3292 | Test AUROC 0.6551 AUPRC 0.3165
  Epoch 7, Loss 0.6692, Val AUROC 0.6810 AUPRC 0.3406 | Test AUROC 0.6819 AUPRC 0.3344
  Epoch 8, Loss 0.6635, Val AUROC 0.6884 AUPRC 0.3427 | Test AUROC 0.6925 AUPRC 0.3439
  Epoch 9, Loss 0.6586, Val AUROC 0.6943 AUPRC 0.3491 | Test AUROC 0.6928 AUPRC 0.3495
  Epoch 10, Loss 0.6509, Val AUROC 0.6963 AUPRC 0.3491 | Test AUROC 0.6867 AUPRC 0.3516
  Epoch 12, Loss 0.6317, Val AUROC 0.6992 AUPRC 0.3493 | Test AUROC 0.6745 AUPRC 0.3453
  Epoch 13, Loss 0.6259, Val AUROC 0.7018 AUPRC 0.3538 | Test AUROC 0.6758 AUPRC 0.3468
  Epoch 14, Loss 0.6177, Val AUROC 0.7039 AUPRC 0.3559 | Test AUROC 0.6817 AUPRC 0.3515
  Epoch 20, Loss 0.5897, Val AUROC 0.7061 AUPRC 0.3575 | Test AUROC 0.6945 AUPRC 0.3458
  Epoch 21, Loss 0.5864, Val AUROC 0.7091 AUPRC 0.3649 | Test AUROC 0.7005 AUPRC 0.3449
  Epoch 22, Loss 0.5856, Val AUROC 0.7107 AUPRC 0.3688 | Test AUROC 0.7027 AUPRC 0.3438
  Epoch 23, Loss 0.5817, Val AUROC 0.7127 AUPRC 0.3716 | Test AUROC 0.7037 AUPRC 0.3441
  Epoch 24, Loss 0.5796, Val AUROC 0.7151 AUPRC 0.3750 | Test AUROC 0.7075 AUPRC 0.3443
  Epoch 25, Loss 0.5765, Val AUROC 0.7173 AUPRC 0.3784 | Test AUROC 0.7126 AUPRC 0.3440
  Epoch 26, Loss 0.5734, Val AUROC 0.7195 AUPRC 0.3813 | Test AUROC 0.7156 AUPRC 0.3439
  Epoch 27, Loss 0.5714, Val AUROC 0.7217 AUPRC 0.3823 | Test AUROC 0.7164 AUPRC 0.3446
  Epoch 28, Loss 0.5683, Val AUROC 0.7238 AUPRC 0.3838 | Test AUROC 0.7175 AUPRC 0.3450
  Epoch 29, Loss 0.5670, Val AUROC 0.7262 AUPRC 0.3862 | Test AUROC 0.7199 AUPRC 0.3443
  Epoch 30, Loss 0.5643, Val AUROC 0.7286 AUPRC 0.3898 | Test AUROC 0.7221 AUPRC 0.3446
  Epoch 31, Loss 0.5626, Val AUROC 0.7310 AUPRC 0.3916 | Test AUROC 0.7233 AUPRC 0.3456
  Epoch 32, Loss 0.5603, Val AUROC 0.7329 AUPRC 0.3926 | Test AUROC 0.7241 AUPRC 0.3470
  Epoch 33, Loss 0.5580, Val AUROC 0.7351 AUPRC 0.3953 | Test AUROC 0.7252 AUPRC 0.3480
  Epoch 34, Loss 0.5559, Val AUROC 0.7377 AUPRC 0.3993 | Test AUROC 0.7268 AUPRC 0.3492
  Epoch 35, Loss 0.5531, Val AUROC 0.7401 AUPRC 0.4033 | Test AUROC 0.7285 AUPRC 0.3507
  Epoch 36, Loss 0.5512, Val AUROC 0.7421 AUPRC 0.4041 | Test AUROC 0.7301 AUPRC 0.3522
  Epoch 37, Loss 0.5485, Val AUROC 0.7442 AUPRC 0.4063 | Test AUROC 0.7316 AUPRC 0.3528
  Epoch 38, Loss 0.5467, Val AUROC 0.7461 AUPRC 0.4097 | Test AUROC 0.7332 AUPRC 0.3547
  Epoch 39, Loss 0.5445, Val AUROC 0.7477 AUPRC 0.4129 | Test AUROC 0.7342 AUPRC 0.3566
  Epoch 40, Loss 0.5425, Val AUROC 0.7502 AUPRC 0.4158 | Test AUROC 0.7352 AUPRC 0.3578
  Epoch 41, Loss 0.5403, Val AUROC 0.7517 AUPRC 0.4188 | Test AUROC 0.7368 AUPRC 0.3602
  Epoch 42, Loss 0.5382, Val AUROC 0.7524 AUPRC 0.4195 | Test AUROC 0.7393 AUPRC 0.3641
  Epoch 43, Loss 0.5363, Val AUROC 0.7532 AUPRC 0.4224 | Test AUROC 0.7414 AUPRC 0.3661
  Epoch 44, Loss 0.5340, Val AUROC 0.7541 AUPRC 0.4250 | Test AUROC 0.7432 AUPRC 0.3685
  Epoch 45, Loss 0.5322, Val AUROC 0.7546 AUPRC 0.4263 | Test AUROC 0.7442 AUPRC 0.3702
  Epoch 46, Loss 0.5302, Val AUROC 0.7556 AUPRC 0.4280 | Test AUROC 0.7447 AUPRC 0.3717
  Epoch 47, Loss 0.5281, Val AUROC 0.7563 AUPRC 0.4302 | Test AUROC 0.7455 AUPRC 0.3735
  Epoch 48, Loss 0.5265, Val AUROC 0.7566 AUPRC 0.4320 | Test AUROC 0.7480 AUPRC 0.3791
  Epoch 49, Loss 0.5246, Val AUROC 0.7572 AUPRC 0.4324 | Test AUROC 0.7505 AUPRC 0.3830
  Epoch 50, Loss 0.5227, Val AUROC 0.7574 AUPRC 0.4339 | Test AUROC 0.7521 AUPRC 0.3865
  Epoch 51, Loss 0.5209, Val AUROC 0.7581 AUPRC 0.4351 | Test AUROC 0.7531 AUPRC 0.3898
  Epoch 52, Loss 0.5189, Val AUROC 0.7592 AUPRC 0.4373 | Test AUROC 0.7534 AUPRC 0.3913
  Epoch 53, Loss 0.5170, Val AUROC 0.7596 AUPRC 0.4402 | Test AUROC 0.7531 AUPRC 0.3934
  Epoch 54, Loss 0.5153, Val AUROC 0.7603 AUPRC 0.4412 | Test AUROC 0.7541 AUPRC 0.3948
  Epoch 56, Loss 0.5129, Val AUROC 0.7602 AUPRC 0.4422 | Test AUROC 0.7560 AUPRC 0.3992
  Epoch 57, Loss 0.5135, Val AUROC 0.7587 AUPRC 0.4431 | Test AUROC 0.7532 AUPRC 0.4016
  Epoch 58, Loss 0.5120, Val AUROC 0.7601 AUPRC 0.4438 | Test AUROC 0.7554 AUPRC 0.4030
  Epoch 59, Loss 0.5070, Val AUROC 0.7606 AUPRC 0.4444 | Test AUROC 0.7555 AUPRC 0.4029
  Epoch 60, Loss 0.5059, Val AUROC 0.7596 AUPRC 0.4445 | Test AUROC 0.7528 AUPRC 0.4027
  Epoch 62, Loss 0.5041, Val AUROC 0.7615 AUPRC 0.4451 | Test AUROC 0.7549 AUPRC 0.4051
  Epoch 63, Loss 0.4999, Val AUROC 0.7610 AUPRC 0.4455 | Test AUROC 0.7536 AUPRC 0.4056
  Epoch 64, Loss 0.5001, Val AUROC 0.7620 AUPRC 0.4461 | Test AUROC 0.7561 AUPRC 0.4053
  Epoch 65, Loss 0.5003, Val AUROC 0.7614 AUPRC 0.4468 | Test AUROC 0.7531 AUPRC 0.4066
  Epoch 66, Loss 0.4970, Val AUROC 0.7618 AUPRC 0.4471 | Test AUROC 0.7541 AUPRC 0.4074
  Epoch 67, Loss 0.4937, Val AUROC 0.7620 AUPRC 0.4475 | Test AUROC 0.7550 AUPRC 0.4075
  Epoch 68, Loss 0.4946, Val AUROC 0.7607 AUPRC 0.4482 | Test AUROC 0.7502 AUPRC 0.4047
  Epoch 69, Loss 0.4942, Val AUROC 0.7622 AUPRC 0.4487 | Test AUROC 0.7534 AUPRC 0.4080
  Epoch 70, Loss 0.4901, Val AUROC 0.7622 AUPRC 0.4494 | Test AUROC 0.7522 AUPRC 0.4071
  Epoch 71, Loss 0.4874, Val AUROC 0.7614 AUPRC 0.4502 | Test AUROC 0.7492 AUPRC 0.4048
  Epoch 73, Loss 0.4869, Val AUROC 0.7619 AUPRC 0.4520 | Test AUROC 0.7491 AUPRC 0.4057
  Epoch 74, Loss 0.4836, Val AUROC 0.7626 AUPRC 0.4524 | Test AUROC 0.7504 AUPRC 0.4072
  Epoch 76, Loss 0.4796, Val AUROC 0.7618 AUPRC 0.4534 | Test AUROC 0.7465 AUPRC 0.4050
  Epoch 78, Loss 0.4787, Val AUROC 0.7617 AUPRC 0.4539 | Test AUROC 0.7450 AUPRC 0.4032
  Epoch 81, Loss 0.4693, Val AUROC 0.7620 AUPRC 0.4543 | Test AUROC 0.7450 AUPRC 0.4007
  Epoch 88, Loss 0.4633, Val AUROC 0.7589 AUPRC 0.4544 | Test AUROC 0.7366 AUPRC 0.3865
tensor([[0.9655, 0.0000, 0.0086,  ..., 0.8041, 1.0000, 0.8483],
        [0.4917, 0.4199, 0.0221,  ..., 0.8174, 1.0000, 0.8327],
        [0.5470, 0.0000, 0.0276,  ..., 0.8257, 1.0000, 0.8393],
        ...,
        [0.4167, 0.5833, 0.0000,  ..., 0.8571, 1.0000, 0.9286],
        [0.3333, 0.0000, 0.6667,  ..., 0.8381, 1.0000, 0.9524],
        [0.8780, 0.1098, 0.0122,  ..., 0.8457, 1.0000, 0.9429]],
       device='cuda:0')
tensor([[0.8070, 0.0322, 0.0221,  ..., 1.0000, 1.0000, 1.0000],
        [0.0000, 0.0000, 0.0000,  ..., 0.0000, 1.0000, 1.0000],
        [0.0000, 0.0000, 0.2000,  ..., 0.0000, 1.0000, 1.0000],
        ...,
        [0.0784, 0.0000, 0.0000,  ..., 0.8407, 0.9986, 0.8435],
        [0.9828, 0.0000, 0.0172,  ..., 0.7935, 0.9991, 0.8339],
        [0.4715, 0.0000, 0.0366,  ..., 0.8006, 0.9991, 0.8334]],
       device='cuda:0')
/home/eirik/miniconda3/envs/GADBench/lib/python3.10/site-packages/xgboost/training.py:200: UserWarning: [17:25:23] WARNING: /__w/xgboost/xgboost/src/learner.cc:782: 
Parameters: { "drop_rate", "h_feats", "lr", "num_layers", "verbose" } are not used.

  bst.update(dtrain, iteration=i, fobj=obj)
/home/eirik/miniconda3/envs/GADBench/lib/python3.10/site-packages/xgboost/training.py:200: UserWarning: [17:25:23] WARNING: /__w/xgboost/xgboost/src/learner.cc:782: 
Parameters: { "verbose" } are not used.

  bst.update(dtrain, iteration=i, fobj=obj)

[tolokers | ff_b0.7_Minf | split 2 | seed 3427]
  forest_fire: 15/15 subgraphs (n: min=500 med=500 max=500 | m: min=8487 med=16818 max=35692)
  Combined: N=7500 M=537716 train=2223 val=1128 unique_origs=3351
  Epoch 0, Loss 0.6953, Val AUROC 0.6440 AUPRC 0.3639 | Test AUROC 0.5871 AUPRC 0.2828
  Epoch 1, Loss 0.6894, Val AUROC 0.7003 AUPRC 0.4244 | Test AUROC 0.6509 AUPRC 0.3332
  Epoch 2, Loss 0.6852, Val AUROC 0.7164 AUPRC 0.4334 | Test AUROC 0.6856 AUPRC 0.3571
  Epoch 3, Loss 0.6803, Val AUROC 0.7203 AUPRC 0.4361 | Test AUROC 0.6927 AUPRC 0.3620
  Epoch 4, Loss 0.6723, Val AUROC 0.7174 AUPRC 0.4377 | Test AUROC 0.6914 AUPRC 0.3618
  Epoch 5, Loss 0.6636, Val AUROC 0.7144 AUPRC 0.4385 | Test AUROC 0.6908 AUPRC 0.3627
  Epoch 6, Loss 0.6546, Val AUROC 0.7170 AUPRC 0.4390 | Test AUROC 0.6914 AUPRC 0.3632
  Epoch 14, Loss 0.6124, Val AUROC 0.7215 AUPRC 0.4404 | Test AUROC 0.6915 AUPRC 0.3605
  Epoch 15, Loss 0.6108, Val AUROC 0.7260 AUPRC 0.4420 | Test AUROC 0.6941 AUPRC 0.3614
  Epoch 16, Loss 0.6071, Val AUROC 0.7294 AUPRC 0.4434 | Test AUROC 0.6981 AUPRC 0.3628
  Epoch 17, Loss 0.6033, Val AUROC 0.7309 AUPRC 0.4439 | Test AUROC 0.7010 AUPRC 0.3638
  Epoch 18, Loss 0.6004, Val AUROC 0.7323 AUPRC 0.4457 | Test AUROC 0.7031 AUPRC 0.3645
  Epoch 0, Loss 0.7044, Val AUROC 0.6174 AUPRC 0.2891 | Test AUROC 0.6047 AUPRC 0.2665
  Epoch 1, Loss 0.6959, Val AUROC 0.6629 AUPRC 0.3132 | Test AUROC 0.6407 AUPRC 0.2882
  Epoch 2, Loss 0.6798, Val AUROC 0.6804 AUPRC 0.3236 | Test AUROC 0.6603 AUPRC 0.3043
  Epoch 3, Loss 0.6570, Val AUROC 0.6891 AUPRC 0.3273 | Test AUROC 0.6766 AUPRC 0.3195
  Epoch 4, Loss 0.6488, Val AUROC 0.6934 AUPRC 0.3306 | Test AUROC 0.6856 AUPRC 0.3293
  Epoch 5, Loss 0.6440, Val AUROC 0.6983 AUPRC 0.3359 | Test AUROC 0.6907 AUPRC 0.3379
  Epoch 6, Loss 0.6324, Val AUROC 0.7022 AUPRC 0.3391 | Test AUROC 0.6941 AUPRC 0.3447
  Epoch 7, Loss 0.6259, Val AUROC 0.7056 AUPRC 0.3411 | Test AUROC 0.6972 AUPRC 0.3508
  Epoch 8, Loss 0.6260, Val AUROC 0.7084 AUPRC 0.3425 | Test AUROC 0.7002 AUPRC 0.3525
  Epoch 9, Loss 0.6215, Val AUROC 0.7106 AUPRC 0.3444 | Test AUROC 0.7030 AUPRC 0.3517
  Epoch 10, Loss 0.6158, Val AUROC 0.7127 AUPRC 0.3465 | Test AUROC 0.7057 AUPRC 0.3494
  Epoch 11, Loss 0.6153, Val AUROC 0.7151 AUPRC 0.3490 | Test AUROC 0.7081 AUPRC 0.3486
  Epoch 12, Loss 0.6140, Val AUROC 0.7168 AUPRC 0.3499 | Test AUROC 0.7109 AUPRC 0.3489
  Epoch 13, Loss 0.6091, Val AUROC 0.7188 AUPRC 0.3520 | Test AUROC 0.7139 AUPRC 0.3508
  Epoch 14, Loss 0.6069, Val AUROC 0.7210 AUPRC 0.3547 | Test AUROC 0.7169 AUPRC 0.3512
  Epoch 15, Loss 0.6056, Val AUROC 0.7237 AUPRC 0.3582 | Test AUROC 0.7195 AUPRC 0.3482
  Epoch 16, Loss 0.6007, Val AUROC 0.7259 AUPRC 0.3612 | Test AUROC 0.7218 AUPRC 0.3469
  Epoch 17, Loss 0.5976, Val AUROC 0.7285 AUPRC 0.3646 | Test AUROC 0.7240 AUPRC 0.3471
  Epoch 19, Loss 0.5938, Val AUROC 0.7300 AUPRC 0.3676 | Test AUROC 0.7276 AUPRC 0.3492
  Epoch 20, Loss 0.5930, Val AUROC 0.7301 AUPRC 0.3703 | Test AUROC 0.7286 AUPRC 0.3496
  Epoch 22, Loss 0.5910, Val AUROC 0.7308 AUPRC 0.3706 | Test AUROC 0.7292 AUPRC 0.3487
  Epoch 23, Loss 0.5913, Val AUROC 0.7311 AUPRC 0.3708 | Test AUROC 0.7294 AUPRC 0.3489
  Epoch 24, Loss 0.5901, Val AUROC 0.7313 AUPRC 0.3718 | Test AUROC 0.7298 AUPRC 0.3493
  Epoch 25, Loss 0.5891, Val AUROC 0.7319 AUPRC 0.3743 | Test AUROC 0.7300 AUPRC 0.3493
  Epoch 26, Loss 0.5886, Val AUROC 0.7330 AUPRC 0.3769 | Test AUROC 0.7299 AUPRC 0.3485
  Epoch 28, Loss 0.5864, Val AUROC 0.7348 AUPRC 0.3774 | Test AUROC 0.7295 AUPRC 0.3475
  Epoch 29, Loss 0.5851, Val AUROC 0.7356 AUPRC 0.3783 | Test AUROC 0.7294 AUPRC 0.3474
  Epoch 31, Loss 0.5836, Val AUROC 0.7371 AUPRC 0.3794 | Test AUROC 0.7291 AUPRC 0.3468
  Epoch 32, Loss 0.5825, Val AUROC 0.7375 AUPRC 0.3799 | Test AUROC 0.7289 AUPRC 0.3464
  Epoch 33, Loss 0.5822, Val AUROC 0.7380 AUPRC 0.3812 | Test AUROC 0.7288 AUPRC 0.3464
  Epoch 34, Loss 0.5810, Val AUROC 0.7384 AUPRC 0.3831 | Test AUROC 0.7287 AUPRC 0.3467
  Epoch 35, Loss 0.5803, Val AUROC 0.7390 AUPRC 0.3842 | Test AUROC 0.7286 AUPRC 0.3467
  Epoch 36, Loss 0.5792, Val AUROC 0.7399 AUPRC 0.3856 | Test AUROC 0.7284 AUPRC 0.3466
  Epoch 37, Loss 0.5782, Val AUROC 0.7409 AUPRC 0.3875 | Test AUROC 0.7282 AUPRC 0.3468
  Epoch 38, Loss 0.5773, Val AUROC 0.7415 AUPRC 0.3889 | Test AUROC 0.7283 AUPRC 0.3474
  Epoch 39, Loss 0.5764, Val AUROC 0.7420 AUPRC 0.3898 | Test AUROC 0.7284 AUPRC 0.3479
  Epoch 40, Loss 0.5760, Val AUROC 0.7424 AUPRC 0.3901 | Test AUROC 0.7284 AUPRC 0.3482
  Epoch 41, Loss 0.5752, Val AUROC 0.7427 AUPRC 0.3903 | Test AUROC 0.7282 AUPRC 0.3485
  Epoch 42, Loss 0.5749, Val AUROC 0.7426 AUPRC 0.3905 | Test AUROC 0.7281 AUPRC 0.3489
  Epoch 43, Loss 0.5741, Val AUROC 0.7428 AUPRC 0.3907 | Test AUROC 0.7280 AUPRC 0.3493
  Epoch 44, Loss 0.5735, Val AUROC 0.7429 AUPRC 0.3910 | Test AUROC 0.7278 AUPRC 0.3494
  Epoch 45, Loss 0.5726, Val AUROC 0.7431 AUPRC 0.3911 | Test AUROC 0.7276 AUPRC 0.3494
  Epoch 47, Loss 0.5711, Val AUROC 0.7431 AUPRC 0.3911 | Test AUROC 0.7275 AUPRC 0.3498
  Epoch 48, Loss 0.5704, Val AUROC 0.7431 AUPRC 0.3915 | Test AUROC 0.7274 AUPRC 0.3500
  Epoch 49, Loss 0.5698, Val AUROC 0.7432 AUPRC 0.3918 | Test AUROC 0.7272 AUPRC 0.3500
  Epoch 50, Loss 0.5692, Val AUROC 0.7432 AUPRC 0.3922 | Test AUROC 0.7271 AUPRC 0.3502
  Epoch 51, Loss 0.5685, Val AUROC 0.7431 AUPRC 0.3926 | Test AUROC 0.7272 AUPRC 0.3507
  Epoch 52, Loss 0.5679, Val AUROC 0.7432 AUPRC 0.3928 | Test AUROC 0.7272 AUPRC 0.3512
  Epoch 54, Loss 0.5667, Val AUROC 0.7432 AUPRC 0.3929 | Test AUROC 0.7272 AUPRC 0.3522
  Epoch 55, Loss 0.5661, Val AUROC 0.7431 AUPRC 0.3930 | Test AUROC 0.7272 AUPRC 0.3526
  Epoch 56, Loss 0.5656, Val AUROC 0.7433 AUPRC 0.3933 | Test AUROC 0.7272 AUPRC 0.3531
  Epoch 57, Loss 0.5650, Val AUROC 0.7435 AUPRC 0.3938 | Test AUROC 0.7271 AUPRC 0.3535
  Epoch 58, Loss 0.5645, Val AUROC 0.7438 AUPRC 0.3943 | Test AUROC 0.7272 AUPRC 0.3541
  Epoch 59, Loss 0.5639, Val AUROC 0.7439 AUPRC 0.3947 | Test AUROC 0.7274 AUPRC 0.3547
  Epoch 88, Loss 0.5527, Val AUROC 0.7384 AUPRC 0.3955 | Test AUROC 0.7284 AUPRC 0.3778
  Epoch 89, Loss 0.5524, Val AUROC 0.7384 AUPRC 0.3989 | Test AUROC 0.7284 AUPRC 0.3780
  Epoch 90, Loss 0.5522, Val AUROC 0.7382 AUPRC 0.4001 | Test AUROC 0.7284 AUPRC 0.3782
  Epoch 91, Loss 0.5520, Val AUROC 0.7379 AUPRC 0.4003 | Test AUROC 0.7284 AUPRC 0.3785
  Epoch 97, Loss 0.5509, Val AUROC 0.7376 AUPRC 0.4009 | Test AUROC 0.7286 AUPRC 0.3812
  Epoch 99, Loss 0.5506, Val AUROC 0.7374 AUPRC 0.4011 | Test AUROC 0.7287 AUPRC 0.3819
  Epoch 100, Loss 0.5505, Val AUROC 0.7374 AUPRC 0.4012 | Test AUROC 0.7286 AUPRC 0.3821
  Epoch 101, Loss 0.5504, Val AUROC 0.7373 AUPRC 0.4019 | Test AUROC 0.7289 AUPRC 0.3827
  Epoch 0, Loss 1.0248, Val AUROC 0.4565 AUPRC 0.2170 | Test AUROC 0.4742 AUPRC 0.2045
  Epoch 4, Loss 0.7373, Val AUROC 0.5111 AUPRC 0.2460 | Test AUROC 0.5188 AUPRC 0.2185
  Epoch 5, Loss 0.7049, Val AUROC 0.5910 AUPRC 0.2930 | Test AUROC 0.5738 AUPRC 0.2558
  Epoch 6, Loss 0.6856, Val AUROC 0.6412 AUPRC 0.3266 | Test AUROC 0.6284 AUPRC 0.2945
  Epoch 7, Loss 0.6773, Val AUROC 0.6671 AUPRC 0.3462 | Test AUROC 0.6622 AUPRC 0.3156
  Epoch 8, Loss 0.6748, Val AUROC 0.6770 AUPRC 0.3549 | Test AUROC 0.6808 AUPRC 0.3300
  Epoch 9, Loss 0.6732, Val AUROC 0.6840 AUPRC 0.3653 | Test AUROC 0.6909 AUPRC 0.3411
  Epoch 10, Loss 0.6683, Val AUROC 0.6904 AUPRC 0.3714 | Test AUROC 0.6930 AUPRC 0.3465
  Epoch 11, Loss 0.6592, Val AUROC 0.6982 AUPRC 0.3794 | Test AUROC 0.6928 AUPRC 0.3517
  Epoch 12, Loss 0.6492, Val AUROC 0.7026 AUPRC 0.3844 | Test AUROC 0.6918 AUPRC 0.3551
  Epoch 13, Loss 0.6427, Val AUROC 0.7052 AUPRC 0.3883 | Test AUROC 0.6958 AUPRC 0.3595
  Epoch 22, Loss 0.5848, Val AUROC 0.7189 AUPRC 0.3897 | Test AUROC 0.7302 AUPRC 0.3665
  Epoch 24, Loss 0.5806, Val AUROC 0.7209 AUPRC 0.3902 | Test AUROC 0.7301 AUPRC 0.3693
  Epoch 26, Loss 0.5752, Val AUROC 0.7249 AUPRC 0.3939 | Test AUROC 0.7343 AUPRC 0.3719
  Epoch 27, Loss 0.5721, Val AUROC 0.7268 AUPRC 0.3947 | Test AUROC 0.7354 AUPRC 0.3763
  Epoch 28, Loss 0.5676, Val AUROC 0.7293 AUPRC 0.3956 | Test AUROC 0.7357 AUPRC 0.3794
  Epoch 29, Loss 0.5649, Val AUROC 0.7314 AUPRC 0.4001 | Test AUROC 0.7379 AUPRC 0.3830
  Epoch 30, Loss 0.5606, Val AUROC 0.7327 AUPRC 0.4037 | Test AUROC 0.7405 AUPRC 0.3876
  Epoch 31, Loss 0.5591, Val AUROC 0.7350 AUPRC 0.4085 | Test AUROC 0.7423 AUPRC 0.3913
  Epoch 32, Loss 0.5548, Val AUROC 0.7366 AUPRC 0.4114 | Test AUROC 0.7448 AUPRC 0.3941
  Epoch 33, Loss 0.5538, Val AUROC 0.7383 AUPRC 0.4178 | Test AUROC 0.7467 AUPRC 0.3978
  Epoch 34, Loss 0.5495, Val AUROC 0.7395 AUPRC 0.4195 | Test AUROC 0.7482 AUPRC 0.3991
  Epoch 35, Loss 0.5466, Val AUROC 0.7408 AUPRC 0.4203 | Test AUROC 0.7491 AUPRC 0.3981
  Epoch 36, Loss 0.5449, Val AUROC 0.7413 AUPRC 0.4237 | Test AUROC 0.7492 AUPRC 0.3985
  Epoch 37, Loss 0.5406, Val AUROC 0.7421 AUPRC 0.4253 | Test AUROC 0.7491 AUPRC 0.3979
  Epoch 38, Loss 0.5395, Val AUROC 0.7433 AUPRC 0.4263 | Test AUROC 0.7493 AUPRC 0.3974
  Epoch 39, Loss 0.5378, Val AUROC 0.7439 AUPRC 0.4279 | Test AUROC 0.7489 AUPRC 0.3969
  Epoch 42, Loss 0.5309, Val AUROC 0.7451 AUPRC 0.4302 | Test AUROC 0.7477 AUPRC 0.3985
  Epoch 43, Loss 0.5278, Val AUROC 0.7457 AUPRC 0.4320 | Test AUROC 0.7473 AUPRC 0.3991
  Epoch 44, Loss 0.5253, Val AUROC 0.7462 AUPRC 0.4326 | Test AUROC 0.7476 AUPRC 0.3999
  Epoch 45, Loss 0.5240, Val AUROC 0.7453 AUPRC 0.4345 | Test AUROC 0.7460 AUPRC 0.4001
  Epoch 46, Loss 0.5222, Val AUROC 0.7461 AUPRC 0.4347 | Test AUROC 0.7466 AUPRC 0.4010
  Epoch 47, Loss 0.5189, Val AUROC 0.7462 AUPRC 0.4350 | Test AUROC 0.7459 AUPRC 0.4017
  Epoch 48, Loss 0.5163, Val AUROC 0.7455 AUPRC 0.4360 | Test AUROC 0.7449 AUPRC 0.4022
  Epoch 50, Loss 0.5135, Val AUROC 0.7451 AUPRC 0.4361 | Test AUROC 0.7443 AUPRC 0.4033
  Epoch 63, Loss 0.4864, Val AUROC 0.7436 AUPRC 0.4361 | Test AUROC 0.7410 AUPRC 0.4094
  Epoch 68, Loss 0.4788, Val AUROC 0.7423 AUPRC 0.4375 | Test AUROC 0.7405 AUPRC 0.4127
  Epoch 73, Loss 0.4695, Val AUROC 0.7417 AUPRC 0.4380 | Test AUROC 0.7376 AUPRC 0.4126
  Epoch 75, Loss 0.4704, Val AUROC 0.7411 AUPRC 0.4383 | Test AUROC 0.7374 AUPRC 0.4134
  Epoch 80, Loss 0.4598, Val AUROC 0.7391 AUPRC 0.4400 | Test AUROC 0.7355 AUPRC 0.4130
  Epoch 85, Loss 0.4495, Val AUROC 0.7391 AUPRC 0.4401 | Test AUROC 0.7339 AUPRC 0.4098
tensor([[0.9655, 0.0000, 0.0086,  ..., 0.8041, 1.0000, 0.8483],
        [0.4917, 0.4199, 0.0221,  ..., 0.8174, 1.0000, 0.8327],
        [0.5470, 0.0000, 0.0276,  ..., 0.8257, 1.0000, 0.8393],
        ...,
        [0.5530, 0.4280, 0.0127,  ..., 0.8348, 0.9994, 0.8467],
        [0.9208, 0.0000, 0.0165,  ..., 0.8280, 0.9988, 0.8433],
        [0.3082, 0.0111, 0.0089,  ..., 0.8363, 0.9994, 0.8471]],
       device='cuda:0')
tensor([[0.8070, 0.0322, 0.0221,  ..., 1.0000, 1.0000, 1.0000],
        [0.0000, 0.0000, 0.0000,  ..., 0.0000, 1.0000, 1.0000],
        [0.0000, 0.0000, 0.2000,  ..., 0.0000, 1.0000, 1.0000],
        ...,
        [0.0784, 0.0000, 0.0000,  ..., 0.8407, 0.9986, 0.8435],
        [0.9828, 0.0000, 0.0172,  ..., 0.7935, 0.9991, 0.8339],
        [0.4715, 0.0000, 0.0366,  ..., 0.8006, 0.9991, 0.8334]],
       device='cuda:0')
/home/eirik/miniconda3/envs/GADBench/lib/python3.10/site-packages/xgboost/training.py:200: UserWarning: [17:25:52] WARNING: /__w/xgboost/xgboost/src/learner.cc:782: 
Parameters: { "drop_rate", "h_feats", "lr", "num_layers", "verbose" } are not used.

  bst.update(dtrain, iteration=i, fobj=obj)
/home/eirik/miniconda3/envs/GADBench/lib/python3.10/site-packages/xgboost/training.py:200: UserWarning: [17:25:53] WARNING: /__w/xgboost/xgboost/src/learner.cc:782: 
Parameters: { "verbose" } are not used.

  bst.update(dtrain, iteration=i, fobj=obj)

[tolokers | rwr_r0.1_M1 | split 2 | seed 3427]
  rwr: 12/15 subgraphs (n: min=2 med=500 max=500 | m: min=1 med=2331 max=19789)
  Combined: N=5427 M=108960 train=3587 val=1840 unique_origs=5427
  Epoch 0, Loss 0.6988, Val AUROC 0.6356 AUPRC 0.3792 | Test AUROC 0.6019 AUPRC 0.2926
  Epoch 1, Loss 0.6902, Val AUROC 0.6925 AUPRC 0.4118 | Test AUROC 0.6831 AUPRC 0.3520
  Epoch 38, Loss 0.5720, Val AUROC 0.7136 AUPRC 0.4123 | Test AUROC 0.7092 AUPRC 0.3661
  Epoch 39, Loss 0.5714, Val AUROC 0.7141 AUPRC 0.4133 | Test AUROC 0.7096 AUPRC 0.3663
  Epoch 40, Loss 0.5704, Val AUROC 0.7147 AUPRC 0.4136 | Test AUROC 0.7103 AUPRC 0.3666
  Epoch 41, Loss 0.5692, Val AUROC 0.7151 AUPRC 0.4151 | Test AUROC 0.7111 AUPRC 0.3671
  Epoch 42, Loss 0.5683, Val AUROC 0.7157 AUPRC 0.4157 | Test AUROC 0.7113 AUPRC 0.3673
  Epoch 43, Loss 0.5676, Val AUROC 0.7160 AUPRC 0.4164 | Test AUROC 0.7124 AUPRC 0.3679
  Epoch 44, Loss 0.5667, Val AUROC 0.7165 AUPRC 0.4173 | Test AUROC 0.7137 AUPRC 0.3687
  Epoch 45, Loss 0.5656, Val AUROC 0.7172 AUPRC 0.4191 | Test AUROC 0.7149 AUPRC 0.3697
  Epoch 46, Loss 0.5648, Val AUROC 0.7175 AUPRC 0.4194 | Test AUROC 0.7164 AUPRC 0.3701
  Epoch 47, Loss 0.5642, Val AUROC 0.7181 AUPRC 0.4212 | Test AUROC 0.7167 AUPRC 0.3707
  Epoch 48, Loss 0.5633, Val AUROC 0.7183 AUPRC 0.4214 | Test AUROC 0.7174 AUPRC 0.3711
  Epoch 49, Loss 0.5623, Val AUROC 0.7188 AUPRC 0.4218 | Test AUROC 0.7177 AUPRC 0.3717
  Epoch 51, Loss 0.5607, Val AUROC 0.7194 AUPRC 0.4223 | Test AUROC 0.7183 AUPRC 0.3726
  Epoch 0, Loss 0.7022, Val AUROC 0.5927 AUPRC 0.2971 | Test AUROC 0.6066 AUPRC 0.2690
  Epoch 1, Loss 0.6867, Val AUROC 0.6296 AUPRC 0.3166 | Test AUROC 0.6423 AUPRC 0.2924
  Epoch 2, Loss 0.6724, Val AUROC 0.6494 AUPRC 0.3286 | Test AUROC 0.6644 AUPRC 0.3124
  Epoch 3, Loss 0.6480, Val AUROC 0.6605 AUPRC 0.3365 | Test AUROC 0.6828 AUPRC 0.3305
  Epoch 4, Loss 0.6354, Val AUROC 0.6671 AUPRC 0.3429 | Test AUROC 0.6921 AUPRC 0.3433
  Epoch 5, Loss 0.6327, Val AUROC 0.6688 AUPRC 0.3435 | Test AUROC 0.6966 AUPRC 0.3507
  Epoch 9, Loss 0.6153, Val AUROC 0.6755 AUPRC 0.3444 | Test AUROC 0.7080 AUPRC 0.3594
  Epoch 10, Loss 0.6086, Val AUROC 0.6782 AUPRC 0.3459 | Test AUROC 0.7106 AUPRC 0.3573
  Epoch 11, Loss 0.6061, Val AUROC 0.6809 AUPRC 0.3476 | Test AUROC 0.7130 AUPRC 0.3548
  Epoch 12, Loss 0.6061, Val AUROC 0.6833 AUPRC 0.3500 | Test AUROC 0.7160 AUPRC 0.3554
  Epoch 13, Loss 0.6014, Val AUROC 0.6855 AUPRC 0.3524 | Test AUROC 0.7188 AUPRC 0.3589
  Epoch 14, Loss 0.5964, Val AUROC 0.6874 AUPRC 0.3536 | Test AUROC 0.7214 AUPRC 0.3598
  Epoch 15, Loss 0.5953, Val AUROC 0.6899 AUPRC 0.3573 | Test AUROC 0.7239 AUPRC 0.3595
  Epoch 16, Loss 0.5928, Val AUROC 0.6923 AUPRC 0.3591 | Test AUROC 0.7264 AUPRC 0.3597
  Epoch 17, Loss 0.5881, Val AUROC 0.6946 AUPRC 0.3614 | Test AUROC 0.7284 AUPRC 0.3584
  Epoch 18, Loss 0.5866, Val AUROC 0.6962 AUPRC 0.3634 | Test AUROC 0.7305 AUPRC 0.3590
  Epoch 19, Loss 0.5864, Val AUROC 0.6971 AUPRC 0.3645 | Test AUROC 0.7325 AUPRC 0.3600
  Epoch 20, Loss 0.5841, Val AUROC 0.6979 AUPRC 0.3656 | Test AUROC 0.7344 AUPRC 0.3625
  Epoch 21, Loss 0.5835, Val AUROC 0.6984 AUPRC 0.3661 | Test AUROC 0.7354 AUPRC 0.3635
  Epoch 22, Loss 0.5823, Val AUROC 0.6998 AUPRC 0.3682 | Test AUROC 0.7359 AUPRC 0.3638
  Epoch 23, Loss 0.5799, Val AUROC 0.7012 AUPRC 0.3702 | Test AUROC 0.7362 AUPRC 0.3647
  Epoch 24, Loss 0.5791, Val AUROC 0.7018 AUPRC 0.3706 | Test AUROC 0.7366 AUPRC 0.3661
  Epoch 26, Loss 0.5753, Val AUROC 0.7026 AUPRC 0.3710 | Test AUROC 0.7377 AUPRC 0.3695
  Epoch 27, Loss 0.5744, Val AUROC 0.7032 AUPRC 0.3726 | Test AUROC 0.7376 AUPRC 0.3709
  Epoch 28, Loss 0.5726, Val AUROC 0.7038 AUPRC 0.3730 | Test AUROC 0.7377 AUPRC 0.3717
  Epoch 29, Loss 0.5722, Val AUROC 0.7044 AUPRC 0.3749 | Test AUROC 0.7384 AUPRC 0.3741
  Epoch 30, Loss 0.5707, Val AUROC 0.7052 AUPRC 0.3773 | Test AUROC 0.7397 AUPRC 0.3763
  Epoch 31, Loss 0.5695, Val AUROC 0.7059 AUPRC 0.3790 | Test AUROC 0.7407 AUPRC 0.3788
  Epoch 32, Loss 0.5685, Val AUROC 0.7067 AUPRC 0.3811 | Test AUROC 0.7412 AUPRC 0.3806
  Epoch 33, Loss 0.5670, Val AUROC 0.7076 AUPRC 0.3823 | Test AUROC 0.7420 AUPRC 0.3832
  Epoch 34, Loss 0.5664, Val AUROC 0.7083 AUPRC 0.3842 | Test AUROC 0.7430 AUPRC 0.3853
  Epoch 35, Loss 0.5652, Val AUROC 0.7090 AUPRC 0.3862 | Test AUROC 0.7436 AUPRC 0.3863
  Epoch 36, Loss 0.5647, Val AUROC 0.7097 AUPRC 0.3869 | Test AUROC 0.7438 AUPRC 0.3874
  Epoch 37, Loss 0.5638, Val AUROC 0.7110 AUPRC 0.3888 | Test AUROC 0.7438 AUPRC 0.3878
  Epoch 38, Loss 0.5630, Val AUROC 0.7120 AUPRC 0.3901 | Test AUROC 0.7439 AUPRC 0.3891
  Epoch 39, Loss 0.5622, Val AUROC 0.7129 AUPRC 0.3906 | Test AUROC 0.7438 AUPRC 0.3898
  Epoch 40, Loss 0.5614, Val AUROC 0.7138 AUPRC 0.3915 | Test AUROC 0.7436 AUPRC 0.3894
  Epoch 41, Loss 0.5608, Val AUROC 0.7145 AUPRC 0.3920 | Test AUROC 0.7428 AUPRC 0.3889
  Epoch 42, Loss 0.5601, Val AUROC 0.7151 AUPRC 0.3925 | Test AUROC 0.7425 AUPRC 0.3883
  Epoch 43, Loss 0.5596, Val AUROC 0.7156 AUPRC 0.3930 | Test AUROC 0.7429 AUPRC 0.3879
  Epoch 44, Loss 0.5589, Val AUROC 0.7160 AUPRC 0.3938 | Test AUROC 0.7434 AUPRC 0.3876
  Epoch 45, Loss 0.5584, Val AUROC 0.7163 AUPRC 0.3942 | Test AUROC 0.7435 AUPRC 0.3865
  Epoch 46, Loss 0.5578, Val AUROC 0.7162 AUPRC 0.3944 | Test AUROC 0.7441 AUPRC 0.3854
  Epoch 47, Loss 0.5573, Val AUROC 0.7162 AUPRC 0.3950 | Test AUROC 0.7449 AUPRC 0.3862
  Epoch 48, Loss 0.5569, Val AUROC 0.7163 AUPRC 0.3954 | Test AUROC 0.7453 AUPRC 0.3866
  Epoch 0, Loss 0.9647, Val AUROC 0.4757 AUPRC 0.2519 | Test AUROC 0.4761 AUPRC 0.2051
  Epoch 4, Loss 0.7272, Val AUROC 0.5283 AUPRC 0.2862 | Test AUROC 0.5774 AUPRC 0.2680
  Epoch 5, Loss 0.6962, Val AUROC 0.6087 AUPRC 0.3345 | Test AUROC 0.6490 AUPRC 0.3286
  Epoch 6, Loss 0.6763, Val AUROC 0.6567 AUPRC 0.3596 | Test AUROC 0.6972 AUPRC 0.3659
  Epoch 7, Loss 0.6668, Val AUROC 0.6777 AUPRC 0.3707 | Test AUROC 0.7189 AUPRC 0.3781
  Epoch 8, Loss 0.6633, Val AUROC 0.6866 AUPRC 0.3717 | Test AUROC 0.7263 AUPRC 0.3810
  Epoch 9, Loss 0.6611, Val AUROC 0.6901 AUPRC 0.3744 | Test AUROC 0.7274 AUPRC 0.3770
  Epoch 21, Loss 0.5772, Val AUROC 0.7056 AUPRC 0.3750 | Test AUROC 0.7350 AUPRC 0.3717
  Epoch 22, Loss 0.5677, Val AUROC 0.7077 AUPRC 0.3757 | Test AUROC 0.7393 AUPRC 0.3749
  Epoch 23, Loss 0.5647, Val AUROC 0.7101 AUPRC 0.3785 | Test AUROC 0.7425 AUPRC 0.3776
  Epoch 24, Loss 0.5629, Val AUROC 0.7130 AUPRC 0.3817 | Test AUROC 0.7456 AUPRC 0.3818
  Epoch 25, Loss 0.5547, Val AUROC 0.7162 AUPRC 0.3856 | Test AUROC 0.7482 AUPRC 0.3851
  Epoch 26, Loss 0.5548, Val AUROC 0.7193 AUPRC 0.3894 | Test AUROC 0.7508 AUPRC 0.3876
  Epoch 27, Loss 0.5499, Val AUROC 0.7221 AUPRC 0.3933 | Test AUROC 0.7526 AUPRC 0.3879
  Epoch 28, Loss 0.5451, Val AUROC 0.7246 AUPRC 0.3968 | Test AUROC 0.7533 AUPRC 0.3874
  Epoch 29, Loss 0.5454, Val AUROC 0.7269 AUPRC 0.4031 | Test AUROC 0.7552 AUPRC 0.3905
  Epoch 30, Loss 0.5394, Val AUROC 0.7286 AUPRC 0.4066 | Test AUROC 0.7571 AUPRC 0.3924
  Epoch 31, Loss 0.5375, Val AUROC 0.7298 AUPRC 0.4082 | Test AUROC 0.7570 AUPRC 0.3929
  Epoch 32, Loss 0.5346, Val AUROC 0.7302 AUPRC 0.4093 | Test AUROC 0.7555 AUPRC 0.3907
  Epoch 34, Loss 0.5295, Val AUROC 0.7307 AUPRC 0.4109 | Test AUROC 0.7557 AUPRC 0.3903
  Epoch 35, Loss 0.5252, Val AUROC 0.7317 AUPRC 0.4129 | Test AUROC 0.7563 AUPRC 0.3901
  Epoch 36, Loss 0.5245, Val AUROC 0.7329 AUPRC 0.4143 | Test AUROC 0.7561 AUPRC 0.3897
  Epoch 37, Loss 0.5218, Val AUROC 0.7337 AUPRC 0.4163 | Test AUROC 0.7553 AUPRC 0.3894
  Epoch 38, Loss 0.5197, Val AUROC 0.7350 AUPRC 0.4177 | Test AUROC 0.7550 AUPRC 0.3902
  Epoch 39, Loss 0.5185, Val AUROC 0.7361 AUPRC 0.4190 | Test AUROC 0.7560 AUPRC 0.3916
  Epoch 40, Loss 0.5157, Val AUROC 0.7374 AUPRC 0.4200 | Test AUROC 0.7569 AUPRC 0.3929
  Epoch 41, Loss 0.5149, Val AUROC 0.7383 AUPRC 0.4211 | Test AUROC 0.7568 AUPRC 0.3933
  Epoch 42, Loss 0.5118, Val AUROC 0.7389 AUPRC 0.4213 | Test AUROC 0.7569 AUPRC 0.3939
  Epoch 43, Loss 0.5111, Val AUROC 0.7397 AUPRC 0.4231 | Test AUROC 0.7585 AUPRC 0.3960
  Epoch 44, Loss 0.5086, Val AUROC 0.7402 AUPRC 0.4253 | Test AUROC 0.7598 AUPRC 0.3965
  Epoch 45, Loss 0.5076, Val AUROC 0.7418 AUPRC 0.4287 | Test AUROC 0.7592 AUPRC 0.3960
  Epoch 46, Loss 0.5053, Val AUROC 0.7429 AUPRC 0.4315 | Test AUROC 0.7580 AUPRC 0.3949
  Epoch 47, Loss 0.5040, Val AUROC 0.7436 AUPRC 0.4337 | Test AUROC 0.7580 AUPRC 0.3951
  Epoch 48, Loss 0.5019, Val AUROC 0.7437 AUPRC 0.4352 | Test AUROC 0.7588 AUPRC 0.3960
  Epoch 49, Loss 0.5004, Val AUROC 0.7438 AUPRC 0.4365 | Test AUROC 0.7582 AUPRC 0.3958
  Epoch 50, Loss 0.4983, Val AUROC 0.7438 AUPRC 0.4381 | Test AUROC 0.7567 AUPRC 0.3939
  Epoch 51, Loss 0.4971, Val AUROC 0.7443 AUPRC 0.4393 | Test AUROC 0.7568 AUPRC 0.3938
  Epoch 52, Loss 0.4951, Val AUROC 0.7452 AUPRC 0.4409 | Test AUROC 0.7562 AUPRC 0.3934
  Epoch 53, Loss 0.4937, Val AUROC 0.7458 AUPRC 0.4430 | Test AUROC 0.7540 AUPRC 0.3909
  Epoch 54, Loss 0.4918, Val AUROC 0.7461 AUPRC 0.4439 | Test AUROC 0.7536 AUPRC 0.3906
  Epoch 57, Loss 0.4863, Val AUROC 0.7455 AUPRC 0.4444 | Test AUROC 0.7516 AUPRC 0.3880
  Epoch 60, Loss 0.4809, Val AUROC 0.7441 AUPRC 0.4444 | Test AUROC 0.7484 AUPRC 0.3847
  Epoch 61, Loss 0.4791, Val AUROC 0.7441 AUPRC 0.4447 | Test AUROC 0.7491 AUPRC 0.3856
  Epoch 62, Loss 0.4775, Val AUROC 0.7437 AUPRC 0.4454 | Test AUROC 0.7460 AUPRC 0.3828
  Epoch 63, Loss 0.4757, Val AUROC 0.7438 AUPRC 0.4458 | Test AUROC 0.7461 AUPRC 0.3830
  Epoch 64, Loss 0.4737, Val AUROC 0.7437 AUPRC 0.4458 | Test AUROC 0.7451 AUPRC 0.3827
  Epoch 66, Loss 0.4701, Val AUROC 0.7433 AUPRC 0.4466 | Test AUROC 0.7448 AUPRC 0.3827
  Epoch 68, Loss 0.4666, Val AUROC 0.7431 AUPRC 0.4469 | Test AUROC 0.7444 AUPRC 0.3831
  Epoch 72, Loss 0.4690, Val AUROC 0.7447 AUPRC 0.4476 | Test AUROC 0.7444 AUPRC 0.3860
  Epoch 76, Loss 0.4575, Val AUROC 0.7421 AUPRC 0.4479 | Test AUROC 0.7356 AUPRC 0.3767
  Epoch 77, Loss 0.4512, Val AUROC 0.7428 AUPRC 0.4486 | Test AUROC 0.7347 AUPRC 0.3758
  Epoch 78, Loss 0.4507, Val AUROC 0.7439 AUPRC 0.4515 | Test AUROC 0.7396 AUPRC 0.3811
  Epoch 83, Loss 0.4450, Val AUROC 0.7442 AUPRC 0.4529 | Test AUROC 0.7380 AUPRC 0.3779
tensor([[0.9655, 0.0000, 0.0086,  ..., 0.8021, 0.9990, 0.8595],
        [0.5137, 0.3219, 0.0685,  ..., 0.7969, 0.9973, 0.8306],
        [0.9542, 0.0000, 0.0458,  ..., 0.7931, 0.9973, 0.8310],
        ...,
        [0.9143, 0.0857, 0.0000,  ..., 0.1667, 1.0000, 1.0000],
        [0.8974, 0.0513, 0.0513,  ..., 0.3889, 1.0000, 0.6111],
        [0.5000, 0.0000, 0.0000,  ..., 0.4167, 1.0000, 0.5833]],
       device='cuda:0')
tensor([[0.8070, 0.0322, 0.0221,  ..., 1.0000, 1.0000, 1.0000],
        [0.0000, 0.0000, 0.0000,  ..., 0.0000, 1.0000, 1.0000],
        [0.0000, 0.0000, 0.2000,  ..., 0.0000, 1.0000, 1.0000],
        ...,
        [0.0784, 0.0000, 0.0000,  ..., 0.8407, 0.9986, 0.8435],
        [0.9828, 0.0000, 0.0172,  ..., 0.7935, 0.9991, 0.8339],
        [0.4715, 0.0000, 0.0366,  ..., 0.8006, 0.9991, 0.8334]],
       device='cuda:0')
/home/eirik/miniconda3/envs/GADBench/lib/python3.10/site-packages/xgboost/training.py:200: UserWarning: [17:26:07] WARNING: /__w/xgboost/xgboost/src/learner.cc:782: 
Parameters: { "drop_rate", "h_feats", "lr", "num_layers", "verbose" } are not used.

  bst.update(dtrain, iteration=i, fobj=obj)
/home/eirik/miniconda3/envs/GADBench/lib/python3.10/site-packages/xgboost/training.py:200: UserWarning: [17:26:07] WARNING: /__w/xgboost/xgboost/src/learner.cc:782: 
Parameters: { "verbose" } are not used.

  bst.update(dtrain, iteration=i, fobj=obj)

[tolokers | rwr_r0.1_M2 | split 2 | seed 3427]
  rwr: 14/15 subgraphs (n: min=500 med=500 max=500 | m: min=1268 med=6559 max=19789)
  Combined: N=7000 M=201734 train=3032 val=1518 unique_origs=4550
  Epoch 0, Loss 0.6965, Val AUROC 0.6099 AUPRC 0.3812 | Test AUROC 0.5995 AUPRC 0.2921
  Epoch 1, Loss 0.6900, Val AUROC 0.6764 AUPRC 0.4131 | Test AUROC 0.6866 AUPRC 0.3560
