model,seed,AUROC,AUPRC,RecK,time_sec,dataset,method,params_tag,target_size,K_request,multiplicity_cap,split_id,num_subgraphs_actual
GCN,3407,0.6920683433244132,0.37665874138523353,0.3660436137071651,6.425880193710327,tolokers,forest_fire,ff_b0.3_M1,500,15,1,0,11
GIN,3407,0.7288123357978902,0.3467460688763751,0.35358255451713394,1.4258756637573242,tolokers,forest_fire,ff_b0.3_M1,500,15,1,0,11
GraphSAGE,3407,0.7475042634933804,0.40554688254864485,0.4190031152647975,2.0365800857543945,tolokers,forest_fire,ff_b0.3_M1,500,15,1,0,11
XGBGraph,3407,0.758803876593218,0.40905205679570106,0.4143302180685358,0.399799108505249,tolokers,forest_fire,ff_b0.3_M1,500,15,1,0,11
XGBoost,3407,0.7229769757801041,0.3636300617702834,0.38317757009345793,0.1978132724761963,tolokers,forest_fire,ff_b0.3_M1,500,15,1,0,11
GCN,3407,0.7129357371573276,0.3938509726212064,0.37227414330218067,2.7733960151672363,tolokers,forest_fire,ff_b0.3_M2,500,15,2,0,15
GIN,3407,0.7301862787362166,0.35898148366435834,0.3691588785046729,1.509033203125,tolokers,forest_fire,ff_b0.3_M2,500,15,2,0,15
GraphSAGE,3407,0.7347209004714922,0.3944995475404577,0.3956386292834891,2.9354093074798584,tolokers,forest_fire,ff_b0.3_M2,500,15,2,0,15
XGBGraph,3407,0.7604943618858604,0.4020652647696797,0.4158878504672897,0.32119035720825195,tolokers,forest_fire,ff_b0.3_M2,500,15,2,0,15
XGBoost,3407,0.7159245883593753,0.35497701811487725,0.3629283489096573,0.19300198554992676,tolokers,forest_fire,ff_b0.3_M2,500,15,2,0,15
GCN,3407,0.6941153624037155,0.35608371599174216,0.35046728971962615,3.885615825653076,tolokers,forest_fire,ff_b0.3_Minf,500,15,-1,0,15
GIN,3407,0.7274960076349744,0.3685144932556207,0.37694704049844235,2.7980563640594482,tolokers,forest_fire,ff_b0.3_Minf,500,15,-1,0,15
GraphSAGE,3407,0.7390677658210174,0.401895850193319,0.40031152647975077,2.002487897872925,tolokers,forest_fire,ff_b0.3_Minf,500,15,-1,0,15
XGBGraph,3407,0.7799305369154812,0.42459816304519676,0.4485981308411215,0.2695438861846924,tolokers,forest_fire,ff_b0.3_Minf,500,15,-1,0,15
XGBoost,3407,0.708952522713778,0.34796186328747125,0.3660436137071651,0.18597793579101562,tolokers,forest_fire,ff_b0.3_Minf,500,15,-1,0,15
GCN,3407,0.6949206136176928,0.3517369360406186,0.3660436137071651,4.63771915435791,tolokers,forest_fire,ff_b0.5_M1,500,15,1,0,10
GIN,3407,0.7363639383020316,0.35595119998527075,0.3847352024922118,2.8915324211120605,tolokers,forest_fire,ff_b0.5_M1,500,15,1,0,10
GraphSAGE,3407,0.7484928652573415,0.40370639550278165,0.40809968847352024,2.7894608974456787,tolokers,forest_fire,ff_b0.5_M1,500,15,1,0,10
XGBGraph,3407,0.7517728405304355,0.4022264123250314,0.3987538940809969,0.2957935333251953,tolokers,forest_fire,ff_b0.5_M1,500,15,1,0,10
XGBoost,3407,0.7250426349338039,0.37290111755848354,0.397196261682243,0.24037528038024902,tolokers,forest_fire,ff_b0.5_M1,500,15,1,0,10
GCN,3407,0.685780876774874,0.3560848427049243,0.35202492211838005,4.664508581161499,tolokers,forest_fire,ff_b0.5_M2,500,15,2,0,13
GIN,3407,0.7293701823880444,0.37004427920184974,0.38006230529595014,1.495682716369629,tolokers,forest_fire,ff_b0.5_M2,500,15,2,0,13
GraphSAGE,3407,0.7405176246987086,0.3963047565383448,0.3940809968847352,1.7164580821990967,tolokers,forest_fire,ff_b0.5_M2,500,15,2,0,13
XGBGraph,3407,0.7695371703418115,0.43068472364734806,0.4501557632398754,0.3511507511138916,tolokers,forest_fire,ff_b0.5_M2,500,15,2,0,13
XGBoost,3407,0.7247199921915034,0.3650760222472132,0.3878504672897196,0.25967884063720703,tolokers,forest_fire,ff_b0.5_M2,500,15,2,0,13
GCN,3407,0.701020662691925,0.37468180517715527,0.37383177570093457,1.6186363697052002,tolokers,forest_fire,ff_b0.5_Minf,500,15,-1,0,15
GIN,3407,0.7276719021551995,0.3501382395088697,0.35514018691588783,2.7431976795196533,tolokers,forest_fire,ff_b0.5_Minf,500,15,-1,0,15
GraphSAGE,3407,0.7143754287217112,0.3736080992175453,0.3847352024922118,2.4119136333465576,tolokers,forest_fire,ff_b0.5_Minf,500,15,-1,0,15
XGBGraph,3407,0.7440758454459926,0.3998254064086513,0.4236760124610592,0.3177459239959717,tolokers,forest_fire,ff_b0.5_Minf,500,15,-1,0,15
XGBoost,3407,0.707882243532911,0.3447217353012906,0.37227414330218067,0.28727173805236816,tolokers,forest_fire,ff_b0.5_Minf,500,15,-1,0,15
GCN,3407,0.6878034943022376,0.3741734386311609,0.37383177570093457,4.878866672515869,tolokers,forest_fire,ff_b0.7_M1,500,15,1,0,12
GIN,3407,0.7273224854878548,0.34460937171787187,0.3598130841121495,2.239445924758911,tolokers,forest_fire,ff_b0.7_M1,500,15,1,0,12
GraphSAGE,3407,0.7385594001556278,0.40762811542283695,0.38006230529595014,2.392284631729126,tolokers,forest_fire,ff_b0.7_M1,500,15,1,0,12
XGBGraph,3407,0.77088772845953,0.42315440866667514,0.4439252336448598,0.3298001289367676,tolokers,forest_fire,ff_b0.7_M1,500,15,1,0,12
XGBoost,3407,0.720282637753539,0.36342999977631685,0.38317757009345793,0.26103782653808594,tolokers,forest_fire,ff_b0.7_M1,500,15,1,0,12
GCN,3407,0.7013758408368106,0.37677840005981666,0.37538940809968846,4.411458730697632,tolokers,forest_fire,ff_b0.7_M2,500,15,2,0,14
GIN,3407,0.7261993362777873,0.3519037462706086,0.34735202492211836,1.580759048461914,tolokers,forest_fire,ff_b0.7_M2,500,15,2,0,14
GraphSAGE,3407,0.7468681285907561,0.3902235686979784,0.40654205607476634,1.983689308166504,tolokers,forest_fire,ff_b0.7_M2,500,15,2,0,14
XGBGraph,3407,0.7594810196595171,0.4078005122427956,0.4143302180685358,0.3813750743865967,tolokers,forest_fire,ff_b0.7_M2,500,15,2,0,14
XGBoost,3407,0.7292166559570966,0.3724843402773996,0.38317757009345793,0.2639648914337158,tolokers,forest_fire,ff_b0.7_M2,500,15,2,0,14
GCN,3407,0.6732588137049961,0.3459251608003178,0.3364485981308411,1.6386497020721436,tolokers,forest_fire,ff_b0.7_Minf,500,15,-1,0,15
GIN,3407,0.7189080169943254,0.35512768627700947,0.37538940809968846,2.834643602371216,tolokers,forest_fire,ff_b0.7_Minf,500,15,-1,0,15
GraphSAGE,3407,0.730242537869853,0.39946210470422294,0.3956386292834891,2.6324479579925537,tolokers,forest_fire,ff_b0.7_Minf,500,15,-1,0,15
XGBGraph,3407,0.7438562314785443,0.4278446673532529,0.4423676012461059,0.36596035957336426,tolokers,forest_fire,ff_b0.7_Minf,500,15,-1,0,15
XGBoost,3407,0.7121043898391937,0.35545337330303245,0.3878504672897196,0.2745850086212158,tolokers,forest_fire,ff_b0.7_Minf,500,15,-1,0,15
GCN,3407,0.7095222311694579,0.3632897128422444,0.3691588785046729,5.066159248352051,tolokers,rwr,rwr_r0.1_M1,500,15,1,0,12
GIN,3407,0.7253005457813784,0.3402265433424056,0.35046728971962615,1.999560832977295,tolokers,rwr,rwr_r0.1_M1,500,15,1,0,12
GraphSAGE,3407,0.7572292986722844,0.437513685906859,0.40809968847352024,2.1265170574188232,tolokers,rwr,rwr_r0.1_M1,500,15,1,0,12
XGBGraph,3407,0.7636421620859531,0.407073315368669,0.42834890965732086,0.39019012451171875,tolokers,rwr,rwr_r0.1_M1,500,15,1,0,12
XGBoost,3407,0.7268768182545299,0.3634450449161469,0.3862928348909657,0.29355406761169434,tolokers,rwr,rwr_r0.1_M1,500,15,1,0,12
GCN,3407,0.7295592944155693,0.4034235787719518,0.3847352024922118,4.578826189041138,tolokers,rwr,rwr_r0.1_M2,500,15,2,0,15
GIN,3407,0.7303367549731719,0.35261559293266515,0.35202492211838005,1.8763446807861328,tolokers,rwr,rwr_r0.1_M2,500,15,2,0,15
GraphSAGE,3407,0.7311738637688469,0.38703238335615225,0.3940809968847352,3.196882724761963,tolokers,rwr,rwr_r0.1_M2,500,15,2,0,15
XGBGraph,3407,0.7938573837740523,0.45103418050096267,0.4688473520249221,0.3499913215637207,tolokers,rwr,rwr_r0.1_M2,500,15,2,0,15
XGBoost,3407,0.7345084036233593,0.3733184790824568,0.37383177570093457,0.2526552677154541,tolokers,rwr,rwr_r0.1_M2,500,15,2,0,15
GCN,3407,0.7177618218740934,0.3891171878800353,0.3878504672897196,4.542761564254761,tolokers,rwr,rwr_r0.15_M1,500,15,1,0,12
GIN,3407,0.7324366440816747,0.35744981589495617,0.3629283489096573,2.046754837036133,tolokers,rwr,rwr_r0.15_M1,500,15,1,0,12
GraphSAGE,3407,0.7465868329225738,0.4151004712580461,0.4143302180685358,2.5060856342315674,tolokers,rwr,rwr_r0.15_M1,500,15,1,0,12
XGBGraph,3407,0.7752684848534146,0.4409507420350218,0.4470404984423676,0.4481236934661865,tolokers,rwr,rwr_r0.15_M1,500,15,1,0,12
XGBoost,3407,0.722952913138609,0.3669985725056807,0.38161993769470404,0.32748866081237793,tolokers,rwr,rwr_r0.15_M1,500,15,1,0,12
GCN,3407,0.6881918856705953,0.35896936282214964,0.35669781931464173,1.758082389831543,tolokers,rwr,rwr_r0.15_M2,500,15,2,0,15
GIN,3407,0.7322136410097905,0.36412540804071,0.37538940809968846,1.4108192920684814,tolokers,rwr,rwr_r0.15_M2,500,15,2,0,15
GraphSAGE,3407,0.7458812213790129,0.4161963941763589,0.40186915887850466,2.2593629360198975,tolokers,rwr,rwr_r0.15_M2,500,15,2,0,15
XGBGraph,3407,0.7704224044204767,0.42305488371055255,0.440809968847352,0.3239176273345947,tolokers,rwr,rwr_r0.15_M2,500,15,2,0,15
XGBoost,3407,0.7206039248540652,0.35683163962189157,0.3878504672897196,0.2554323673248291,tolokers,rwr,rwr_r0.15_M2,500,15,2,0,15
GCN,3407,0.7071518915269678,0.3893660179804668,0.37694704049844235,4.211868047714233,tolokers,metis,metis_K5,,5,1,0,5
GIN,3407,0.7368421409379414,0.3565748151705202,0.3707165109034268,3.0455377101898193,tolokers,metis,metis_K5,,5,1,0,5
GraphSAGE,3407,0.7499667867765277,0.41197480238754497,0.40965732087227413,2.2965235710144043,tolokers,metis,metis_K5,,5,1,0,5
XGBGraph,3407,0.7669065474786418,0.4508580470161881,0.4517133956386293,0.42467808723449707,tolokers,metis,metis_K5,,5,1,0,5
XGBoost,3407,0.7284629191305456,0.36979196503813916,0.3956386292834891,0.3025953769683838,tolokers,metis,metis_K5,,5,1,0,5
GCN,3407,0.6844869167012355,0.3765442714088826,0.38006230529595014,4.016047477722168,tolokers,metis,metis_K15,,15,1,0,15
GIN,3407,0.7389369463897906,0.3633229117109809,0.37694704049844235,1.6824421882629395,tolokers,metis,metis_K15,,15,1,0,15
GraphSAGE,3407,0.7574753476543331,0.4027615476401166,0.40498442367601245,1.970062017440796,tolokers,metis,metis_K15,,15,1,0,15
XGBGraph,3407,0.7706284619701812,0.44501837476055156,0.46417445482866043,0.43671560287475586,tolokers,metis,metis_K15,,15,1,0,15
XGBoost,3407,0.7297941593529793,0.37688942637060563,0.3925233644859813,0.28313779830932617,tolokers,metis,metis_K15,,15,1,0,15
GCN,3407,0.7182451081666572,0.3868301600949937,0.37227414330218067,2.49923038482666,tolokers,uniform,uniform_K15,500,15,-1,0,15
GIN,3407,0.733699085484059,0.3664530570967217,0.38006230529595014,1.176877737045288,tolokers,uniform,uniform_K15,500,15,-1,0,15
GraphSAGE,3407,0.715015291639215,0.37521932851279777,0.3660436137071651,1.7953436374664307,tolokers,uniform,uniform_K15,500,15,-1,0,15
XGBGraph,3407,0.7607102478384291,0.42124946955042675,0.45482866043613707,0.34743833541870117,tolokers,uniform,uniform_K15,500,15,-1,0,15
XGBoost,3407,0.7166573127384235,0.356519077820761,0.38161993769470404,0.2892119884490967,tolokers,uniform,uniform_K15,500,15,-1,0,15
GCN,3407,0.6749174414159408,0.3419845020849328,0.3426791277258567,4.478841543197632,tolokers,bfs_partition,bfs_part_mn32,500,0,1,0,290
GIN,3407,0.7316313928676974,0.3469949215259225,0.3644859813084112,1.5353872776031494,tolokers,bfs_partition,bfs_part_mn32,500,0,1,0,290
GraphSAGE,3407,0.7371569887400394,0.37334940649487913,0.3878504672897196,2.510101556777954,tolokers,bfs_partition,bfs_part_mn32,500,0,1,0,290
XGBGraph,3407,0.763627250026435,0.4191213230040438,0.4423676012461059,0.393176794052124,tolokers,bfs_partition,bfs_part_mn32,500,0,1,0,290
XGBoost,3407,0.7177604662323191,0.3609399017484279,0.3629283489096573,0.2938973903656006,tolokers,bfs_partition,bfs_part_mn32,500,0,1,0,290
GCN,3407,0.6819118751508153,0.33864408057524914,0.34890965732087226,4.387685298919678,tolokers,bfs_snowball,bfs_snow_ts500_mn8_dinf_M1,500,15,1,0,11
GIN,3407,0.7352902700167285,0.37310237718741357,0.3847352024922118,2.7454676628112793,tolokers,bfs_snowball,bfs_snow_ts500_mn8_dinf_M1,500,15,1,0,11
GraphSAGE,3407,0.7472334740489495,0.4046807959374434,0.3987538940809969,2.741091728210449,tolokers,bfs_snowball,bfs_snow_ts500_mn8_dinf_M1,500,15,1,0,11
XGBGraph,3407,0.7675836905449407,0.43728041282138386,0.4470404984423676,0.33243250846862793,tolokers,bfs_snowball,bfs_snow_ts500_mn8_dinf_M1,500,15,1,0,11
XGBoost,3407,0.7251853162305568,0.363075378708004,0.3894080996884735,0.2735903263092041,tolokers,bfs_snowball,bfs_snow_ts500_mn8_dinf_M1,500,15,1,0,11
GCN,3407,0.6978643897307424,0.3695690972612029,0.37538940809968846,4.382118225097656,tolokers,bfs_snowball,bfs_snow_ts500_mn8_dinf_Minf,500,15,-1,0,15
GIN,3407,0.7265490918555754,0.3590108247364608,0.3660436137071651,1.5826644897460938,tolokers,bfs_snowball,bfs_snow_ts500_mn8_dinf_Minf,500,15,-1,0,15
GraphSAGE,3407,0.7443534130992954,0.389874344906586,0.40965732087227413,1.939270257949829,tolokers,bfs_snowball,bfs_snow_ts500_mn8_dinf_Minf,500,15,-1,0,15
XGBGraph,3407,0.7354468466416687,0.37233541119398894,0.3878504672897196,0.32599639892578125,tolokers,bfs_snowball,bfs_snow_ts500_mn8_dinf_Minf,500,15,-1,0,15
XGBoost,3407,0.7236622526970493,0.36619836384471205,0.397196261682243,0.2578310966491699,tolokers,bfs_snowball,bfs_snow_ts500_mn8_dinf_Minf,500,15,-1,0,15
GCN,3407,0.6968476583999632,0.3785590549045664,0.37538940809968846,5.198266506195068,tolokers,bfs_snowball,bfs_snow_ts500_mn16_dinf_M1,500,15,1,0,10
GIN,3407,0.7171490717920771,0.3378655890775638,0.35358255451713394,3.0011730194091797,tolokers,bfs_snowball,bfs_snow_ts500_mn16_dinf_M1,500,15,1,0,10
GraphSAGE,3407,0.7301005343939874,0.3823743993168361,0.3707165109034268,2.925535202026367,tolokers,bfs_snowball,bfs_snow_ts500_mn16_dinf_M1,500,15,1,0,10
XGBGraph,3407,0.7582256953764481,0.405783210928173,0.42834890965732086,0.3461635112762451,tolokers,bfs_snowball,bfs_snow_ts500_mn16_dinf_M1,500,15,1,0,10
XGBoost,3407,0.714223935753425,0.3569031472623657,0.3878504672897196,0.29032158851623535,tolokers,bfs_snowball,bfs_snow_ts500_mn16_dinf_M1,500,15,1,0,10
GCN,3407,0.715776484495525,0.386106166464806,0.38161993769470404,6.756651401519775,tolokers,bfs_snowball,bfs_snow_ts500_mn16_dinf_Minf,500,15,-1,0,15
GIN,3407,0.7330327875519549,0.3580439438990711,0.35514018691588783,2.367036819458008,tolokers,bfs_snowball,bfs_snow_ts500_mn16_dinf_Minf,500,15,-1,0,15
GraphSAGE,3407,0.743998912775297,0.37046835166034997,0.3847352024922118,3.1684882640838623,tolokers,bfs_snowball,bfs_snow_ts500_mn16_dinf_Minf,500,15,-1,0,15
XGBGraph,3407,0.7604750439905755,0.40971891347305384,0.4190031152647975,0.34549498558044434,tolokers,bfs_snowball,bfs_snow_ts500_mn16_dinf_Minf,500,15,-1,0,15
XGBoost,3407,0.7194001149584225,0.3598785694979002,0.37227414330218067,0.2816295623779297,tolokers,bfs_snowball,bfs_snow_ts500_mn16_dinf_Minf,500,15,-1,0,15
GCN,3407,0.704601251528486,0.36855457011985604,0.3691588785046729,4.841714859008789,tolokers,bfs_snowball,bfs_snow_ts500_mn32_dinf_M1,500,15,1,0,12
GIN,3407,0.7281101133587652,0.35479470659207957,0.3582554517133956,1.9845726490020752,tolokers,bfs_snowball,bfs_snow_ts500_mn32_dinf_M1,500,15,1,0,12
GraphSAGE,3407,0.7480373696211522,0.411687447630145,0.40498442367601245,1.9278414249420166,tolokers,bfs_snowball,bfs_snow_ts500_mn32_dinf_M1,500,15,1,0,12
XGBGraph,3407,0.7588486127717724,0.42379276788661985,0.43769470404984423,0.366375207901001,tolokers,bfs_snowball,bfs_snow_ts500_mn32_dinf_M1,500,15,1,0,12
XGBoost,3407,0.7230034107947043,0.3657195227322965,0.3878504672897196,0.31236910820007324,tolokers,bfs_snowball,bfs_snow_ts500_mn32_dinf_M1,500,15,1,0,12
GCN,3407,0.7239465985592238,0.3872152685791559,0.3909657320872274,4.881049156188965,tolokers,bfs_snowball,bfs_snow_ts500_mn32_dinf_Minf,500,15,-1,0,15
GIN,3407,0.7370180354581662,0.35966530773229316,0.3862928348909657,2.9812443256378174,tolokers,bfs_snowball,bfs_snow_ts500_mn32_dinf_Minf,500,15,-1,0,15
GraphSAGE,3407,0.7443818815765573,0.41581372414396034,0.40342679127725856,2.0810580253601074,tolokers,bfs_snowball,bfs_snow_ts500_mn32_dinf_Minf,500,15,-1,0,15
XGBGraph,3407,0.760734649390368,0.4265350088565369,0.4501557632398754,0.2896757125854492,tolokers,bfs_snowball,bfs_snow_ts500_mn32_dinf_Minf,500,15,-1,0,15
XGBoost,3407,0.7173649577446459,0.35681626245983167,0.3925233644859813,0.3069586753845215,tolokers,bfs_snowball,bfs_snow_ts500_mn32_dinf_Minf,500,15,-1,0,15
GCN,3407,0.7001127216135391,0.3721976447605248,0.3613707165109034,3.0915019512176514,tolokers,bfs_snowball,bfs_snow_tsinf_mn8_d2_M1,,15,1,0,15
GIN,3407,0.7115753506367448,0.3325391862668887,0.34579439252336447,2.5774123668670654,tolokers,bfs_snowball,bfs_snow_tsinf_mn8_d2_M1,,15,1,0,15
GraphSAGE,3407,0.7145584403612514,0.35232541918007604,0.3629283489096573,2.043717622756958,tolokers,bfs_snowball,bfs_snow_tsinf_mn8_d2_M1,,15,1,0,15
XGBGraph,3407,0.7215122048428948,0.3679471675661451,0.3987538940809969,0.2942078113555908,tolokers,bfs_snowball,bfs_snow_tsinf_mn8_d2_M1,,15,1,0,15
XGBoost,3407,0.6937859414525431,0.3368587264376172,0.367601246105919,0.2555983066558838,tolokers,bfs_snowball,bfs_snow_tsinf_mn8_d2_M1,,15,1,0,15
GCN,3407,0.6921246024580497,0.36242078194432936,0.34735202492211836,1.9430389404296875,tolokers,bfs_snowball,bfs_snow_tsinf_mn16_d2_M1,,15,1,0,15
GIN,3407,0.7203449972751601,0.36099579244106955,0.367601246105919,3.088611125946045,tolokers,bfs_snowball,bfs_snow_tsinf_mn16_d2_M1,,15,1,0,15
GraphSAGE,3407,0.7073152463607796,0.38840848213367024,0.3909657320872274,2.3245694637298584,tolokers,bfs_snowball,bfs_snow_tsinf_mn16_d2_M1,,15,1,0,15
XGBGraph,3407,0.7409009324104123,0.40792895198475915,0.4252336448598131,0.3520793914794922,tolokers,bfs_snowball,bfs_snow_tsinf_mn16_d2_M1,,15,1,0,15
XGBoost,3407,0.7159994875674093,0.3565693792987621,0.3925233644859813,0.29466676712036133,tolokers,bfs_snowball,bfs_snow_tsinf_mn16_d2_M1,,15,1,0,15
GCN,3407,0.6814956931260829,0.3323580910665248,0.3333333333333333,4.560034275054932,tolokers,bfs_snowball,bfs_snow_tsinf_mn8_d3_M1,,15,1,0,15
GIN,3407,0.7247562556089678,0.34779413477434046,0.35514018691588783,1.970045566558838,tolokers,bfs_snowball,bfs_snow_tsinf_mn8_d3_M1,,15,1,0,15
GraphSAGE,3407,0.7354143112390837,0.3990310264981517,0.40031152647975077,1.8037497997283936,tolokers,bfs_snowball,bfs_snow_tsinf_mn8_d3_M1,,15,1,0,15
XGBGraph,3407,0.738521781096389,0.426617382490561,0.4221183800623053,0.32015085220336914,tolokers,bfs_snowball,bfs_snow_tsinf_mn8_d3_M1,,15,1,0,15
XGBoost,3407,0.7235293998031609,0.37654090601823087,0.3862928348909657,0.2442002296447754,tolokers,bfs_snowball,bfs_snow_tsinf_mn8_d3_M1,,15,1,0,15
GCN,3407,0.6953761092538818,0.36798432068068443,0.35669781931464173,5.075489044189453,tolokers,bfs_snowball,bfs_snow_tsinf_mn16_d3_M1,,15,1,0,12
GIN,3407,0.7288482603049109,0.35077771416203907,0.35046728971962615,2.072604179382324,tolokers,bfs_snowball,bfs_snow_tsinf_mn16_d3_M1,,15,1,0,12
GraphSAGE,3407,0.755342245322358,0.4377122373876456,0.4143302180685358,2.821204423904419,tolokers,bfs_snowball,bfs_snow_tsinf_mn16_d3_M1,,15,1,0,12
XGBGraph,3407,0.760733632659037,0.43427453838104685,0.4532710280373832,0.3942115306854248,tolokers,bfs_snowball,bfs_snow_tsinf_mn16_d3_M1,,15,1,0,12
XGBoost,3407,0.7256133601208148,0.3794349542460881,0.3956386292834891,0.30911684036254883,tolokers,bfs_snowball,bfs_snow_tsinf_mn16_d3_M1,,15,1,0,12
GCN,3407,0.7000598515843385,0.36212080350038595,0.367601246105919,4.618002414703369,tolokers,bfs_snowball,bfs_snow_ts500_mn8_d4_M1,500,15,1,0,11
GIN,3407,0.7244031109267438,0.34897359323225324,0.3411214953271028,1.6298575401306152,tolokers,bfs_snowball,bfs_snow_ts500_mn8_d4_M1,500,15,1,0,11
GraphSAGE,3407,0.7302804958395354,0.38617776796082637,0.37227414330218067,2.381868839263916,tolokers,bfs_snowball,bfs_snow_ts500_mn8_d4_M1,500,15,1,0,11
XGBGraph,3407,0.7603313459624921,0.4460873929940825,0.4392523364485981,0.5435705184936523,tolokers,bfs_snowball,bfs_snow_ts500_mn8_d4_M1,500,15,1,0,11
XGBoost,3407,0.7275515889477238,0.3659965190630853,0.3878504672897196,0.24543404579162598,tolokers,bfs_snowball,bfs_snow_ts500_mn8_d4_M1,500,15,1,0,11
GCN,3407,0.6972489283651774,0.3666332065036151,0.38006230529595014,4.552793979644775,tolokers,bfs_snowball,bfs_snow_ts500_mn16_d4_M1,500,15,1,0,15
GIN,3407,0.7229613858996987,0.3511948241286729,0.35514018691588783,2.8735592365264893,tolokers,bfs_snowball,bfs_snow_ts500_mn16_d4_M1,500,15,1,0,15
GraphSAGE,3407,0.7334221956516435,0.37460963770112526,0.3660436137071651,2.1206305027008057,tolokers,bfs_snowball,bfs_snow_ts500_mn16_d4_M1,500,15,1,0,15
XGBGraph,3407,0.743479024154825,0.4036367492479934,0.42834890965732086,0.33712172508239746,tolokers,bfs_snowball,bfs_snow_ts500_mn16_d4_M1,500,15,1,0,15
XGBoost,3407,0.7118332614843192,0.36724315790745016,0.38161993769470404,0.2535231113433838,tolokers,bfs_snowball,bfs_snow_ts500_mn16_d4_M1,500,15,1,0,15
GCN,3417,0.7080513598442639,0.37229099394395593,0.367601246105919,5.353357315063477,tolokers,forest_fire,ff_b0.3_M1,500,15,1,1,12
GIN,3417,0.7410642872442242,0.3677289216078124,0.397196261682243,2.531454086303711,tolokers,forest_fire,ff_b0.3_M1,500,15,1,1,12
GraphSAGE,3417,0.7287103237543685,0.3717334360132768,0.3925233644859813,2.602581024169922,tolokers,forest_fire,ff_b0.3_M1,500,15,1,1,12
XGBGraph,3417,0.7650425400388798,0.4399087848475626,0.4485981308411215,0.35747528076171875,tolokers,forest_fire,ff_b0.3_M1,500,15,1,1,12
XGBoost,3417,0.7197861339536751,0.3873407464008242,0.40186915887850466,0.27416300773620605,tolokers,forest_fire,ff_b0.3_M1,500,15,1,1,12
GCN,3417,0.6794961215088835,0.3518817686980159,0.35046728971962615,4.600628852844238,tolokers,forest_fire,ff_b0.3_M2,500,15,2,1,14
GIN,3417,0.74204577188887,0.3648888931524421,0.3909657320872274,1.6503512859344482,tolokers,forest_fire,ff_b0.3_M2,500,15,2,1,14
GraphSAGE,3417,0.6969476369808231,0.3388276227911102,0.34579439252336447,2.595423698425293,tolokers,forest_fire,ff_b0.3_M2,500,15,2,1,14
XGBGraph,3417,0.7687085343072264,0.4286015427627359,0.4470404984423676,0.3372361660003662,tolokers,forest_fire,ff_b0.3_M2,500,15,2,1,14
XGBoost,3417,0.7224821665324582,0.3655289071437057,0.3987538940809969,0.23437261581420898,tolokers,forest_fire,ff_b0.3_M2,500,15,2,1,14
GCN,3417,0.7051841774914662,0.3812881067790381,0.37694704049844235,1.7402479648590088,tolokers,forest_fire,ff_b0.3_Minf,500,15,-1,1,15
GIN,3417,0.7298226278302412,0.3597314095807945,0.38317757009345793,1.7544090747833252,tolokers,forest_fire,ff_b0.3_Minf,500,15,-1,1,15
GraphSAGE,3417,0.7297406115028916,0.36375484496913457,0.3847352024922118,2.246401309967041,tolokers,forest_fire,ff_b0.3_Minf,500,15,-1,1,15
XGBGraph,3417,0.7619845511063392,0.4102995896312905,0.42834890965732086,0.3168482780456543,tolokers,forest_fire,ff_b0.3_Minf,500,15,-1,1,15
XGBoost,3417,0.707391501210588,0.3524121123735264,0.38006230529595014,0.26661181449890137,tolokers,forest_fire,ff_b0.3_Minf,500,15,-1,1,15
GCN,3417,0.7116587226058689,0.3738350208835771,0.3691588785046729,2.6304268836975098,tolokers,forest_fire,ff_b0.5_M1,500,15,1,1,12
GIN,3417,0.7497349720331102,0.37628288468505594,0.40031152647975077,1.709341287612915,tolokers,forest_fire,ff_b0.5_M1,500,15,1,1,12
GraphSAGE,3417,0.7128408422331216,0.3519666159657968,0.3582554517133956,2.7853856086730957,tolokers,forest_fire,ff_b0.5_M1,500,15,1,1,12
XGBGraph,3417,0.775647047818908,0.46169320432718136,0.4517133956386293,0.4365394115447998,tolokers,forest_fire,ff_b0.5_M1,500,15,1,1,12
XGBoost,3417,0.7244749599407855,0.38087506418424233,0.40186915887850466,0.3040275573730469,tolokers,forest_fire,ff_b0.5_M1,500,15,1,1,12
GCN,3417,0.7255682850318168,0.3829029980901477,0.37850467289719625,4.685975551605225,tolokers,forest_fire,ff_b0.5_M2,500,15,2,1,14
GIN,3417,0.7438399637772518,0.37127042914095265,0.40965732087227413,1.924868106842041,tolokers,forest_fire,ff_b0.5_M2,500,15,2,1,14
GraphSAGE,3417,0.7519534797968708,0.3970585173192881,0.40031152647975077,1.9517533779144287,tolokers,forest_fire,ff_b0.5_M2,500,15,2,1,14
XGBGraph,3417,0.7738498057365337,0.43075013608135954,0.4439252336448598,0.39061880111694336,tolokers,forest_fire,ff_b0.5_M2,500,15,2,1,14
XGBoost,3417,0.7204348085427121,0.3655656149125426,0.3956386292834891,0.2921934127807617,tolokers,forest_fire,ff_b0.5_M2,500,15,2,1,14
GCN,3417,0.698179576443284,0.35726357466576486,0.3411214953271028,2.2259204387664795,tolokers,forest_fire,ff_b0.5_Minf,500,15,-1,1,15
GIN,3417,0.7304645242104065,0.3560917006346135,0.3862928348909657,2.2300968170166016,tolokers,forest_fire,ff_b0.5_Minf,500,15,-1,1,15
GraphSAGE,3417,0.698454432813038,0.35248401950740876,0.35514018691588783,2.2218799591064453,tolokers,forest_fire,ff_b0.5_Minf,500,15,-1,1,15
XGBGraph,3417,0.7723097966808468,0.43903831865894716,0.4532710280373832,0.31327128410339355,tolokers,forest_fire,ff_b0.5_Minf,500,15,-1,1,15
XGBoost,3417,0.7157242922872118,0.3648569670220425,0.3987538940809969,0.24918031692504883,tolokers,forest_fire,ff_b0.5_Minf,500,15,-1,1,15
GCN,3417,0.706661827025532,0.3887465384377752,0.3909657320872274,2.3212709426879883,tolokers,forest_fire,ff_b0.7_M1,500,15,1,1,11
GIN,3417,0.7466115733849562,0.3726949040881301,0.40654205607476634,1.52158784866333,tolokers,forest_fire,ff_b0.7_M1,500,15,1,1,11
GraphSAGE,3417,0.7408378950679041,0.38170230894543783,0.397196261682243,2.0987296104431152,tolokers,forest_fire,ff_b0.7_M1,500,15,1,1,11
XGBGraph,3417,0.7785098243359388,0.4483157868781686,0.45638629283489096,0.39285850524902344,tolokers,forest_fire,ff_b0.7_M1,500,15,1,1,11
XGBoost,3417,0.7249734972033111,0.3825850772365865,0.40654205607476634,0.32095861434936523,tolokers,forest_fire,ff_b0.7_M1,500,15,1,1,11
GCN,3417,0.7158422331215821,0.3819233916769649,0.3862928348909657,5.064729690551758,tolokers,forest_fire,ff_b0.7_M2,500,15,2,1,15
GIN,3417,0.7300537647527716,0.3572814906340449,0.38317757009345793,2.21822452545166,tolokers,forest_fire,ff_b0.7_M2,500,15,2,1,15
GraphSAGE,3417,0.7238510258141306,0.36179167138030477,0.38317757009345793,2.526047945022583,tolokers,forest_fire,ff_b0.7_M2,500,15,2,1,15
XGBGraph,3417,0.7575821044440647,0.42529967830637627,0.4392523364485981,0.34294629096984863,tolokers,forest_fire,ff_b0.7_M2,500,15,2,1,15
XGBoost,3417,0.7203263572007623,0.3732873800082086,0.4158878504672897,0.2629542350769043,tolokers,forest_fire,ff_b0.7_M2,500,15,2,1,15
GCN,3417,0.6975498808390881,0.3726281574832141,0.3660436137071651,3.158440113067627,tolokers,forest_fire,ff_b0.7_Minf,500,15,-1,1,15
GIN,3417,0.7351238649889245,0.37480461839116486,0.3987538940809969,1.7706952095031738,tolokers,forest_fire,ff_b0.7_Minf,500,15,-1,1,15
GraphSAGE,3417,0.7165298824116325,0.35020388453882734,0.3582554517133956,2.0298545360565186,tolokers,forest_fire,ff_b0.7_Minf,500,15,-1,1,15
XGBGraph,3417,0.7575756651456367,0.42045615571909345,0.42990654205607476,0.33861565589904785,tolokers,forest_fire,ff_b0.7_Minf,500,15,-1,1,15
XGBoost,3417,0.7214393390975222,0.3741874789408631,0.40965732087227413,0.2643253803253174,tolokers,forest_fire,ff_b0.7_Minf,500,15,-1,1,15
GCN,3417,0.6918399176854314,0.3904284767586147,0.3940809968847352,3.9692013263702393,tolokers,rwr,rwr_r0.1_M1,500,15,1,1,14
GIN,3417,0.7407402888601493,0.37190087118651216,0.3878504672897196,2.9388489723205566,tolokers,rwr,rwr_r0.1_M1,500,15,1,1,14
GraphSAGE,3417,0.7143859349454624,0.36415210481948374,0.38317757009345793,2.0352628231048584,tolokers,rwr,rwr_r0.1_M1,500,15,1,1,14
XGBGraph,3417,0.7723782565904526,0.4237385727998,0.45950155763239875,0.34520649909973145,tolokers,rwr,rwr_r0.1_M1,500,15,1,1,14
XGBoost,3417,0.7299812379178426,0.40100404692349645,0.4236760124610592,0.2835674285888672,tolokers,rwr,rwr_r0.1_M1,500,15,1,1,14
GCN,3417,0.7089826857432577,0.38269756458350024,0.3644859813084112,4.030188322067261,tolokers,rwr,rwr_r0.1_M2,500,15,2,1,15
GIN,3417,0.7420603450379444,0.36933569906409625,0.40186915887850466,1.5173721313476562,tolokers,rwr,rwr_r0.1_M2,500,15,2,1,15
GraphSAGE,3417,0.7414926700449259,0.4089971256115623,0.3987538940809969,1.887751817703247,tolokers,rwr,rwr_r0.1_M2,500,15,2,1,15
XGBGraph,3417,0.7679724208237422,0.43538220473000144,0.43457943925233644,0.36919379234313965,tolokers,rwr,rwr_r0.1_M2,500,15,2,1,15
XGBoost,3417,0.7310094922037043,0.38323073798591883,0.411214953271028,0.2577946186065674,tolokers,rwr,rwr_r0.1_M2,500,15,2,1,15
GCN,3417,0.6918799091177754,0.3866416347274901,0.3847352024922118,4.449241638183594,tolokers,rwr,rwr_r0.15_M1,500,15,1,1,12
GIN,3417,0.7520165171393789,0.3927304196758108,0.40186915887850466,1.6323065757751465,tolokers,rwr,rwr_r0.15_M1,500,15,1,1,12
GraphSAGE,3417,0.751554243294318,0.397001865598128,0.40031152647975077,1.5113883018493652,tolokers,rwr,rwr_r0.15_M1,500,15,1,1,12
XGBGraph,3417,0.7609125773732542,0.41731335424924976,0.411214953271028,0.37337303161621094,tolokers,rwr,rwr_r0.15_M1,500,15,1,1,12
XGBoost,3417,0.7364920464497098,0.4048300492965434,0.4127725856697819,0.2890737056732178,tolokers,rwr,rwr_r0.15_M1,500,15,1,1,12
GCN,3417,0.6882308603716085,0.3711805359891715,0.38006230529595014,1.3413000106811523,tolokers,rwr,rwr_r0.15_M2,500,15,2,1,14
GIN,3417,0.7330341431937294,0.3600638215138434,0.3925233644859813,1.870605707168579,tolokers,rwr,rwr_r0.15_M2,500,15,2,1,14
GraphSAGE,3417,0.7393534673249662,0.3950981637412503,0.40498442367601245,1.9751837253570557,tolokers,rwr,rwr_r0.15_M2,500,15,2,1,14
XGBGraph,3417,0.7519436513940065,0.4122746905211441,0.4205607476635514,0.34096622467041016,tolokers,rwr,rwr_r0.15_M2,500,15,2,1,14
XGBoost,3417,0.7142219022907634,0.36107651256971274,0.40342679127725856,0.24776315689086914,tolokers,rwr,rwr_r0.15_M2,500,15,2,1,14
GCN,3417,0.6883721860265869,0.3960228213185164,0.40186915887850466,4.925309896469116,tolokers,metis,metis_K5,,5,1,1,5
GIN,3417,0.7507672932442948,0.38772190736285683,0.3862928348909657,1.555344820022583,tolokers,metis,metis_K5,,5,1,1,5
GraphSAGE,3417,0.7626284809491661,0.4202960331259035,0.4221183800623053,2.409684896469116,tolokers,metis,metis_K5,,5,1,1,5
XGBGraph,3417,0.7671203999685491,0.4493665647808638,0.4470404984423676,0.4067869186401367,tolokers,metis,metis_K5,,5,1,1,5
XGBoost,3417,0.7394734416219984,0.40440093824899254,0.411214953271028,0.3466298580169678,tolokers,metis,metis_K5,,5,1,1,5
GCN,3417,0.6630752326959105,0.3620116190782607,0.37850467289719625,4.483916997909546,tolokers,metis,metis_K15,,15,1,1,15
GIN,3417,0.7523127248670793,0.3897277928878644,0.40342679127725856,1.7509489059448242,tolokers,metis,metis_K15,,15,1,1,15
GraphSAGE,3417,0.7554571359627361,0.4203541767613483,0.4252336448598131,2.678757905960083,tolokers,metis,metis_K15,,15,1,1,15
XGBGraph,3417,0.7803477356715443,0.46971054979001675,0.4766355140186916,0.44201135635375977,tolokers,metis,metis_K15,,15,1,1,15
XGBoost,3417,0.731929972968503,0.3956081419540183,0.411214953271028,0.3201944828033447,tolokers,metis,metis_K15,,15,1,1,15
GCN,3417,0.7042528515924724,0.36810965089076036,0.367601246105919,2.604477643966675,tolokers,uniform,uniform_K15,500,15,-1,1,15
GIN,3417,0.7409998942599415,0.3622467069368193,0.3862928348909657,1.5983564853668213,tolokers,uniform,uniform_K15,500,15,-1,1,15
GraphSAGE,3417,0.72158439276738,0.3658483305239624,0.37538940809968846,1.829897165298462,tolokers,uniform,uniform_K15,500,15,-1,1,15
XGBGraph,3417,0.7675020131280349,0.4346127950986341,0.43457943925233644,0.35906052589416504,tolokers,uniform,uniform_K15,500,15,-1,1,15
XGBoost,3417,0.7251795547530157,0.3796463801295281,0.40654205607476634,0.27743959426879883,tolokers,uniform,uniform_K15,500,15,-1,1,15
GCN,3417,0.6403560321992035,0.31613119683209756,0.3317757009345794,4.679549694061279,tolokers,bfs_partition,bfs_part_mn32,500,0,1,1,251
GIN,3417,0.7549955399385623,0.39145799012575866,0.4143302180685358,1.352039098739624,tolokers,bfs_partition,bfs_part_mn32,500,0,1,1,251
GraphSAGE,3417,0.7635692963405806,0.4221985143637005,0.4439252336448598,2.0045976638793945,tolokers,bfs_partition,bfs_part_mn32,500,0,1,1,251
XGBGraph,3417,0.7770626767417963,0.4171825572771593,0.45794392523364486,0.39447522163391113,tolokers,bfs_partition,bfs_part_mn32,500,0,1,1,251
XGBoost,3417,0.7343958853560864,0.3951172901654654,0.4158878504672897,0.31040525436401367,tolokers,bfs_partition,bfs_part_mn32,500,0,1,1,251
GCN,3417,0.7023868106900488,0.36469179536264074,0.3644859813084112,4.408489465713501,tolokers,bfs_snowball,bfs_snow_ts500_mn8_dinf_M1,500,15,1,1,12
GIN,3417,0.7465471804006735,0.37330836393198535,0.40809968847352024,1.2777462005615234,tolokers,bfs_snowball,bfs_snow_ts500_mn8_dinf_M1,500,15,1,1,12
GraphSAGE,3417,0.7164946357254988,0.37188760797777426,0.3582554517133956,2.453568935394287,tolokers,bfs_snowball,bfs_snow_ts500_mn8_dinf_M1,500,15,1,1,12
XGBGraph,3417,0.7720074885651615,0.4422902505466038,0.4501557632398754,0.3670673370361328,tolokers,bfs_snowball,bfs_snow_ts500_mn8_dinf_M1,500,15,1,1,12
XGBoost,3417,0.7208109991351006,0.37670555969759023,0.3878504672897196,0.3519294261932373,tolokers,bfs_snowball,bfs_snow_ts500_mn8_dinf_M1,500,15,1,1,12
GCN,3417,0.703709239240949,0.381062738347914,0.37694704049844235,1.6115632057189941,tolokers,bfs_snowball,bfs_snow_ts500_mn8_dinf_Minf,500,15,-1,1,15
GIN,3417,0.7349530541253535,0.36703190940759517,0.3878504672897196,2.902998685836792,tolokers,bfs_snowball,bfs_snow_ts500_mn8_dinf_Minf,500,15,-1,1,15
GraphSAGE,3417,0.7284019152506988,0.3853564348817411,0.40031152647975077,2.251760482788086,tolokers,bfs_snowball,bfs_snow_ts500_mn8_dinf_Minf,500,15,-1,1,15
XGBGraph,3417,0.7596647091199445,0.44847190859337044,0.46417445482866043,0.32561588287353516,tolokers,bfs_snowball,bfs_snow_ts500_mn8_dinf_Minf,500,15,-1,1,15
XGBoost,3417,0.7218365421374133,0.3635401027461084,0.38317757009345793,0.25232815742492676,tolokers,bfs_snowball,bfs_snow_ts500_mn8_dinf_Minf,500,15,-1,1,15
GCN,3417,0.6661410165686539,0.34822783501165655,0.3411214953271028,5.074685335159302,tolokers,bfs_snowball,bfs_snow_ts500_mn16_dinf_M1,500,15,1,1,13
GIN,3417,0.7322166912037827,0.3517907124403147,0.367601246105919,3.1597955226898193,tolokers,bfs_snowball,bfs_snow_ts500_mn16_dinf_M1,500,15,1,1,13
GraphSAGE,3417,0.7029483852950826,0.35086776366738,0.3878504672897196,2.007120132446289,tolokers,bfs_snowball,bfs_snow_ts500_mn16_dinf_M1,500,15,1,1,13
XGBGraph,3417,0.7624366576380924,0.4080552751122088,0.42679127725856697,0.3806779384613037,tolokers,bfs_snowball,bfs_snow_ts500_mn16_dinf_M1,500,15,1,1,13
XGBoost,3417,0.7297090928316374,0.3903712188702086,0.40965732087227413,0.3005363941192627,tolokers,bfs_snowball,bfs_snow_ts500_mn16_dinf_M1,500,15,1,1,13
GCN,3417,0.7302469437056197,0.4259412185341317,0.40342679127725856,5.096979379653931,tolokers,bfs_snowball,bfs_snow_ts500_mn16_dinf_Minf,500,15,-1,1,15
GIN,3417,0.7393839692648897,0.3655412543490337,0.40186915887850466,1.9155592918395996,tolokers,bfs_snowball,bfs_snow_ts500_mn16_dinf_Minf,500,15,-1,1,15
GraphSAGE,3417,0.7264301342898742,0.3952267308067686,0.3707165109034268,2.055741548538208,tolokers,bfs_snowball,bfs_snow_ts500_mn16_dinf_Minf,500,15,-1,1,15
XGBGraph,3417,0.7366889534174372,0.37725008981288444,0.3894080996884735,0.3814835548400879,tolokers,bfs_snowball,bfs_snow_ts500_mn16_dinf_Minf,500,15,-1,1,15
XGBoost,3417,0.7233667227902362,0.36418981988149984,0.3925233644859813,0.28511786460876465,tolokers,bfs_snowball,bfs_snow_ts500_mn16_dinf_Minf,500,15,-1,1,15
GCN,3417,0.6892275959862159,0.3772438618325079,0.38161993769470404,5.090599298477173,tolokers,bfs_snowball,bfs_snow_ts500_mn32_dinf_M1,500,15,1,1,10
GIN,3417,0.7362605706167358,0.35806567411420476,0.38006230529595014,2.5177175998687744,tolokers,bfs_snowball,bfs_snow_ts500_mn32_dinf_M1,500,15,1,1,10
GraphSAGE,3417,0.7342823503574828,0.3975738928869751,0.3894080996884735,2.6586408615112305,tolokers,bfs_snowball,bfs_snow_ts500_mn32_dinf_M1,500,15,1,1,10
XGBGraph,3417,0.7775280007808497,0.4534015797895256,0.4657320872274143,0.39560747146606445,tolokers,bfs_snowball,bfs_snow_ts500_mn32_dinf_M1,500,15,1,1,10
XGBoost,3417,0.7281158748363064,0.3813688536107051,0.397196261682243,0.3339269161224365,tolokers,bfs_snowball,bfs_snow_ts500_mn32_dinf_M1,500,15,1,1,10
GCN,3417,0.6936741010061572,0.3753828053780629,0.38006230529595014,4.5223917961120605,tolokers,bfs_snowball,bfs_snow_ts500_mn32_dinf_Minf,500,15,-1,1,15
GIN,3417,0.736480184584184,0.36660093750572104,0.3925233644859813,1.5423755645751953,tolokers,bfs_snowball,bfs_snow_ts500_mn32_dinf_Minf,500,15,-1,1,15
GraphSAGE,3417,0.7095042689159474,0.3462654944892206,0.3598130841121495,1.9928922653198242,tolokers,bfs_snowball,bfs_snow_ts500_mn32_dinf_Minf,500,15,-1,1,15
XGBGraph,3417,0.7485891158233219,0.38958048608196993,0.40654205607476634,0.3190500736236572,tolokers,bfs_snowball,bfs_snow_ts500_mn32_dinf_Minf,500,15,-1,1,15
XGBoost,3417,0.7180431175422757,0.3733041118302206,0.40186915887850466,0.25449180603027344,tolokers,bfs_snowball,bfs_snow_ts500_mn32_dinf_Minf,500,15,-1,1,15
GCN,3417,0.6813811413961482,0.3766114171488165,0.3862928348909657,3.719900131225586,tolokers,bfs_snowball,bfs_snow_tsinf_mn8_d2_M1,,15,1,1,15
GIN,3417,0.727106599535286,0.353576004793172,0.3707165109034268,1.8403949737548828,tolokers,bfs_snowball,bfs_snow_tsinf_mn8_d2_M1,,15,1,1,15
GraphSAGE,3417,0.736498485748138,0.3918695941763506,0.38317757009345793,1.3421547412872314,tolokers,bfs_snowball,bfs_snow_tsinf_mn8_d2_M1,,15,1,1,15
XGBGraph,3417,0.7340515523453959,0.4049285281903147,0.40498442367601245,0.22629594802856445,tolokers,bfs_snowball,bfs_snow_tsinf_mn8_d2_M1,,15,1,1,15
XGBoost,3417,0.6842069766748277,0.3300951222940627,0.37383177570093457,0.18247675895690918,tolokers,bfs_snowball,bfs_snow_tsinf_mn8_d2_M1,,15,1,1,15
GCN,3417,0.6910394112176645,0.3920913454370877,0.3894080996884735,3.399026393890381,tolokers,bfs_snowball,bfs_snow_tsinf_mn16_d2_M1,,15,1,1,15
GIN,3417,0.7337729679607623,0.3623980767908448,0.3707165109034268,1.2011613845825195,tolokers,bfs_snowball,bfs_snow_tsinf_mn16_d2_M1,,15,1,1,15
GraphSAGE,3417,0.7214176488291322,0.3933396443557324,0.3894080996884735,1.432737112045288,tolokers,bfs_snowball,bfs_snow_tsinf_mn16_d2_M1,,15,1,1,15
XGBGraph,3417,0.7477357393263545,0.3923941770645212,0.4143302180685358,0.3013012409210205,tolokers,bfs_snowball,bfs_snow_tsinf_mn16_d2_M1,,15,1,1,15
XGBoost,3417,0.7125395508487673,0.35855361093018057,0.37850467289719625,0.24211907386779785,tolokers,bfs_snowball,bfs_snow_tsinf_mn16_d2_M1,,15,1,1,15
GCN,3417,0.6911492182013887,0.3797305013991932,0.38317757009345793,5.078010082244873,tolokers,bfs_snowball,bfs_snow_tsinf_mn8_d3_M1,,15,1,1,12
GIN,3417,0.7392219700728522,0.37954388662689775,0.3894080996884735,1.8386039733886719,tolokers,bfs_snowball,bfs_snow_tsinf_mn8_d3_M1,,15,1,1,12
GraphSAGE,3417,0.7330056747164675,0.3646821506894218,0.3862928348909657,2.1734352111816406,tolokers,bfs_snowball,bfs_snow_tsinf_mn8_d3_M1,,15,1,1,12
XGBGraph,3417,0.7634571169837513,0.4211060772829787,0.4439252336448598,0.2963745594024658,tolokers,bfs_snowball,bfs_snow_tsinf_mn8_d3_M1,,15,1,1,12
XGBoost,3417,0.7310420276062891,0.3714641897543288,0.3987538940809969,0.26197075843811035,tolokers,bfs_snowball,bfs_snow_tsinf_mn8_d3_M1,,15,1,1,12
GCN,3417,0.6877960382724786,0.37179345109054307,0.3613707165109034,4.548659324645996,tolokers,bfs_snowball,bfs_snow_tsinf_mn16_d3_M1,,15,1,1,11
GIN,3417,0.7481278587095918,0.38739875077711394,0.40809968847352024,1.4936482906341553,tolokers,bfs_snowball,bfs_snow_tsinf_mn16_d3_M1,,15,1,1,11
GraphSAGE,3417,0.7294857508493096,0.36733043415605726,0.3894080996884735,2.9243152141571045,tolokers,bfs_snowball,bfs_snow_tsinf_mn16_d3_M1,,15,1,1,11
XGBGraph,3417,0.765418052810381,0.429927811369241,0.4454828660436137,0.37932586669921875,tolokers,bfs_snowball,bfs_snow_tsinf_mn16_d3_M1,,15,1,1,11
XGBoost,3417,0.7267097354058384,0.3877592723236865,0.3878504672897196,0.2808358669281006,tolokers,bfs_snowball,bfs_snow_tsinf_mn16_d3_M1,,15,1,1,11
GCN,3417,0.6797997852663429,0.38689391223498587,0.3862928348909657,2.9288599491119385,tolokers,bfs_snowball,bfs_snow_ts500_mn8_d4_M1,500,15,1,1,14
GIN,3417,0.7492899826206725,0.37833857749193345,0.40342679127725856,1.5482051372528076,tolokers,bfs_snowball,bfs_snow_ts500_mn8_d4_M1,500,15,1,1,14
GraphSAGE,3417,0.7439640049996069,0.39064896784272674,0.40965732087227413,1.8325538635253906,tolokers,bfs_snowball,bfs_snow_ts500_mn8_d4_M1,500,15,1,1,14
XGBGraph,3417,0.7731645288195885,0.4419091846566864,0.45794392523364486,0.3438899517059326,tolokers,bfs_snowball,bfs_snow_ts500_mn8_d4_M1,500,15,1,1,14
XGBoost,3417,0.725266654737019,0.39331151086412,0.4158878504672897,0.292311429977417,tolokers,bfs_snowball,bfs_snow_ts500_mn8_d4_M1,500,15,1,1,14
GCN,3417,0.6868955532238517,0.3727569135600819,0.38006230529595014,1.5989000797271729,tolokers,bfs_snowball,bfs_snow_ts500_mn16_d4_M1,500,15,1,1,12
GIN,3417,0.7353692361500858,0.3574337248007754,0.37694704049844235,2.053238868713379,tolokers,bfs_snowball,bfs_snow_ts500_mn16_d4_M1,500,15,1,1,12
GraphSAGE,3417,0.7249077485772539,0.3480234422399181,0.3691588785046729,2.066579818725586,tolokers,bfs_snowball,bfs_snow_ts500_mn16_d4_M1,500,15,1,1,12
XGBGraph,3417,0.7591475317830213,0.4458776857819848,0.43457943925233644,0.35546278953552246,tolokers,bfs_snowball,bfs_snow_ts500_mn16_d4_M1,500,15,1,1,12
XGBoost,3417,0.7218504374656005,0.3841142036675576,0.3987538940809969,0.263350248336792,tolokers,bfs_snowball,bfs_snow_ts500_mn16_d4_M1,500,15,1,1,12
GCN,3427,0.6828103267367804,0.3522345753845588,0.3691588785046729,1.3738927841186523,tolokers,forest_fire,ff_b0.3_M1,500,15,1,2,11
GIN,3427,0.7530779846487125,0.3993583961047467,0.40965732087227413,3.0161399841308594,tolokers,forest_fire,ff_b0.3_M1,500,15,1,2,11
GraphSAGE,3427,0.7244966502091754,0.37257153095243806,0.3925233644859813,2.986056089401245,tolokers,forest_fire,ff_b0.3_M1,500,15,1,2,11
XGBGraph,3427,0.7441815855043936,0.40727299756876917,0.4174454828660436,0.38330793380737305,tolokers,forest_fire,ff_b0.3_M1,500,15,1,2,11
XGBoost,3427,0.7459632377063625,0.4108593624386372,0.43457943925233644,0.2962379455566406,tolokers,forest_fire,ff_b0.3_M1,500,15,1,2,11
GCN,3427,0.6787447570554376,0.3518299221230213,0.37383177570093457,1.4192628860473633,tolokers,forest_fire,ff_b0.3_M2,500,15,2,2,13
GIN,3427,0.7305133273142839,0.37011108171244944,0.37227414330218067,1.5500712394714355,tolokers,forest_fire,ff_b0.3_M2,500,15,2,2,13
GraphSAGE,3427,0.7414533564334693,0.3798555983772989,0.40031152647975077,2.095330238342285,tolokers,forest_fire,ff_b0.3_M2,500,15,2,2,13
XGBGraph,3427,0.7692670587182678,0.40798746936092356,0.4439252336448598,0.33063316345214844,tolokers,forest_fire,ff_b0.3_M2,500,15,2,2,13
XGBoost,3427,0.7267188859878155,0.3737725165349468,0.40654205607476634,0.2790236473083496,tolokers,forest_fire,ff_b0.3_M2,500,15,2,2,13
GCN,3427,0.700214394746617,0.36577461847002524,0.35669781931464173,2.1065752506256104,tolokers,forest_fire,ff_b0.3_Minf,500,15,-1,2,15
GIN,3427,0.7284215720564273,0.3600379869465793,0.37227414330218067,1.4831767082214355,tolokers,forest_fire,ff_b0.3_Minf,500,15,-1,2,15
GraphSAGE,3427,0.7404047675209922,0.39266322461627895,0.40031152647975077,2.109041452407837,tolokers,forest_fire,ff_b0.3_Minf,500,15,-1,2,15
XGBGraph,3427,0.7202568805598257,0.385933194463999,0.40498442367601245,0.3349313735961914,tolokers,forest_fire,ff_b0.3_Minf,500,15,-1,2,15
XGBoost,3427,0.7165969866794639,0.3830735060058227,0.40654205607476634,0.2707691192626953,tolokers,forest_fire,ff_b0.3_Minf,500,15,-1,2,15
GCN,3427,0.6869684189692242,0.35303393252938414,0.3598130841121495,1.50748610496521,tolokers,forest_fire,ff_b0.5_M1,500,15,1,2,13
GIN,3427,0.7444205173671268,0.38767103556921145,0.3925233644859813,2.626014471054077,tolokers,forest_fire,ff_b0.5_M1,500,15,1,2,13
GraphSAGE,3427,0.7577393588898922,0.3895848995828927,0.40965732087227413,2.368403911590576,tolokers,forest_fire,ff_b0.5_M1,500,15,1,2,13
XGBGraph,3427,0.7735522423670589,0.4548112560206999,0.4672897196261682,0.3451664447784424,tolokers,forest_fire,ff_b0.5_M1,500,15,1,2,13
XGBoost,3427,0.7250273839638423,0.3711343191460287,0.3847352024922118,0.29587769508361816,tolokers,forest_fire,ff_b0.5_M1,500,15,1,2,13
GCN,3427,0.6887927738870858,0.3595348722738914,0.3707165109034268,1.74361252784729,tolokers,forest_fire,ff_b0.5_M2,500,15,2,2,13
GIN,3427,0.7499078163593428,0.4080138372132567,0.4190031152647975,3.054222345352173,tolokers,forest_fire,ff_b0.5_M2,500,15,2,2,13
GraphSAGE,3427,0.7305417957915457,0.3616559192376481,0.38006230529595014,2.523590326309204,tolokers,forest_fire,ff_b0.5_M2,500,15,2,2,13
XGBGraph,3427,0.7537239479542011,0.4270395020517957,0.43613707165109034,0.31388163566589355,tolokers,forest_fire,ff_b0.5_M2,500,15,2,2,13
XGBoost,3427,0.7282287320140228,0.39148673792611255,0.40031152647975077,0.24965572357177734,tolokers,forest_fire,ff_b0.5_M2,500,15,2,2,13
GCN,3427,0.7072196736156864,0.3686306459126841,0.3691588785046729,1.4970717430114746,tolokers,forest_fire,ff_b0.5_Minf,500,15,-1,2,15
GIN,3427,0.7359724967396815,0.40537444685226687,0.3894080996884735,2.753629684448242,tolokers,forest_fire,ff_b0.5_Minf,500,15,-1,2,15
GraphSAGE,3427,0.7479007887123844,0.4132899173845389,0.42990654205607476,1.7646524906158447,tolokers,forest_fire,ff_b0.5_Minf,500,15,-1,2,15
XGBGraph,3427,0.757123897524327,0.4312530140433335,0.4392523364485981,0.30785489082336426,tolokers,forest_fire,ff_b0.5_Minf,500,15,-1,2,15
XGBoost,3427,0.7262766078589266,0.3882724193421613,0.4127725856697819,0.25956153869628906,tolokers,forest_fire,ff_b0.5_Minf,500,15,-1,2,15
GCN,3427,0.685068825932885,0.3517147622310916,0.3660436137071651,1.282501220703125,tolokers,forest_fire,ff_b0.7_M1,500,15,1,2,11
GIN,3427,0.7394415840403005,0.38437686349332356,0.3878504672897196,1.4100966453552246,tolokers,forest_fire,ff_b0.7_M1,500,15,1,2,11
GraphSAGE,3427,0.7348832385739732,0.3799631415795498,0.397196261682243,2.193565845489502,tolokers,forest_fire,ff_b0.7_M1,500,15,1,2,11
XGBGraph,3427,0.7638007721735547,0.42876040686127703,0.43769470404984423,0.340731143951416,tolokers,forest_fire,ff_b0.7_M1,500,15,1,2,11
XGBoost,3427,0.7395896879041508,0.39325641449904775,0.42679127725856697,0.26674580574035645,tolokers,forest_fire,ff_b0.7_M1,500,15,1,2,11
GCN,3427,0.6997114516483247,0.3562859343956645,0.35358255451713394,4.5301594734191895,tolokers,forest_fire,ff_b0.7_M2,500,15,2,2,15
GIN,3427,0.7155985565126387,0.3435397401102602,0.34579439252336447,1.5049293041229248,tolokers,forest_fire,ff_b0.7_M2,500,15,2,2,15
GraphSAGE,3427,0.748485070317139,0.40628994131888696,0.411214953271028,2.135735034942627,tolokers,forest_fire,ff_b0.7_M2,500,15,2,2,15
XGBGraph,3427,0.7398299754086581,0.38935307775235745,0.40809968847352024,0.3489229679107666,tolokers,forest_fire,ff_b0.7_M2,500,15,2,2,15
XGBoost,3427,0.731032877024312,0.37996483758979827,0.40965732087227413,0.24520111083984375,tolokers,forest_fire,ff_b0.7_M2,500,15,2,2,15
GCN,3427,0.7031344471286152,0.3644554526369672,0.3613707165109034,2.0169730186462402,tolokers,forest_fire,ff_b0.7_Minf,500,15,-1,2,15
GIN,3427,0.7289089252743141,0.38265581329209297,0.3925233644859813,2.2577016353607178,tolokers,forest_fire,ff_b0.7_Minf,500,15,-1,2,15
GraphSAGE,3427,0.7380330722367276,0.4137935473373472,0.4174454828660436,2.1664578914642334,tolokers,forest_fire,ff_b0.7_Minf,500,15,-1,2,15
XGBGraph,3427,0.7507181512299739,0.39901527370443307,0.42990654205607476,0.3560774326324463,tolokers,forest_fire,ff_b0.7_Minf,500,15,-1,2,15
XGBoost,3427,0.7127900056665826,0.35783904884252715,0.38161993769470404,0.27913951873779297,tolokers,forest_fire,ff_b0.7_Minf,500,15,-1,2,15
GCN,3427,0.7183311914193299,0.37256273513074667,0.3644859813084112,2.483039617538452,tolokers,rwr,rwr_r0.1_M1,500,15,1,2,12
GIN,3427,0.7453254082515203,0.3866287267663575,0.3878504672897196,1.493035078048706,tolokers,rwr,rwr_r0.1_M1,500,15,1,2,12
GraphSAGE,3427,0.7386729351542314,0.3834579329654141,0.3629283489096573,2.3301737308502197,tolokers,rwr,rwr_r0.1_M1,500,15,1,2,12
XGBGraph,3427,0.780634453906824,0.4474454741376319,0.4532710280373832,0.33547496795654297,tolokers,rwr,rwr_r0.1_M1,500,15,1,2,12
XGBoost,3427,0.7334299905918461,0.38959668058628294,0.38317757009345793,0.2722010612487793,tolokers,rwr,rwr_r0.1_M1,500,15,1,2,12
GCN,3427,0.6751262102491941,0.35749832589176067,0.35358255451713394,4.867022752761841,tolokers,rwr,rwr_r0.1_M2,500,15,2,2,14
GIN,3427,0.7435247770647103,0.39011438939194854,0.3862928348909657,1.4101884365081787,tolokers,rwr,rwr_r0.1_M2,500,15,2,2,14
GraphSAGE,3427,0.6836216783387423,0.38649713533715224,0.40498442367601245,1.9205200672149658,tolokers,rwr,rwr_r0.1_M2,500,15,2,2,14
XGBGraph,3427,0.7700336741416753,0.4420520336807497,0.4439252336448598,0.32620692253112793,tolokers,rwr,rwr_r0.1_M2,500,15,2,2,14
XGBoost,3427,0.7291312505253112,0.37603741497886245,0.3940809968847352,0.2695136070251465,tolokers,rwr,rwr_r0.1_M2,500,15,2,2,14
GCN,3427,0.6839141580515631,0.351751793784437,0.3613707165109034,1.4604518413543701,tolokers,rwr,rwr_r0.15_M1,500,15,1,2,12
GIN,3427,0.7458049665292046,0.38453674543878474,0.3940809968847352,2.5994327068328857,tolokers,rwr,rwr_r0.15_M1,500,15,1,2,12
GraphSAGE,3427,0.7626610163517511,0.4247829945469077,0.43302180685358255,2.115844964981079,tolokers,rwr,rwr_r0.15_M1,500,15,1,2,12
XGBGraph,3427,0.7526689197432956,0.4091895355119519,0.42990654205607476,0.3816258907318115,tolokers,rwr,rwr_r0.15_M1,500,15,1,2,12
XGBoost,3427,0.7321417919957488,0.38865215810888726,0.3894080996884735,0.2889983654022217,tolokers,rwr,rwr_r0.15_M1,500,15,1,2,12
GCN,3427,0.7182057945552004,0.36889005598175806,0.3691588785046729,2.5796937942504883,tolokers,rwr,rwr_r0.15_M2,500,15,2,2,14
GIN,3427,0.739119619118887,0.37933645506860153,0.3878504672897196,1.4810900688171387,tolokers,rwr,rwr_r0.15_M2,500,15,2,2,14
GraphSAGE,3427,0.7507964395424438,0.39393237672289927,0.3956386292834891,2.189423084259033,tolokers,rwr,rwr_r0.15_M2,500,15,2,2,14
XGBGraph,3427,0.7648405494144983,0.4318684954256322,0.42990654205607476,0.3983731269836426,tolokers,rwr,rwr_r0.15_M2,500,15,2,2,14
XGBoost,3427,0.7284439401457043,0.3807524486169045,0.4174454828660436,0.35164380073547363,tolokers,rwr,rwr_r0.15_M2,500,15,2,2,14
GCN,3427,0.6897684970541905,0.3771974332872018,0.37538940809968846,5.476903438568115,tolokers,metis,metis_K5,,5,1,2,5
GIN,3427,0.7580382779011411,0.4096748410384867,0.4205607476635514,3.188795566558838,tolokers,metis,metis_K5,,5,1,2,5
GraphSAGE,3427,0.7570432368387519,0.40884433111138324,0.4143302180685358,2.2083535194396973,tolokers,metis,metis_K5,,5,1,2,5
XGBGraph,3427,0.7628968980204919,0.43334777346389103,0.43302180685358255,0.5455636978149414,tolokers,metis,metis_K5,,5,1,2,5
XGBoost,3427,0.7411825669890383,0.3997977446791653,0.40031152647975077,0.37640881538391113,tolokers,metis,metis_K5,,5,1,2,5
GCN,3427,0.6984696837829998,0.3809290805466288,0.37850467289719625,4.808384895324707,tolokers,metis,metis_K15,,15,1,2,15
GIN,3427,0.7561339401185915,0.4080605680464156,0.40654205607476634,2.8088607788085938,tolokers,metis,metis_K15,,15,1,2,15
GraphSAGE,3427,0.7697374664139751,0.42510763152330466,0.42990654205607476,1.917353868484497,tolokers,metis,metis_K15,,15,1,2,15
XGBGraph,3427,0.7763740107204151,0.43097907248382933,0.4501557632398754,0.3968160152435303,tolokers,metis,metis_K15,,15,1,2,15
XGBoost,3427,0.7441636232508831,0.4040096782721916,0.4127725856697819,0.2892932891845703,tolokers,metis,metis_K15,,15,1,2,15
GCN,3427,0.70321036306798,0.36260111255870686,0.35046728971962615,2.0035202503204346,tolokers,uniform,uniform_K15,500,15,-1,2,15
GIN,3427,0.737120725322575,0.37257001666990575,0.3909657320872274,1.1617770195007324,tolokers,uniform,uniform_K15,500,15,-1,2,15
GraphSAGE,3427,0.731543615062807,0.37390579025923976,0.38161993769470404,1.510038137435913,tolokers,uniform,uniform_K15,500,15,-1,2,15
XGBGraph,3427,0.757916947962335,0.4172116675579859,0.4158878504672897,0.286285400390625,tolokers,uniform,uniform_K15,500,15,-1,2,15
XGBoost,3427,0.7193248768399447,0.3569377216392586,0.3940809968847352,0.21546602249145508,tolokers,uniform,uniform_K15,500,15,-1,2,15
GCN,3427,0.6796360915220874,0.36739287442775026,0.37383177570093457,4.5958545207977295,tolokers,bfs_partition,bfs_part_mn32,500,0,1,2,288
GIN,3427,0.7553886760531303,0.39869116292203616,0.3987538940809969,2.856168031692505,tolokers,bfs_partition,bfs_part_mn32,500,0,1,2,288
GraphSAGE,3427,0.7075304544924612,0.3604812142379244,0.3894080996884735,2.4980552196502686,tolokers,bfs_partition,bfs_part_mn32,500,0,1,2,288
XGBGraph,3427,0.7817731929972969,0.45861414417963936,0.46105919003115264,0.3772547245025635,tolokers,bfs_partition,bfs_part_mn32,500,0,1,2,288
XGBoost,3427,0.7379374994916343,0.390486590064123,0.4143302180685358,0.24485468864440918,tolokers,bfs_partition,bfs_part_mn32,500,0,1,2,288
GCN,3427,0.6841391945861091,0.33984811674611676,0.3395638629283489,2.5437138080596924,tolokers,bfs_snowball,bfs_snow_ts500_mn8_dinf_M1,500,15,1,2,12
GIN,3427,0.7384519655450087,0.3921093915834606,0.38161993769470404,3.1405327320098877,tolokers,bfs_snowball,bfs_snow_ts500_mn8_dinf_M1,500,15,1,2,12
GraphSAGE,3427,0.7231718492851702,0.37722874464196166,0.3925233644859813,2.15330171585083,tolokers,bfs_snowball,bfs_snow_ts500_mn8_dinf_M1,500,15,1,2,12
XGBGraph,3427,0.7470121655292834,0.4215778817478972,0.42990654205607476,0.4066355228424072,tolokers,bfs_snowball,bfs_snow_ts500_mn8_dinf_M1,500,15,1,2,12
XGBoost,3427,0.7176743829796465,0.36443205967740233,0.397196261682243,0.32822203636169434,tolokers,bfs_snowball,bfs_snow_ts500_mn8_dinf_M1,500,15,1,2,12
GCN,3427,0.6861896027698473,0.34825194755676525,0.34579439252336447,2.5964741706848145,tolokers,bfs_snowball,bfs_snow_ts500_mn8_dinf_Minf,500,15,-1,2,15
GIN,3427,0.7302252534372297,0.36755514436554715,0.37538940809968846,1.4290423393249512,tolokers,bfs_snowball,bfs_snow_ts500_mn8_dinf_Minf,500,15,-1,2,15
GraphSAGE,3427,0.7455060475179556,0.3870139839284623,0.3909657320872274,1.9158735275268555,tolokers,bfs_snowball,bfs_snow_ts500_mn8_dinf_Minf,500,15,-1,2,15
XGBGraph,3427,0.7558692510621453,0.40760770980567024,0.42679127725856697,0.2944660186767578,tolokers,bfs_snowball,bfs_snow_ts500_mn8_dinf_Minf,500,15,-1,2,15
XGBoost,3427,0.7211739722201888,0.3859740154305251,0.3956386292834891,0.23558759689331055,tolokers,bfs_snowball,bfs_snow_ts500_mn8_dinf_Minf,500,15,-1,2,15
GCN,3427,0.6975071781231952,0.3780555547387384,0.38006230529595014,4.93926477432251,tolokers,bfs_snowball,bfs_snow_ts500_mn16_dinf_M1,500,15,1,2,13
GIN,3427,0.7501674217591351,0.4099129876124153,0.4143302180685358,2.7464287281036377,tolokers,bfs_snowball,bfs_snow_ts500_mn16_dinf_M1,500,15,1,2,13
GraphSAGE,3427,0.7423196115272932,0.3912532422203227,0.3925233644859813,2.6456573009490967,tolokers,bfs_snowball,bfs_snow_ts500_mn16_dinf_M1,500,15,1,2,13
XGBGraph,3427,0.7603991280512107,0.4250469038579787,0.43769470404984423,0.34946489334106445,tolokers,bfs_snowball,bfs_snow_ts500_mn16_dinf_M1,500,15,1,2,13
XGBoost,3427,0.740750456173457,0.39518933522412864,0.40965732087227413,0.2719614505767822,tolokers,bfs_snowball,bfs_snow_ts500_mn16_dinf_M1,500,15,1,2,13
GCN,3427,0.7045632935588035,0.37105631555282625,0.367601246105919,1.9921953678131104,tolokers,bfs_snowball,bfs_snow_ts500_mn16_dinf_Minf,500,15,-1,2,15
GIN,3427,0.7389877829563294,0.3889901656679513,0.3940809968847352,1.7898685932159424,tolokers,bfs_snowball,bfs_snow_ts500_mn16_dinf_Minf,500,15,-1,2,15
GraphSAGE,3427,0.72711168319194,0.40110689509390457,0.4174454828660436,2.5692596435546875,tolokers,bfs_snowball,bfs_snow_ts500_mn16_dinf_Minf,500,15,-1,2,15
XGBGraph,3427,0.7609956104319346,0.42335969169088783,0.42990654205607476,0.35110020637512207,tolokers,bfs_snowball,bfs_snow_ts500_mn16_dinf_Minf,500,15,-1,2,15
XGBoost,3427,0.7252761442294395,0.390371168995385,0.40186915887850466,0.22859740257263184,tolokers,bfs_snowball,bfs_snow_ts500_mn16_dinf_Minf,500,15,-1,2,15
GCN,3427,0.6904924097617053,0.3476989533756641,0.35046728971962615,4.793349981307983,tolokers,bfs_snowball,bfs_snow_ts500_mn32_dinf_M1,500,15,1,2,11
GIN,3427,0.7424782216148947,0.406786546155541,0.40965732087227413,2.957998275756836,tolokers,bfs_snowball,bfs_snow_ts500_mn32_dinf_M1,500,15,1,2,11
GraphSAGE,3427,0.7448932974359391,0.4023977371528775,0.4127725856697819,1.7425949573516846,tolokers,bfs_snowball,bfs_snow_ts500_mn32_dinf_M1,500,15,1,2,11
XGBGraph,3427,0.7536219359106795,0.4209581436005998,0.4221183800623053,0.38800692558288574,tolokers,bfs_snowball,bfs_snow_ts500_mn32_dinf_M1,500,15,1,2,11
XGBoost,3427,0.7122209750317898,0.35902090342332826,0.3925233644859813,0.2571737766265869,tolokers,bfs_snowball,bfs_snow_ts500_mn32_dinf_M1,500,15,1,2,11
GCN,3427,0.7024681491965111,0.3534847304873726,0.35202492211838005,4.314191579818726,tolokers,bfs_snowball,bfs_snow_ts500_mn32_dinf_Minf,500,15,-1,2,15
GIN,3427,0.7264775817519772,0.3575047564874232,0.3613707165109034,1.3838722705841064,tolokers,bfs_snowball,bfs_snow_ts500_mn32_dinf_Minf,500,15,-1,2,15
GraphSAGE,3427,0.7239316864997059,0.3710519785872871,0.3878504672897196,2.336366891860962,tolokers,bfs_snowball,bfs_snow_ts500_mn32_dinf_Minf,500,15,-1,2,15
XGBGraph,3427,0.7319313286102773,0.3944150509247985,0.3847352024922118,0.3239428997039795,tolokers,bfs_snowball,bfs_snow_ts500_mn32_dinf_Minf,500,15,-1,2,15
XGBoost,3427,0.7233938356257237,0.37265519030348504,0.3987538940809969,0.22513842582702637,tolokers,bfs_snowball,bfs_snow_ts500_mn32_dinf_Minf,500,15,-1,2,15
GCN,3427,0.6833075083575316,0.34253302742699904,0.3395638629283489,2.920285940170288,tolokers,bfs_snowball,bfs_snow_tsinf_mn8_d2_M1,,15,1,2,15
GIN,3427,0.707364049464657,0.32585314042546887,0.3364485981308411,1.4295315742492676,tolokers,bfs_snowball,bfs_snow_tsinf_mn8_d2_M1,,15,1,2,15
GraphSAGE,3427,0.7094798673640088,0.3350668742596281,0.3395638629283489,1.480483055114746,tolokers,bfs_snowball,bfs_snow_tsinf_mn8_d2_M1,,15,1,2,15
XGBGraph,3427,0.6800831143971867,0.34208142516841245,0.3644859813084112,0.17133760452270508,tolokers,bfs_snowball,bfs_snow_tsinf_mn8_d2_M1,,15,1,2,15
XGBoost,3427,0.6853606278248185,0.33726411704354586,0.34735202492211836,0.6918485164642334,tolokers,bfs_snowball,bfs_snow_tsinf_mn8_d2_M1,,15,1,2,15
GCN,3427,0.6895366823107728,0.361478531549785,0.3644859813084112,3.1347033977508545,tolokers,bfs_snowball,bfs_snow_tsinf_mn16_d2_M1,,15,1,2,15
GIN,3427,0.7201175883675089,0.3442140535407763,0.35046728971962615,1.2019398212432861,tolokers,bfs_snowball,bfs_snow_tsinf_mn16_d2_M1,,15,1,2,15
GraphSAGE,3427,0.7398055738567195,0.38021934790120027,0.3894080996884735,1.7512619495391846,tolokers,bfs_snowball,bfs_snow_tsinf_mn16_d2_M1,,15,1,2,15
XGBGraph,3427,0.7165820746199458,0.3629638154786169,0.3894080996884735,0.2993967533111572,tolokers,bfs_snowball,bfs_snow_tsinf_mn16_d2_M1,,15,1,2,15
XGBoost,3427,0.7083811197058799,0.3556552191852741,0.38317757009345793,0.23044490814208984,tolokers,bfs_snowball,bfs_snow_tsinf_mn16_d2_M1,,15,1,2,15
GCN,3427,0.6971445439485507,0.3490091730533912,0.338006230529595,2.3502066135406494,tolokers,bfs_snowball,bfs_snow_tsinf_mn8_d3_M1,,15,1,2,13
GIN,3427,0.7251805714843463,0.3691765529202137,0.3862928348909657,2.762373685836792,tolokers,bfs_snowball,bfs_snow_tsinf_mn8_d3_M1,,15,1,2,13
GraphSAGE,3427,0.7303736962115235,0.36158093133078195,0.3909657320872274,1.7304751873016357,tolokers,bfs_snowball,bfs_snow_tsinf_mn8_d3_M1,,15,1,2,13
XGBGraph,3427,0.7401844757326567,0.41451722590767925,0.40965732087227413,0.30347228050231934,tolokers,bfs_snowball,bfs_snow_tsinf_mn8_d3_M1,,15,1,2,13
XGBoost,3427,0.7214427282019581,0.3849296091133217,0.4127725856697819,0.23130083084106445,tolokers,bfs_snowball,bfs_snow_tsinf_mn8_d3_M1,,15,1,2,13
GCN,3427,0.7002462523283148,0.3596581865802072,0.35669781931464173,1.6708602905273438,tolokers,bfs_snowball,bfs_snow_tsinf_mn16_d3_M1,,15,1,2,9
GIN,3427,0.7393866805484384,0.40272430649832897,0.3862928348909657,1.8478672504425049,tolokers,bfs_snowball,bfs_snow_tsinf_mn16_d3_M1,,15,1,2,9
GraphSAGE,3427,0.7616503854089565,0.4360870179794601,0.43146417445482865,2.2978649139404297,tolokers,bfs_snowball,bfs_snow_tsinf_mn16_d3_M1,,15,1,2,9
XGBGraph,3427,0.7719092045365195,0.45838619475809905,0.4392523364485981,0.3268723487854004,tolokers,bfs_snowball,bfs_snow_tsinf_mn16_d3_M1,,15,1,2,9
XGBoost,3427,0.7315632718685353,0.3884950134936851,0.40498442367601245,0.2117321491241455,tolokers,bfs_snowball,bfs_snow_tsinf_mn16_d3_M1,,15,1,2,9
GCN,3427,0.686991125968945,0.35318238225040627,0.3707165109034268,1.4923202991485596,tolokers,bfs_snowball,bfs_snow_ts500_mn8_d4_M1,500,15,1,2,14
GIN,3427,0.7439795948800121,0.3883879371651332,0.38161993769470404,2.2384538650512695,tolokers,bfs_snowball,bfs_snow_ts500_mn8_d4_M1,500,15,1,2,14
GraphSAGE,3427,0.7478858766528661,0.3877066536861354,0.3925233644859813,1.7281341552734375,tolokers,bfs_snowball,bfs_snow_ts500_mn8_d4_M1,500,15,1,2,14
XGBGraph,3427,0.7652818108120566,0.4374546825983404,0.440809968847352,0.3773667812347412,tolokers,bfs_snowball,bfs_snow_ts500_mn8_d4_M1,500,15,1,2,14
XGBoost,3427,0.7334821828001594,0.38229485053793544,0.397196261682243,0.2933382987976074,tolokers,bfs_snowball,bfs_snow_ts500_mn8_d4_M1,500,15,1,2,14
GCN,3427,0.6938388114817436,0.3530346697830061,0.34579439252336447,2.463106155395508,tolokers,bfs_snowball,bfs_snow_ts500_mn16_d4_M1,500,15,1,2,12
GIN,3427,0.7531423776329953,0.4037126853335106,0.40342679127725856,3.0804545879364014,tolokers,bfs_snowball,bfs_snow_ts500_mn16_d4_M1,500,15,1,2,12
GraphSAGE,3427,0.7475842463580684,0.40591908745207417,0.4127725856697819,2.439112424850464,tolokers,bfs_snowball,bfs_snow_ts500_mn16_d4_M1,500,15,1,2,12
XGBGraph,3427,0.753702257685811,0.4119486409673508,0.43457943925233644,0.42346954345703125,tolokers,bfs_snowball,bfs_snow_ts500_mn16_d4_M1,500,15,1,2,12
XGBoost,3427,0.7327972447936578,0.3703732136488104,0.40654205607476634,0.35294675827026367,tolokers,bfs_snowball,bfs_snow_ts500_mn16_d4_M1,500,15,1,2,12
GCN,3437,0.692932226045132,0.3623559771719016,0.35669781931464173,2.609273910522461,tolokers,forest_fire,ff_b0.3_M1,500,15,1,3,11
GIN,3437,0.7197722386254877,0.35476587912164725,0.38161993769470404,2.8466975688934326,tolokers,forest_fire,ff_b0.3_M1,500,15,1,3,11
GraphSAGE,3437,0.7651543804852654,0.43886248522370325,0.4174454828660436,1.5377981662750244,tolokers,forest_fire,ff_b0.3_M1,500,15,1,3,11
XGBGraph,3437,0.7533647028839924,0.3970586328654941,0.40965732087227413,0.326932430267334,tolokers,forest_fire,ff_b0.3_M1,500,15,1,3,11
XGBoost,3437,0.709203994262924,0.36198166251974917,0.37538940809968846,0.2579231262207031,tolokers,forest_fire,ff_b0.3_M1,500,15,1,3,11
GCN,3437,0.6938710079738849,0.3966521362932118,0.37694704049844235,4.493021726608276,tolokers,forest_fire,ff_b0.3_M2,500,15,2,3,14
GIN,3437,0.7429374452659634,0.39205434289514124,0.3878504672897196,2.6003787517547607,tolokers,forest_fire,ff_b0.3_M2,500,15,2,3,14
GraphSAGE,3437,0.7455375661892095,0.39032717632810987,0.397196261682243,1.331284999847412,tolokers,forest_fire,ff_b0.3_M2,500,15,2,3,14
XGBGraph,3437,0.753803930818889,0.40266643654372825,0.4252336448598131,0.35013484954833984,tolokers,forest_fire,ff_b0.3_M2,500,15,2,3,14
XGBoost,3437,0.7050933494925833,0.35148728956604885,0.3940809968847352,0.24933171272277832,tolokers,forest_fire,ff_b0.3_M2,500,15,2,3,14
GCN,3437,0.6794002098533467,0.3642924733902486,0.35358255451713394,5.471029758453369,tolokers,forest_fire,ff_b0.3_Minf,500,15,-1,3,15
GIN,3437,0.7210794162064262,0.3390007266412421,0.34735202492211836,1.2951316833496094,tolokers,forest_fire,ff_b0.3_Minf,500,15,-1,3,15
GraphSAGE,3437,0.7370153241746175,0.3977042569716612,0.3940809968847352,2.127882480621338,tolokers,forest_fire,ff_b0.3_Minf,500,15,-1,3,15
XGBGraph,3437,0.7257113052390133,0.3670523326069383,0.38317757009345793,0.33066868782043457,tolokers,forest_fire,ff_b0.3_Minf,500,15,-1,3,15
XGBoost,3437,0.6937151091698321,0.33659886489771584,0.3691588785046729,0.23137426376342773,tolokers,forest_fire,ff_b0.3_Minf,500,15,-1,3,15
GCN,3437,0.7073291416889669,0.4015280357868689,0.38006230529595014,5.666454315185547,tolokers,forest_fire,ff_b0.5_M1,500,15,1,3,12
GIN,3437,0.7234250153865341,0.34032271538905723,0.3598130841121495,1.1138596534729004,tolokers,forest_fire,ff_b0.5_M1,500,15,1,3,12
GraphSAGE,3437,0.7421454115592863,0.3838987613721768,0.3940809968847352,1.5788366794586182,tolokers,forest_fire,ff_b0.5_M1,500,15,1,3,12
XGBGraph,3437,0.7541130171434458,0.40761142643004983,0.4252336448598131,0.36878085136413574,tolokers,forest_fire,ff_b0.5_M1,500,15,1,3,12
XGBoost,3437,0.7107185850353415,0.3644540733507298,0.37538940809968846,0.2612001895904541,tolokers,forest_fire,ff_b0.5_M1,500,15,1,3,12
GCN,3437,0.7172876861635067,0.3991406100422557,0.37227414330218067,2.772869825363159,tolokers,forest_fire,ff_b0.5_M2,500,15,2,3,15
GIN,3437,0.7357491547573537,0.3789489494849757,0.3862928348909657,1.456928014755249,tolokers,forest_fire,ff_b0.5_M2,500,15,2,3,15
GraphSAGE,3437,0.7467440873684011,0.3954633604442345,0.40186915887850466,2.060349464416504,tolokers,forest_fire,ff_b0.5_M2,500,15,2,3,15
XGBGraph,3437,0.7502965466381439,0.40152698461272024,0.4205607476635514,0.3529386520385742,tolokers,forest_fire,ff_b0.5_M2,500,15,2,3,15
XGBoost,3437,0.6968954447725096,0.34942412693094904,0.38006230529595014,0.3051469326019287,tolokers,forest_fire,ff_b0.5_M2,500,15,2,3,15
GCN,3437,0.7058223458567521,0.3715990630669149,0.3598130841121495,2.9921135902404785,tolokers,forest_fire,ff_b0.5_Minf,500,15,-1,3,15
GIN,3437,0.7252049730362851,0.3539584803864776,0.3862928348909657,2.350691318511963,tolokers,forest_fire,ff_b0.5_Minf,500,15,-1,3,15
GraphSAGE,3437,0.7532423562138552,0.40370835323514864,0.40342679127725856,2.0593535900115967,tolokers,forest_fire,ff_b0.5_Minf,500,15,-1,3,15
XGBGraph,3437,0.7386844581093135,0.38868429563561063,0.3925233644859813,0.34515833854675293,tolokers,forest_fire,ff_b0.5_Minf,500,15,-1,3,15
XGBoost,3437,0.7005763511003744,0.3460977071194521,0.3629283489096573,0.2658653259277344,tolokers,forest_fire,ff_b0.5_Minf,500,15,-1,3,15
GCN,3437,0.639963234995079,0.3353786081712218,0.35669781931464173,5.1469151973724365,tolokers,forest_fire,ff_b0.7_M1,500,15,1,3,14
GIN,3437,0.743835557941485,0.3944762043923604,0.3707165109034268,1.5001468658447266,tolokers,forest_fire,ff_b0.7_M1,500,15,1,3,14
GraphSAGE,3437,0.7472883775408117,0.38805974867610044,0.3956386292834891,2.0126092433929443,tolokers,forest_fire,ff_b0.7_M1,500,15,1,3,14
XGBGraph,3437,0.7595769313150539,0.40901327862343007,0.4190031152647975,0.38244152069091797,tolokers,forest_fire,ff_b0.7_M1,500,15,1,3,14
XGBoost,3437,0.7198152802518241,0.3678692954326144,0.37694704049844235,0.25896120071411133,tolokers,forest_fire,ff_b0.7_M1,500,15,1,3,14
GCN,3437,0.7045473647679547,0.3929592949332589,0.38006230529595014,4.339265823364258,tolokers,forest_fire,ff_b0.7_M2,500,15,2,3,15
GIN,3437,0.7223818490411545,0.3561485958941998,0.3613707165109034,1.6016685962677002,tolokers,forest_fire,ff_b0.7_M2,500,15,2,3,15
GraphSAGE,3437,0.7222083268940348,0.3654888769379094,0.3691588785046729,2.2573654651641846,tolokers,forest_fire,ff_b0.7_M2,500,15,2,3,15
XGBGraph,3437,0.7292834213144845,0.3936549628974063,0.3956386292834891,0.35295820236206055,tolokers,forest_fire,ff_b0.7_M2,500,15,2,3,15
XGBoost,3437,0.6928376700313696,0.34469708363298934,0.3629283489096573,0.25258755683898926,tolokers,forest_fire,ff_b0.7_M2,500,15,2,3,15
GCN,3437,0.7128696496208271,0.40240878006204983,0.3847352024922118,4.69319224357605,tolokers,forest_fire,ff_b0.7_Minf,500,15,-1,3,15
GIN,3437,0.7228956372736417,0.36455217148917474,0.3862928348909657,2.6531314849853516,tolokers,forest_fire,ff_b0.7_Minf,500,15,-1,3,15
GraphSAGE,3437,0.7497014198991944,0.39123805358972763,0.40809968847352024,1.579026699066162,tolokers,forest_fire,ff_b0.7_Minf,500,15,-1,3,15
XGBGraph,3437,0.7557343647055952,0.4129280597652012,0.4470404984423676,0.297954797744751,tolokers,forest_fire,ff_b0.7_Minf,500,15,-1,3,15
XGBoost,3437,0.7002106667317375,0.35957030670085066,0.38161993769470404,0.22792530059814453,tolokers,forest_fire,ff_b0.7_Minf,500,15,-1,3,15
GCN,3437,0.6772630405960485,0.36210164480012913,0.35669781931464173,4.892853736877441,tolokers,rwr,rwr_r0.1_M1,500,15,1,3,12
GIN,3437,0.7419603664570844,0.3938041786373211,0.38161993769470404,1.6314785480499268,tolokers,rwr,rwr_r0.1_M1,500,15,1,3,12
GraphSAGE,3437,0.7440646614013541,0.3999380194888784,0.37694704049844235,2.1632790565490723,tolokers,rwr,rwr_r0.1_M1,500,15,1,3,12
XGBGraph,3437,0.7773409222159863,0.43415472188991777,0.4470404984423676,0.36537957191467285,tolokers,rwr,rwr_r0.1_M1,500,15,1,3,12
XGBoost,3437,0.7037102559722799,0.3583625026215634,0.3691588785046729,0.268420934677124,tolokers,rwr,rwr_r0.1_M1,500,15,1,3,12
GCN,3437,0.7078632645480697,0.39454399702286647,0.37227414330218067,4.817249059677124,tolokers,rwr,rwr_r0.1_M2,500,15,2,3,14
GIN,3437,0.7304906203145632,0.3624170294352781,0.38317757009345793,2.8352067470550537,tolokers,rwr,rwr_r0.1_M2,500,15,2,3,14
GraphSAGE,3437,0.7671424291473825,0.42658092330239566,0.4205607476635514,1.7945663928985596,tolokers,rwr,rwr_r0.1_M2,500,15,2,3,14
XGBGraph,3437,0.7610257734614144,0.4243169662427094,0.43302180685358255,0.37273621559143066,tolokers,rwr,rwr_r0.1_M2,500,15,2,3,14
XGBoost,3437,0.7133431075105265,0.37169727118979434,0.38161993769470404,0.26891613006591797,tolokers,rwr,rwr_r0.1_M2,500,15,2,3,14
GCN,3437,0.6461049700538732,0.3741881751500912,0.37383177570093457,4.8656463623046875,tolokers,rwr,rwr_r0.15_M1,500,15,1,3,13
GIN,3437,0.7409453296785232,0.3768068517919462,0.38317757009345793,1.5813798904418945,tolokers,rwr,rwr_r0.15_M1,500,15,1,3,13
GraphSAGE,3437,0.7558804351067839,0.41567833146254984,0.3987538940809969,1.203648567199707,tolokers,rwr,rwr_r0.15_M1,500,15,1,3,13
XGBGraph,3437,0.7658616865810443,0.42267227321042333,0.4143302180685358,0.3157496452331543,tolokers,rwr,rwr_r0.15_M1,500,15,1,3,13
XGBoost,3437,0.6991393708195398,0.3423455303965952,0.3660436137071651,0.23212599754333496,tolokers,rwr,rwr_r0.15_M1,500,15,1,3,13
GCN,3437,0.7158832412852569,0.4092643204732103,0.38317757009345793,4.552901268005371,tolokers,rwr,rwr_r0.15_M2,500,15,2,3,13
GIN,3437,0.7290156820640459,0.3558957463320048,0.3644859813084112,1.2857885360717773,tolokers,rwr,rwr_r0.15_M2,500,15,2,3,13
GraphSAGE,3437,0.7138657074145472,0.3624914184727066,0.3660436137071651,2.523843288421631,tolokers,rwr,rwr_r0.15_M2,500,15,2,3,13
XGBGraph,3437,0.7657542519704253,0.42529124812969177,0.4485981308411215,0.2985844612121582,tolokers,rwr,rwr_r0.15_M2,500,15,2,3,13
XGBoost,3437,0.7225648606806948,0.3773743493310012,0.3940809968847352,0.24347639083862305,tolokers,rwr,rwr_r0.15_M2,500,15,2,3,13
GCN,3437,0.6978552391487653,0.40396392076752885,0.3987538940809969,4.589229583740234,tolokers,metis,metis_K5,,5,1,3,5
GIN,3437,0.7592214142597247,0.41227017744664096,0.411214953271028,3.0968222618103027,tolokers,metis,metis_K5,,5,1,3,5
GraphSAGE,3437,0.7539289887725749,0.38529186707349183,0.40186915887850466,1.886795997619629,tolokers,metis,metis_K5,,5,1,3,5
XGBGraph,3437,0.7536737892085492,0.4245522870528853,0.4236760124610592,0.45619654655456543,tolokers,metis,metis_K5,,5,1,3,5
XGBoost,3437,0.7218304417494286,0.37965915258130517,0.3660436137071651,0.3810718059539795,tolokers,metis,metis_K5,,5,1,3,5
GCN,3437,0.6602639705663058,0.37143986041896004,0.37850467289719625,4.6921751499176025,tolokers,metis,metis_K15,,15,1,3,15
GIN,3437,0.7599971802651093,0.42064789717531914,0.42834890965732086,2.820422649383545,tolokers,metis,metis_K15,,15,1,3,15
GraphSAGE,3437,0.7505954656493932,0.39975035508952367,0.3987538940809969,1.9661312103271484,tolokers,metis,metis_K15,,15,1,3,15
XGBGraph,3437,0.7664137716936575,0.4304522863402125,0.4221183800623053,0.3367445468902588,tolokers,metis,metis_K15,,15,1,3,15
XGBoost,3437,0.7255306659725781,0.381415619000798,0.3847352024922118,0.2720022201538086,tolokers,metis,metis_K15,,15,1,3,15
GCN,3437,0.7099109614482593,0.3753568299622665,0.367601246105919,1.9751160144805908,tolokers,uniform,uniform_K15,500,15,-1,3,15
GIN,3437,0.7258268737002785,0.34947639868274366,0.3582554517133956,0.9547483921051025,tolokers,uniform,uniform_K15,500,15,-1,3,15
GraphSAGE,3437,0.7361080609171187,0.40502583502269685,0.3878504672897196,1.24107027053833,tolokers,uniform,uniform_K15,500,15,-1,3,15
XGBGraph,3437,0.7572984364027775,0.42283548885316696,0.4205607476635514,0.2733039855957031,tolokers,uniform,uniform_K15,500,15,-1,3,15
XGBoost,3437,0.7175415300857579,0.37881978484592405,0.3894080996884735,0.2192387580871582,tolokers,uniform,uniform_K15,500,15,-1,3,15
GCN,3437,0.6111117889319982,0.3117485403317476,0.3442367601246106,5.601147651672363,tolokers,bfs_partition,bfs_part_mn32,500,0,1,3,305
GIN,3437,0.7529573325307934,0.39746322594710914,0.3894080996884735,3.554194688796997,tolokers,bfs_partition,bfs_part_mn32,500,0,1,3,305
GraphSAGE,3437,0.74750799150826,0.39921365055155245,0.3956386292834891,1.8498773574829102,tolokers,bfs_partition,bfs_part_mn32,500,0,1,3,305
XGBGraph,3437,0.7659101507744781,0.42173910844839463,0.4252336448598131,0.3494608402252197,tolokers,bfs_partition,bfs_part_mn32,500,0,1,3,305
XGBoost,3437,0.7311043871279104,0.3820147328322171,0.3878504672897196,0.28504467010498047,tolokers,bfs_partition,bfs_part_mn32,500,0,1,3,305
GCN,3437,0.692822419061408,0.38671699032751694,0.37694704049844235,4.878814458847046,tolokers,bfs_snowball,bfs_snow_ts500_mn8_dinf_M1,500,15,1,3,11
GIN,3437,0.7413011856442958,0.3764410842677875,0.3987538940809969,2.068861246109009,tolokers,bfs_snowball,bfs_snow_ts500_mn8_dinf_M1,500,15,1,3,11
GraphSAGE,3437,0.7618486480184585,0.41236822089342984,0.4252336448598131,2.2297890186309814,tolokers,bfs_snowball,bfs_snow_ts500_mn8_dinf_M1,500,15,1,3,11
XGBGraph,3437,0.758192482152976,0.4042013381537055,0.4174454828660436,0.3390786647796631,tolokers,bfs_snowball,bfs_snow_ts500_mn8_dinf_M1,500,15,1,3,11
XGBoost,3437,0.7203433027229422,0.3703228142383931,0.3847352024922118,0.2740941047668457,tolokers,bfs_snowball,bfs_snow_ts500_mn8_dinf_M1,500,15,1,3,11
GCN,3437,0.6912844434683825,0.3919162253482066,0.37850467289719625,4.38247275352478,tolokers,bfs_snowball,bfs_snow_ts500_mn8_dinf_Minf,500,15,-1,3,15
GIN,3437,0.7239110129626466,0.3511590444053362,0.3691588785046729,1.258096694946289,tolokers,bfs_snowball,bfs_snow_ts500_mn8_dinf_Minf,500,15,-1,3,15
GraphSAGE,3437,0.7245583319099095,0.3805799167901078,0.3987538940809969,3.3330459594726562,tolokers,bfs_snowball,bfs_snow_ts500_mn8_dinf_Minf,500,15,-1,3,15
XGBGraph,3437,0.7426483546575784,0.3770353077387569,0.397196261682243,0.2820463180541992,tolokers,bfs_snowball,bfs_snow_ts500_mn8_dinf_Minf,500,15,-1,3,15
XGBoost,3437,0.7034540396769234,0.35921642356940026,0.3940809968847352,0.2229747772216797,tolokers,bfs_snowball,bfs_snow_ts500_mn8_dinf_Minf,500,15,-1,3,15
GCN,3437,0.6709091475995651,0.370494674527835,0.3598130841121495,5.161295413970947,tolokers,bfs_snowball,bfs_snow_ts500_mn16_dinf_M1,500,15,1,3,11
GIN,3437,0.7263043985153012,0.3427932927775311,0.35046728971962615,1.25453519821167,tolokers,bfs_snowball,bfs_snow_ts500_mn16_dinf_M1,500,15,1,3,11
GraphSAGE,3437,0.758839801100239,0.4067371290381935,0.40342679127725856,1.6341359615325928,tolokers,bfs_snowball,bfs_snow_ts500_mn16_dinf_M1,500,15,1,3,11
XGBGraph,3437,0.7498708751209909,0.4061449794955553,0.4158878504672897,0.32083988189697266,tolokers,bfs_snowball,bfs_snow_ts500_mn16_dinf_M1,500,15,1,3,11
XGBoost,3437,0.7116882078144615,0.3597075450450751,0.38161993769470404,0.34111833572387695,tolokers,bfs_snowball,bfs_snow_ts500_mn16_dinf_M1,500,15,1,3,11
GCN,3437,0.6972689240813494,0.3721625350167851,0.3691588785046729,3.1718368530273438,tolokers,bfs_snowball,bfs_snow_ts500_mn16_dinf_Minf,500,15,-1,3,15
GIN,3437,0.7215216943353152,0.3558106863986691,0.3660436137071651,1.7210850715637207,tolokers,bfs_snowball,bfs_snow_ts500_mn16_dinf_Minf,500,15,-1,3,15
GraphSAGE,3437,0.7389416911360007,0.3708430330891767,0.40654205607476634,1.836744785308838,tolokers,bfs_snowball,bfs_snow_ts500_mn16_dinf_Minf,500,15,-1,3,15
XGBGraph,3437,0.734616177144422,0.40578977622250934,0.4221183800623053,0.34677720069885254,tolokers,bfs_snowball,bfs_snow_ts500_mn16_dinf_Minf,500,15,-1,3,15
XGBoost,3437,0.7079022392490828,0.3689250418634028,0.40186915887850466,0.24798178672790527,tolokers,bfs_snowball,bfs_snow_ts500_mn16_dinf_Minf,500,15,-1,3,15
GCN,3437,0.6406180099721009,0.315039105321142,0.32242990654205606,4.8555052280426025,tolokers,bfs_snowball,bfs_snow_ts500_mn32_dinf_M1,500,15,1,3,12
GIN,3437,0.7284266557130811,0.3503238487741336,0.3613707165109034,1.2602908611297607,tolokers,bfs_snowball,bfs_snow_ts500_mn32_dinf_M1,500,15,1,3,12
GraphSAGE,3437,0.7488954908643302,0.3842601021357197,0.40965732087227413,1.5831100940704346,tolokers,bfs_snowball,bfs_snow_ts500_mn32_dinf_M1,500,15,1,3,12
XGBGraph,3437,0.75823247358532,0.4129310723335697,0.4190031152647975,0.34578752517700195,tolokers,bfs_snowball,bfs_snow_ts500_mn32_dinf_M1,500,15,1,3,12
XGBoost,3437,0.7158920529567903,0.37106801026742137,0.38317757009345793,0.2586023807525635,tolokers,bfs_snowball,bfs_snow_ts500_mn32_dinf_M1,500,15,1,3,12
GCN,3437,0.698589319169588,0.37326502764047154,0.3707165109034268,1.435931921005249,tolokers,bfs_snowball,bfs_snow_ts500_mn32_dinf_Minf,500,15,-1,3,15
GIN,3437,0.7170609550767428,0.3345497348891659,0.34735202492211836,1.3011212348937988,tolokers,bfs_snowball,bfs_snow_ts500_mn32_dinf_Minf,500,15,-1,3,15
GraphSAGE,3437,0.752452017059396,0.41279129596832304,0.40654205607476634,1.8395936489105225,tolokers,bfs_snowball,bfs_snow_ts500_mn32_dinf_Minf,500,15,-1,3,15
XGBGraph,3437,0.7398377703488609,0.39278108743873996,0.40031152647975077,0.29477667808532715,tolokers,bfs_snowball,bfs_snow_ts500_mn32_dinf_Minf,500,15,-1,3,15
XGBoost,3437,0.6955215018341834,0.34419416126542535,0.3644859813084112,0.25193023681640625,tolokers,bfs_snowball,bfs_snow_ts500_mn32_dinf_Minf,500,15,-1,3,15
GCN,3437,0.6863136439922024,0.3675982982047132,0.3598130841121495,1.7198984622955322,tolokers,bfs_snowball,bfs_snow_tsinf_mn8_d2_M1,,15,1,3,15
GIN,3437,0.711040549956755,0.3310849674005308,0.3411214953271028,1.0332837104797363,tolokers,bfs_snowball,bfs_snow_tsinf_mn8_d2_M1,,15,1,3,15
GraphSAGE,3437,0.7180620965271168,0.36162033546956956,0.35202492211838005,1.3356239795684814,tolokers,bfs_snowball,bfs_snow_tsinf_mn8_d2_M1,,15,1,3,15
XGBGraph,3437,0.7516379541738855,0.42559242552471754,0.4517133956386293,0.23929071426391602,tolokers,bfs_snowball,bfs_snow_tsinf_mn8_d2_M1,,15,1,3,15
XGBoost,3437,0.7015442793272764,0.3586599092877377,0.37227414330218067,0.19423913955688477,tolokers,bfs_snowball,bfs_snow_tsinf_mn8_d2_M1,,15,1,3,15
GCN,3437,0.7094351311854546,0.40502789061079936,0.4190031152647975,4.902191638946533,tolokers,bfs_snowball,bfs_snow_tsinf_mn16_d2_M1,,15,1,3,14
GIN,3437,0.7354231229106171,0.37804515942247086,0.397196261682243,2.2656805515289307,tolokers,bfs_snowball,bfs_snow_tsinf_mn16_d2_M1,,15,1,3,14
GraphSAGE,3437,0.7541086113076791,0.42509221314744194,0.4205607476635514,1.515453815460205,tolokers,bfs_snowball,bfs_snow_tsinf_mn16_d2_M1,,15,1,3,14
XGBGraph,3437,0.7513980055798215,0.42240214208919347,0.4158878504672897,0.3126862049102783,tolokers,bfs_snowball,bfs_snow_tsinf_mn16_d2_M1,,15,1,3,14
XGBoost,3437,0.72627694676937,0.3775916973498653,0.3956386292834891,0.2461404800415039,tolokers,bfs_snowball,bfs_snow_tsinf_mn16_d2_M1,,15,1,3,14
GCN,3437,0.7099129949109209,0.39070892244039396,0.367601246105919,5.4633402824401855,tolokers,bfs_snowball,bfs_snow_tsinf_mn8_d3_M1,,15,1,3,15
GIN,3437,0.7281599331939734,0.3571411198434265,0.35669781931464173,1.43123459815979,tolokers,bfs_snowball,bfs_snow_tsinf_mn8_d3_M1,,15,1,3,15
GraphSAGE,3437,0.7498932432102681,0.39480220374568625,0.4205607476635514,1.5491211414337158,tolokers,bfs_snowball,bfs_snow_tsinf_mn8_d3_M1,,15,1,3,15
XGBGraph,3437,0.7558299374506885,0.4102209492994763,0.43146417445482865,0.33791160583496094,tolokers,bfs_snowball,bfs_snow_tsinf_mn8_d3_M1,,15,1,3,15
XGBoost,3437,0.7045310970666623,0.35837451632243744,0.38006230529595014,0.24916481971740723,tolokers,bfs_snowball,bfs_snow_tsinf_mn8_d3_M1,,15,1,3,15
GCN,3437,0.6931111707593494,0.38668266137376095,0.37227414330218067,4.29975152015686,tolokers,bfs_snowball,bfs_snow_tsinf_mn16_d3_M1,,15,1,3,9
GIN,3437,0.7444747430381017,0.38819959341444077,0.397196261682243,2.7136261463165283,tolokers,bfs_snowball,bfs_snow_tsinf_mn16_d3_M1,,15,1,3,9
GraphSAGE,3437,0.7547803318068806,0.39564948966664654,0.42679127725856697,1.9153969287872314,tolokers,bfs_snowball,bfs_snow_tsinf_mn16_d3_M1,,15,1,3,9
XGBGraph,3437,0.7742297243438016,0.4319643616466902,0.43457943925233644,0.4886958599090576,tolokers,bfs_snowball,bfs_snow_tsinf_mn16_d3_M1,,15,1,3,9
XGBoost,3437,0.7217104674523966,0.36731852631071693,0.3909657320872274,0.28498172760009766,tolokers,bfs_snowball,bfs_snow_tsinf_mn16_d3_M1,,15,1,3,9
GCN,3437,0.6956062294450817,0.37403209259264236,0.3644859813084112,4.559602975845337,tolokers,bfs_snowball,bfs_snow_ts500_mn8_d4_M1,500,15,1,3,11
GIN,3437,0.7401502457778537,0.37452043638513427,0.37850467289719625,1.5794801712036133,tolokers,bfs_snowball,bfs_snow_ts500_mn8_d4_M1,500,15,1,3,11
GraphSAGE,3437,0.7626481377548945,0.4150635943592621,0.40965732087227413,1.343155860900879,tolokers,bfs_snowball,bfs_snow_ts500_mn8_d4_M1,500,15,1,3,11
XGBGraph,3437,0.7579606674095584,0.4073247359458533,0.4221183800623053,0.2861812114715576,tolokers,bfs_snowball,bfs_snow_ts500_mn8_d4_M1,500,15,1,3,11
XGBoost,3437,0.7128865951430067,0.3614736914055816,0.38006230529595014,0.2628443241119385,tolokers,bfs_snowball,bfs_snow_ts500_mn8_d4_M1,500,15,1,3,11
GCN,3437,0.6595244679783856,0.3610230688057757,0.3411214953271028,4.9644670486450195,tolokers,bfs_snowball,bfs_snow_ts500_mn16_d4_M1,500,15,1,3,11
GIN,3437,0.7258004386856781,0.3419201135576427,0.35202492211838005,1.1057765483856201,tolokers,bfs_snowball,bfs_snow_ts500_mn16_d4_M1,500,15,1,3,11
GraphSAGE,3437,0.7603730319470541,0.40819496957107193,0.40498442367601245,1.3281121253967285,tolokers,bfs_snowball,bfs_snow_ts500_mn16_d4_M1,500,15,1,3,11
XGBGraph,3437,0.7513210729091259,0.4086183898752892,0.4205607476635514,0.3641800880432129,tolokers,bfs_snowball,bfs_snow_ts500_mn16_d4_M1,500,15,1,3,11
XGBoost,3437,0.7156995518248295,0.36302955184030117,0.3894080996884735,0.2479259967803955,tolokers,bfs_snowball,bfs_snow_ts500_mn16_d4_M1,500,15,1,3,11
GCN,3447,0.7083319776915591,0.38024642421145005,0.3598130841121495,3.53989315032959,tolokers,forest_fire,ff_b0.3_M1,500,15,1,4,11
GIN,3447,0.7344030024754018,0.37327817548332853,0.37383177570093457,1.437943696975708,tolokers,forest_fire,ff_b0.3_M1,500,15,1,4,11
GraphSAGE,3447,0.7731689346553552,0.44649223767596025,0.43769470404984423,2.1702213287353516,tolokers,forest_fire,ff_b0.3_M1,500,15,1,4,11
XGBGraph,3447,0.7689644116921391,0.42362618671988744,0.4252336448598131,0.27493977546691895,tolokers,forest_fire,ff_b0.3_M1,500,15,1,4,11
XGBoost,3447,0.7306207619249029,0.3767220919250875,0.40031152647975077,0.23649096488952637,tolokers,forest_fire,ff_b0.3_M1,500,15,1,4,11
GCN,3447,0.7116282206659454,0.3745778416279175,0.3582554517133956,5.073964595794678,tolokers,forest_fire,ff_b0.3_M2,500,15,2,4,15
GIN,3447,0.7354587085071944,0.37146101053455244,0.37694704049844235,1.4984209537506104,tolokers,forest_fire,ff_b0.3_M2,500,15,2,4,15
GraphSAGE,3447,0.7899816039411217,0.4823545318423773,0.48286604361370716,2.4910829067230225,tolokers,forest_fire,ff_b0.3_M2,500,15,2,4,15
XGBGraph,3447,0.7879793210403738,0.4504508091452983,0.4719626168224299,0.35714221000671387,tolokers,forest_fire,ff_b0.3_M2,500,15,2,4,15
XGBoost,3447,0.7348422304102986,0.3847051414575753,0.3987538940809969,0.271054744720459,tolokers,forest_fire,ff_b0.3_M2,500,15,2,4,15
GCN,3447,0.6556903741300169,0.3200606460920216,0.35202492211838005,3.6181559562683105,tolokers,forest_fire,ff_b0.3_Minf,500,15,-1,4,15
GIN,3447,0.7450305561655943,0.38401308135227924,0.40031152647975077,2.543750286102295,tolokers,forest_fire,ff_b0.3_Minf,500,15,-1,4,15
GraphSAGE,3447,0.7487877173432674,0.39240682336695953,0.40654205607476634,2.2990293502807617,tolokers,forest_fire,ff_b0.3_Minf,500,15,-1,4,15
XGBGraph,3447,0.7684146989526311,0.44679299575488607,0.4532710280373832,0.34418463706970215,tolokers,forest_fire,ff_b0.3_Minf,500,15,-1,4,15
XGBoost,3447,0.7245623988352325,0.3762501219510591,0.3956386292834891,0.28084826469421387,tolokers,forest_fire,ff_b0.3_Minf,500,15,-1,4,15
GCN,3447,0.6884792817267623,0.3663282907547786,0.3598130841121495,4.55413031578064,tolokers,forest_fire,ff_b0.5_M1,500,15,1,4,10
GIN,3447,0.7478279229670118,0.39475833947051175,0.40809968847352024,2.9229390621185303,tolokers,forest_fire,ff_b0.5_M1,500,15,1,4,10
GraphSAGE,3447,0.7681889845971983,0.4312531830492063,0.4423676012461059,1.7008707523345947,tolokers,forest_fire,ff_b0.5_M1,500,15,1,4,10
XGBGraph,3447,0.7646399144318912,0.4459862067553559,0.45638629283489096,0.3280372619628906,tolokers,forest_fire,ff_b0.5_M1,500,15,1,4,10
XGBoost,3447,0.7270622022671753,0.3753082275291857,0.3956386292834891,0.2438192367553711,tolokers,forest_fire,ff_b0.5_M1,500,15,1,4,10
GCN,3447,0.7070380176179206,0.37647051252173885,0.367601246105919,5.321128606796265,tolokers,forest_fire,ff_b0.5_M2,500,15,2,4,15
GIN,3447,0.7368865382060522,0.38609142408984337,0.3847352024922118,1.9830217361450195,tolokers,forest_fire,ff_b0.5_M2,500,15,2,4,15
GraphSAGE,3447,0.76625177250162,0.41708920476711564,0.4252336448598131,2.44529128074646,tolokers,forest_fire,ff_b0.5_M2,500,15,2,4,15
XGBGraph,3447,0.7581738420785785,0.41760296581319156,0.4205607476635514,0.4095771312713623,tolokers,forest_fire,ff_b0.5_M2,500,15,2,4,15
XGBoost,3447,0.7240458993191967,0.3832764295103802,0.40498442367601245,0.28842639923095703,tolokers,forest_fire,ff_b0.5_M2,500,15,2,4,15
GCN,3447,0.6944810467723526,0.3513850341476434,0.3629283489096573,1.8274939060211182,tolokers,forest_fire,ff_b0.5_Minf,500,15,-1,4,15
GIN,3447,0.7327240401378418,0.36525047967936186,0.3862928348909657,1.2119896411895752,tolokers,forest_fire,ff_b0.5_Minf,500,15,-1,4,15
GraphSAGE,3447,0.7624193732054693,0.4218273836539875,0.42990654205607476,2.095431327819824,tolokers,forest_fire,ff_b0.5_Minf,500,15,-1,4,15
XGBGraph,3447,0.7523333984041385,0.42384385159034876,0.4485981308411215,0.3336524963378906,tolokers,forest_fire,ff_b0.5_Minf,500,15,-1,4,15
XGBoost,3447,0.7197932510729905,0.36720652312844315,0.40031152647975077,0.23209285736083984,tolokers,forest_fire,ff_b0.5_Minf,500,15,-1,4,15
GCN,3447,0.6766675749466555,0.337005358293,0.3629283489096573,3.4575181007385254,tolokers,forest_fire,ff_b0.7_M1,500,15,1,4,9
GIN,3447,0.7452393249988477,0.3899543930162367,0.40654205607476634,2.4653358459472656,tolokers,forest_fire,ff_b0.7_M1,500,15,1,4,9
GraphSAGE,3447,0.7525543680133612,0.41466429974501284,0.40186915887850466,1.72737717628479,tolokers,forest_fire,ff_b0.7_M1,500,15,1,4,9
XGBGraph,3447,0.7545895252271377,0.3891068717579904,0.4221183800623053,0.3582124710083008,tolokers,forest_fire,ff_b0.7_M1,500,15,1,4,9
XGBoost,3447,0.7279267628087813,0.37267436855686,0.3862928348909657,0.2605571746826172,tolokers,forest_fire,ff_b0.7_M1,500,15,1,4,9
GCN,3447,0.7000998430166825,0.3687822096031807,0.3442367601246106,4.575520038604736,tolokers,forest_fire,ff_b0.7_M2,500,15,2,4,13
GIN,3447,0.7372905194548152,0.37827182628422135,0.38161993769470404,1.38407301902771,tolokers,forest_fire,ff_b0.7_M2,500,15,2,4,13
GraphSAGE,3447,0.7314551594370291,0.37923969208927905,0.37694704049844235,2.389129638671875,tolokers,forest_fire,ff_b0.7_M2,500,15,2,4,13
XGBGraph,3447,0.7663429394109466,0.43040445225522567,0.43769470404984423,0.32279419898986816,tolokers,forest_fire,ff_b0.7_M2,500,15,2,4,13
XGBoost,3447,0.7396422190229075,0.38520125517325704,0.40965732087227413,0.27443552017211914,tolokers,forest_fire,ff_b0.7_M2,500,15,2,4,13
GCN,3447,0.6917199433883995,0.3435349820969546,0.34579439252336447,2.2246787548065186,tolokers,forest_fire,ff_b0.7_Minf,500,15,-1,4,15
GIN,3447,0.7369136510415396,0.36656472855453825,0.3707165109034268,2.58689284324646,tolokers,forest_fire,ff_b0.7_Minf,500,15,-1,4,15
GraphSAGE,3447,0.7388129051674354,0.3897762311712802,0.37383177570093457,1.4627223014831543,tolokers,forest_fire,ff_b0.7_Minf,500,15,-1,4,15
XGBGraph,3447,0.7512122826567325,0.4193283016898531,0.4127725856697819,0.2803022861480713,tolokers,forest_fire,ff_b0.7_Minf,500,15,-1,4,15
XGBoost,3447,0.7086142900910719,0.3603695007307295,0.3925233644859813,0.20345425605773926,tolokers,forest_fire,ff_b0.7_Minf,500,15,-1,4,15
GCN,3447,0.7143537384533212,0.36857515626610426,0.37383177570093457,4.312011480331421,tolokers,rwr,rwr_r0.1_M1,500,15,1,4,11
GIN,3447,0.7437325291666329,0.40098470186799906,0.3925233644859813,3.2516677379608154,tolokers,rwr,rwr_r0.1_M1,500,15,1,4,11
GraphSAGE,3447,0.7712354505746565,0.4305403189143502,0.4392523364485981,3.150136709213257,tolokers,rwr,rwr_r0.1_M1,500,15,1,4,11
XGBGraph,3447,0.7733834649661496,0.42200423486943006,0.4485981308411215,0.41267967224121094,tolokers,rwr,rwr_r0.1_M1,500,15,1,4,11
XGBoost,3447,0.7320394410417835,0.3838468208492266,0.3862928348909657,0.3170478343963623,tolokers,rwr,rwr_r0.1_M1,500,15,1,4,11
GCN,3447,0.7196441304778095,0.38534393492835994,0.3691588785046729,4.737088203430176,tolokers,rwr,rwr_r0.1_M2,500,15,2,4,13
GIN,3447,0.7365855857321415,0.3780615304478565,0.37694704049844235,2.0372889041900635,tolokers,rwr,rwr_r0.1_M2,500,15,2,4,13
GraphSAGE,3447,0.7685956771295099,0.4220123568711672,0.4501557632398754,2.184581995010376,tolokers,rwr,rwr_r0.1_M2,500,15,2,4,13
XGBGraph,3447,0.7769477861014182,0.4547876563265528,0.43613707165109034,0.3208644390106201,tolokers,rwr,rwr_r0.1_M2,500,15,2,4,13
XGBoost,3447,0.7249494345618158,0.37682418809027773,0.3940809968847352,0.24235963821411133,tolokers,rwr,rwr_r0.1_M2,500,15,2,4,13
GCN,3447,0.699013296134523,0.3544526202552902,0.3644859813084112,4.854246616363525,tolokers,rwr,rwr_r0.15_M1,500,15,1,4,10
GIN,3447,0.7404105289985332,0.3882334376143494,0.3894080996884735,3.0135657787323,tolokers,rwr,rwr_r0.15_M1,500,15,1,4,10
GraphSAGE,3447,0.7654973578541818,0.4419502326845041,0.4252336448598131,1.6372759342193604,tolokers,rwr,rwr_r0.15_M1,500,15,1,4,10
XGBGraph,3447,0.7635079535502902,0.4147602836488549,0.42834890965732086,0.3021054267883301,tolokers,rwr,rwr_r0.15_M1,500,15,1,4,10
XGBoost,3447,0.7251287181864767,0.3729095908788544,0.38161993769470404,0.23659396171569824,tolokers,rwr,rwr_r0.15_M1,500,15,1,4,10
GCN,3447,0.6961583145576946,0.35723104745445955,0.34579439252336447,4.477377414703369,tolokers,rwr,rwr_r0.15_M2,500,15,2,4,15
GIN,3447,0.7460988018837997,0.4001128180966863,0.40498442367601245,1.9177923202514648,tolokers,rwr,rwr_r0.15_M2,500,15,2,4,15
GraphSAGE,3447,0.7785108410672696,0.43443746909788905,0.4423676012461059,1.7744884490966797,tolokers,rwr,rwr_r0.15_M2,500,15,2,4,15
XGBGraph,3447,0.7822110652904191,0.4457305736782569,0.45482866043613707,0.38128662109375,tolokers,rwr,rwr_r0.15_M2,500,15,2,4,15
XGBoost,3447,0.7331314104910407,0.38265849077529634,0.38006230529595014,0.2652413845062256,tolokers,rwr,rwr_r0.15_M2,500,15,2,4,15
GCN,3447,0.6992295209975354,0.38327823779990017,0.37227414330218067,3.218432664871216,tolokers,metis,metis_K5,,5,1,4,5
GIN,3447,0.7471799261988618,0.3900604409758565,0.38006230529595014,2.6084914207458496,tolokers,metis,metis_K5,,5,1,4,5
GraphSAGE,3447,0.7730987801935315,0.4584224896674138,0.43457943925233644,2.9777398109436035,tolokers,metis,metis_K5,,5,1,4,5
XGBGraph,3447,0.7841594614306359,0.43907225343871104,0.4423676012461059,0.35894083976745605,tolokers,metis,metis_K5,,5,1,4,5
XGBoost,3447,0.7368529860721365,0.3875794304759159,0.40654205607476634,0.2338871955871582,tolokers,metis,metis_K5,,5,1,4,5
GCN,3447,0.6633544949014314,0.35719098797733223,0.35669781931464173,5.22964882850647,tolokers,metis,metis_K15,,15,1,4,15
GIN,3447,0.7442822419061409,0.38105692714569267,0.38161993769470404,3.780289649963379,tolokers,metis,metis_K15,,15,1,4,15
GraphSAGE,3447,0.7794218323396479,0.4611679606542992,0.4470404984423676,3.408787488937378,tolokers,metis,metis_K15,,15,1,4,15
XGBGraph,3447,0.7866060559229344,0.4542700116519021,0.46417445482866043,0.3891739845275879,tolokers,metis,metis_K15,,15,1,4,15
XGBoost,3447,0.7415340171190443,0.3895588007656719,0.4174454828660436,0.29517102241516113,tolokers,metis,metis_K15,,15,1,4,15
GCN,3447,0.6911539629475991,0.3327312027724575,0.3426791277258567,3.885179042816162,tolokers,uniform,uniform_K15,500,15,-1,4,15
GIN,3447,0.7425171963159078,0.38380228388408844,0.3956386292834891,2.916940689086914,tolokers,uniform,uniform_K15,500,15,-1,4,15
GraphSAGE,3447,0.7580616627217492,0.3990356555487059,0.4190031152647975,1.7773754596710205,tolokers,uniform,uniform_K15,500,15,-1,4,15
XGBGraph,3447,0.7669675513584886,0.3988592341662305,0.42990654205607476,0.3492903709411621,tolokers,uniform,uniform_K15,500,15,-1,4,15
XGBoost,3447,0.7216725094827142,0.36540002349362555,0.3691588785046729,0.2772200107574463,tolokers,uniform,uniform_K15,500,15,-1,4,15
GCN,3447,0.6817180183770799,0.35060031429926963,0.35202492211838005,4.139405250549316,tolokers,bfs_partition,bfs_part_mn32,500,0,1,4,294
GIN,3447,0.7388254448538483,0.38092569052729,0.38317757009345793,1.7005677223205566,tolokers,bfs_partition,bfs_part_mn32,500,0,1,4,294
GraphSAGE,3447,0.7485165889883929,0.41628313720398324,0.43613707165109034,2.7042627334594727,tolokers,bfs_partition,bfs_part_mn32,500,0,1,4,294
XGBGraph,3447,0.7586239151476701,0.41796181535879545,0.4127725856697819,0.4204237461090088,tolokers,bfs_partition,bfs_part_mn32,500,0,1,4,294
XGBoost,3447,0.7406314986077558,0.38807315893181327,0.40965732087227413,0.274547815322876,tolokers,bfs_partition,bfs_part_mn32,500,0,1,4,294
GCN,3447,0.6979647072220461,0.3644811184761565,0.3582554517133956,5.167215347290039,tolokers,bfs_snowball,bfs_snow_ts500_mn8_dinf_M1,500,15,1,4,14
GIN,3447,0.7393619400860562,0.38921137254871896,0.3878504672897196,3.469727039337158,tolokers,bfs_snowball,bfs_snow_ts500_mn8_dinf_M1,500,15,1,4,14
GraphSAGE,3447,0.7804253461631271,0.4509136453578166,0.4454828660436137,2.093174934387207,tolokers,bfs_snowball,bfs_snow_ts500_mn8_dinf_M1,500,15,1,4,14
XGBGraph,3447,0.7757768505188042,0.4542972033321757,0.45638629283489096,0.3941841125488281,tolokers,bfs_snowball,bfs_snow_ts500_mn8_dinf_M1,500,15,1,4,14
XGBoost,3447,0.7342976013274444,0.3737148106604797,0.397196261682243,0.3168799877166748,tolokers,bfs_snowball,bfs_snow_ts500_mn8_dinf_M1,500,15,1,4,14
GCN,3447,0.679337511421282,0.36282225127921797,0.35358255451713394,5.06906533241272,tolokers,bfs_snowball,bfs_snow_ts500_mn8_dinf_Minf,500,15,-1,4,15
GIN,3447,0.7469094756648744,0.394767783383647,0.40498442367601245,3.7616279125213623,tolokers,bfs_snowball,bfs_snow_ts500_mn8_dinf_Minf,500,15,-1,4,15
GraphSAGE,3447,0.7776961003608718,0.43615196896843067,0.4454828660436137,2.033290386199951,tolokers,bfs_snowball,bfs_snow_ts500_mn8_dinf_Minf,500,15,-1,4,15
XGBGraph,3447,0.7623956494744177,0.41789506314664127,0.4392523364485981,0.3719902038574219,tolokers,bfs_snowball,bfs_snow_ts500_mn8_dinf_Minf,500,15,-1,4,15
XGBoost,3447,0.7367431790884122,0.3898190089717588,0.4143302180685358,0.2658071517944336,tolokers,bfs_snowball,bfs_snow_ts500_mn8_dinf_Minf,500,15,-1,4,15
GCN,3447,0.6994091435326397,0.3703396838161215,0.35514018691588783,3.826914072036743,tolokers,bfs_snowball,bfs_snow_ts500_mn16_dinf_M1,500,15,1,4,13
GIN,3447,0.742244034498372,0.39224093065077015,0.3909657320872274,2.1199657917022705,tolokers,bfs_snowball,bfs_snow_ts500_mn16_dinf_M1,500,15,1,4,13
GraphSAGE,3447,0.7682194865371215,0.4446344619479407,0.43302180685358255,1.9994175434112549,tolokers,bfs_snowball,bfs_snow_ts500_mn16_dinf_M1,500,15,1,4,13
XGBGraph,3447,0.7731492778496267,0.46102330570595595,0.4439252336448598,0.3463563919067383,tolokers,bfs_snowball,bfs_snow_ts500_mn16_dinf_M1,500,15,1,4,13
XGBoost,3447,0.7215813425733877,0.3706113307099258,0.3925233644859813,0.29775261878967285,tolokers,bfs_snowball,bfs_snow_ts500_mn16_dinf_M1,500,15,1,4,13
GCN,3447,0.6632280813059711,0.33013403772999206,0.3348909657320872,4.509036540985107,tolokers,bfs_snowball,bfs_snow_ts500_mn16_dinf_Minf,500,15,-1,4,15
GIN,3447,0.7387024203628239,0.3880948987661004,0.3878504672897196,1.7112257480621338,tolokers,bfs_snowball,bfs_snow_ts500_mn16_dinf_Minf,500,15,-1,4,15
GraphSAGE,3447,0.7459551038557164,0.4150803476385474,0.40186915887850466,2.4987125396728516,tolokers,bfs_snowball,bfs_snow_ts500_mn16_dinf_Minf,500,15,-1,4,15
XGBGraph,3447,0.7533182721532201,0.43818235913004655,0.43457943925233644,0.3161907196044922,tolokers,bfs_snowball,bfs_snow_ts500_mn16_dinf_Minf,500,15,-1,4,15
XGBoost,3447,0.7359386056953222,0.38739129833173,0.40498442367601245,0.26797914505004883,tolokers,bfs_snowball,bfs_snow_ts500_mn16_dinf_Minf,500,15,-1,4,15
GCN,3447,0.7104847368292623,0.3544517636889062,0.3598130841121495,2.1798722743988037,tolokers,bfs_snowball,bfs_snow_ts500_mn32_dinf_M1,500,15,1,4,10
GIN,3447,0.7347263230385898,0.36536453840205707,0.38161993769470404,1.3760430812835693,tolokers,bfs_snowball,bfs_snow_ts500_mn32_dinf_M1,500,15,1,4,10
GraphSAGE,3447,0.7580311607818256,0.4241750612017902,0.42679127725856697,2.2060348987579346,tolokers,bfs_snowball,bfs_snow_ts500_mn32_dinf_M1,500,15,1,4,10
XGBGraph,3447,0.7616168332750408,0.4240373413392785,0.4454828660436137,0.35494303703308105,tolokers,bfs_snowball,bfs_snow_ts500_mn32_dinf_M1,500,15,1,4,10
XGBoost,3447,0.7247765902355834,0.3730954038565271,0.40186915887850466,0.27744102478027344,tolokers,bfs_snowball,bfs_snow_ts500_mn32_dinf_M1,500,15,1,4,10
GCN,3447,0.7273150294580957,0.38999976033034306,0.3940809968847352,4.29166054725647,tolokers,bfs_snowball,bfs_snow_ts500_mn32_dinf_Minf,500,15,-1,4,15
GIN,3447,0.7421552399621505,0.38952434040645356,0.40654205607476634,2.7298667430877686,tolokers,bfs_snowball,bfs_snow_ts500_mn32_dinf_Minf,500,15,-1,4,15
GraphSAGE,3447,0.763787215755811,0.4326645031446543,0.4252336448598131,1.8593976497650146,tolokers,bfs_snowball,bfs_snow_ts500_mn32_dinf_Minf,500,15,-1,4,15
XGBGraph,3447,0.7566809415745508,0.43208211908929933,0.45638629283489096,0.34423327445983887,tolokers,bfs_snowball,bfs_snow_ts500_mn32_dinf_Minf,500,15,-1,4,15
XGBoost,3447,0.7256740250902181,0.3837265972763832,0.4143302180685358,0.2554473876953125,tolokers,bfs_snowball,bfs_snow_ts500_mn32_dinf_Minf,500,15,-1,4,15
GCN,3447,0.6698920773583422,0.3487169078619307,0.34735202492211836,1.3159756660461426,tolokers,bfs_snowball,bfs_snow_tsinf_mn8_d2_M1,,15,1,4,15
GIN,3447,0.7243339731962509,0.35831249518371894,0.3691588785046729,1.4585604667663574,tolokers,bfs_snowball,bfs_snow_tsinf_mn8_d2_M1,,15,1,4,15
GraphSAGE,3447,0.676278166846967,0.32626054473880933,0.35202492211838005,0.9937863349914551,tolokers,bfs_snowball,bfs_snow_tsinf_mn8_d2_M1,,15,1,4,15
XGBGraph,3447,0.7360294336942051,0.43541428927448617,0.46261682242990654,0.17733287811279297,tolokers,bfs_snowball,bfs_snow_tsinf_mn8_d2_M1,,15,1,4,15
XGBoost,3447,0.6920225904145282,0.33703087284607136,0.3613707165109034,0.14578890800476074,tolokers,bfs_snowball,bfs_snow_tsinf_mn8_d2_M1,,15,1,4,15
GCN,3447,0.7016601866989851,0.35756572326160574,0.35514018691588783,2.259894371032715,tolokers,bfs_snowball,bfs_snow_tsinf_mn16_d2_M1,,15,1,4,14
GIN,3447,0.7033716844391302,0.35013380571072455,0.3364485981308411,0.9596214294433594,tolokers,bfs_snowball,bfs_snow_tsinf_mn16_d2_M1,,15,1,4,14
GraphSAGE,3447,0.739947577332585,0.3856984857787067,0.40031152647975077,1.7512431144714355,tolokers,bfs_snowball,bfs_snow_tsinf_mn16_d2_M1,,15,1,4,14
XGBGraph,3447,0.7470104709770653,0.4145892207559272,0.4221183800623053,0.22830891609191895,tolokers,bfs_snowball,bfs_snow_tsinf_mn16_d2_M1,,15,1,4,14
XGBoost,3447,0.7199566059068023,0.3662974058816415,0.40031152647975077,0.15873503684997559,tolokers,bfs_snowball,bfs_snow_tsinf_mn16_d2_M1,,15,1,4,14
GCN,3447,0.6866749225250726,0.34255695806867326,0.35202492211838005,1.9307427406311035,tolokers,bfs_snowball,bfs_snow_tsinf_mn8_d3_M1,,15,1,4,11
GIN,3447,0.7401963375981823,0.384270260770927,0.3925233644859813,1.808396816253662,tolokers,bfs_snowball,bfs_snow_tsinf_mn8_d3_M1,,15,1,4,11
GraphSAGE,3447,0.7663453117840516,0.4176432823141037,0.4205607476635514,1.8647308349609375,tolokers,bfs_snowball,bfs_snow_tsinf_mn8_d3_M1,,15,1,4,11
XGBGraph,3447,0.7815061315677454,0.4612951889395195,0.46417445482866043,0.2696573734283447,tolokers,bfs_snowball,bfs_snow_tsinf_mn8_d3_M1,,15,1,4,11
XGBoost,3447,0.7172276990149906,0.3758678896400971,0.37694704049844235,0.23166680335998535,tolokers,bfs_snowball,bfs_snow_tsinf_mn8_d3_M1,,15,1,4,11
GCN,3447,0.6850867881863952,0.3576066125939842,0.35669781931464173,4.20357871055603,tolokers,bfs_snowball,bfs_snow_tsinf_mn16_d3_M1,,15,1,4,11
GIN,3447,0.7335570820081936,0.3700432348176322,0.37538940809968846,1.5626616477966309,tolokers,bfs_snowball,bfs_snow_tsinf_mn16_d3_M1,,15,1,4,11
GraphSAGE,3447,0.7647510770573896,0.43690584063839244,0.4252336448598131,2.406403064727783,tolokers,bfs_snowball,bfs_snow_tsinf_mn16_d3_M1,,15,1,4,11
XGBGraph,3447,0.7771650276957613,0.4373730866322841,0.45482866043613707,0.30413126945495605,tolokers,bfs_snowball,bfs_snow_tsinf_mn16_d3_M1,,15,1,4,11
XGBoost,3447,0.7224726770400375,0.3753748156579864,0.38006230529595014,0.20397686958312988,tolokers,bfs_snowball,bfs_snow_tsinf_mn16_d3_M1,,15,1,4,11
GCN,3447,0.6776131350842802,0.3619087393070567,0.35046728971962615,4.914591312408447,tolokers,bfs_snowball,bfs_snow_ts500_mn8_d4_M1,500,15,1,4,14
GIN,3447,0.7434139533496553,0.39480377388287713,0.3894080996884735,2.8215126991271973,tolokers,bfs_snowball,bfs_snow_ts500_mn8_d4_M1,500,15,1,4,14
GraphSAGE,3447,0.7669302712096934,0.4265559972000399,0.43302180685358255,2.4740374088287354,tolokers,bfs_snowball,bfs_snow_ts500_mn8_d4_M1,500,15,1,4,14
XGBGraph,3447,0.7702200748856517,0.43956100454376856,0.43457943925233644,0.3221876621246338,tolokers,bfs_snowball,bfs_snow_ts500_mn8_d4_M1,500,15,1,4,14
XGBoost,3447,0.7283626016392422,0.36557098016153244,0.3956386292834891,0.24529027938842773,tolokers,bfs_snowball,bfs_snow_ts500_mn8_d4_M1,500,15,1,4,14
GCN,3447,0.693694435632773,0.3691791835761066,0.34735202492211836,5.219568729400635,tolokers,bfs_snowball,bfs_snow_ts500_mn16_d4_M1,500,15,1,4,14
GIN,3447,0.7447770511537867,0.3982782987550912,0.40342679127725856,3.064366102218628,tolokers,bfs_snowball,bfs_snow_ts500_mn16_d4_M1,500,15,1,4,14
GraphSAGE,3447,0.7666462642579623,0.4230428898907718,0.4236760124610592,2.7449541091918945,tolokers,bfs_snowball,bfs_snow_ts500_mn16_d4_M1,500,15,1,4,14
XGBGraph,3447,0.772687681825453,0.4391755344506553,0.440809968847352,0.33704543113708496,tolokers,bfs_snowball,bfs_snow_ts500_mn16_d4_M1,500,15,1,4,14
XGBoost,3447,0.7324637569171621,0.3707301291265909,0.40342679127725856,0.2612292766571045,tolokers,bfs_snowball,bfs_snow_ts500_mn16_d4_M1,500,15,1,4,14
GCN,3407,0.6375459757243557,0.09432683299485772,0.1178082191780822,4.410959243774414,questions,forest_fire,ff_b0.3_M1,1500,15,1,0,9
GIN,3407,0.6769112394339531,0.07953913641893165,0.12602739726027398,1.3261780738830566,questions,forest_fire,ff_b0.3_M1,1500,15,1,0,9
GraphSAGE,3407,0.6824414870159706,0.1108264441921864,0.16712328767123288,2.086770534515381,questions,forest_fire,ff_b0.3_M1,1500,15,1,0,9
XGBGraph,3407,0.6698822929100989,0.15652740423703457,0.1780821917808219,5.415823459625244,questions,forest_fire,ff_b0.3_M1,1500,15,1,0,9
XGBoost,3407,0.5427659088127931,0.13920803531316564,0.15342465753424658,1.707101583480835,questions,forest_fire,ff_b0.3_M1,1500,15,1,0,9
GCN,3407,0.6656892375822252,0.08496703649388093,0.13150684931506848,2.256579875946045,questions,forest_fire,ff_b0.3_M2,1500,15,2,0,12
GIN,3407,0.6853523016146051,0.0770159050393779,0.136986301369863,1.469271183013916,questions,forest_fire,ff_b0.3_M2,1500,15,2,0,12
GraphSAGE,3407,0.7029545680186743,0.10643798262376714,0.1863013698630137,2.6179540157318115,questions,forest_fire,ff_b0.3_M2,1500,15,2,0,12
XGBGraph,3407,0.6785470862992918,0.16968894637798496,0.2,5.0453174114227295,questions,forest_fire,ff_b0.3_M2,1500,15,2,0,12
XGBoost,3407,0.5735372619825494,0.14163869464188106,0.16712328767123288,1.7473249435424805,questions,forest_fire,ff_b0.3_M2,1500,15,2,0,12
GCN,3407,0.6418351962208129,0.08891488782653885,0.1232876712328767,2.492267608642578,questions,forest_fire,ff_b0.3_Minf,1500,15,-1,0,15
GIN,3407,0.6714258997157759,0.07264470763234468,0.1232876712328767,1.769604206085205,questions,forest_fire,ff_b0.3_Minf,1500,15,-1,0,15
GraphSAGE,3407,0.6579602363377348,0.0863610491639951,0.16712328767123288,4.719463109970093,questions,forest_fire,ff_b0.3_Minf,1500,15,-1,0,15
XGBGraph,3407,0.6873247842921759,0.16679126993456123,0.19726027397260273,6.134922504425049,questions,forest_fire,ff_b0.3_Minf,1500,15,-1,0,15
XGBoost,3407,0.5775479151899406,0.13523560708809632,0.15616438356164383,2.2639498710632324,questions,forest_fire,ff_b0.3_Minf,1500,15,-1,0,15
GCN,3407,0.6135598659921636,0.05939874340868648,0.09315068493150686,3.0615265369415283,questions,forest_fire,ff_b0.5_M1,1500,15,1,0,7
GIN,3407,0.6452597383106793,0.0584790622535792,0.10136986301369863,1.5853970050811768,questions,forest_fire,ff_b0.5_M1,1500,15,1,0,7
GraphSAGE,3407,0.6663164468990485,0.0750320208537479,0.1232876712328767,3.1619503498077393,questions,forest_fire,ff_b0.5_M1,1500,15,1,0,7
XGBGraph,3407,0.6933362040502506,0.16191738275310152,0.19452054794520549,6.257272958755493,questions,forest_fire,ff_b0.5_M1,1500,15,1,0,7
XGBoost,3407,0.6594159899701922,0.14647616909775996,0.15616438356164383,2.488018751144409,questions,forest_fire,ff_b0.5_M1,1500,15,1,0,7
GCN,3407,0.6194281347189737,0.08861668345455809,0.11506849315068493,3.982362985610962,questions,forest_fire,ff_b0.5_M2,1500,15,2,0,9
GIN,3407,0.6273745177311023,0.068519538564284,0.1178082191780822,3.3162145614624023,questions,forest_fire,ff_b0.5_M2,1500,15,2,0,9
GraphSAGE,3407,0.6554077610947822,0.10916988292836785,0.1589041095890411,3.2767417430877686,questions,forest_fire,ff_b0.5_M2,1500,15,2,0,9
XGBGraph,3407,0.6724864872353149,0.16340731781596332,0.1589041095890411,6.536358118057251,questions,forest_fire,ff_b0.5_M2,1500,15,2,0,9
XGBoost,3407,0.5657366852224267,0.13414709019657575,0.14794520547945206,2.8345937728881836,questions,forest_fire,ff_b0.5_M2,1500,15,2,0,9
GCN,3407,0.6095211598004198,0.07403326230339376,0.1232876712328767,3.3716466426849365,questions,forest_fire,ff_b0.5_Minf,1500,15,-1,0,15
GIN,3407,0.6445318614944506,0.06843018444500898,0.12602739726027398,2.51904034614563,questions,forest_fire,ff_b0.5_Minf,1500,15,-1,0,15
GraphSAGE,3407,0.6184865703552686,0.07859399004299725,0.12054794520547946,9.143966913223267,questions,forest_fire,ff_b0.5_Minf,1500,15,-1,0,15
XGBGraph,3407,0.6636192044035104,0.16211270971671993,0.16986301369863013,5.756936073303223,questions,forest_fire,ff_b0.5_Minf,1500,15,-1,0,15
XGBoost,3407,0.5606548236125317,0.1381646719027838,0.16712328767123288,2.4714014530181885,questions,forest_fire,ff_b0.5_Minf,1500,15,-1,0,15
GCN,3407,0.6255222126531659,0.08009743410401146,0.12876712328767123,2.898393154144287,questions,forest_fire,ff_b0.7_M1,1500,15,1,0,8
GIN,3407,0.6868044764712808,0.08305927351034863,0.14794520547945206,1.5599348545074463,questions,forest_fire,ff_b0.7_M1,1500,15,1,0,8
GraphSAGE,3407,0.6749110501051698,0.10794157898403134,0.1506849315068493,2.5611672401428223,questions,forest_fire,ff_b0.7_M1,1500,15,1,0,8
XGBGraph,3407,0.6863368112876898,0.1597709366934108,0.1589041095890411,5.9303038120269775,questions,forest_fire,ff_b0.7_M1,1500,15,1,0,8
XGBoost,3407,0.5631181757940842,0.14311120829925483,0.1643835616438356,2.2809550762176514,questions,forest_fire,ff_b0.7_M1,1500,15,1,0,8
GCN,3407,0.6361015356411435,0.08170727263974543,0.10684931506849316,2.70105242729187,questions,forest_fire,ff_b0.7_M2,1500,15,2,0,12
GIN,3407,0.6713925362899408,0.09501030037228642,0.1506849315068493,1.580228567123413,questions,forest_fire,ff_b0.7_M2,1500,15,2,0,12
GraphSAGE,3407,0.6544459939645678,0.12313740213449043,0.13972602739726028,3.5442750453948975,questions,forest_fire,ff_b0.7_M2,1500,15,2,0,12
XGBGraph,3407,0.6702542547026268,0.15894847546842897,0.18082191780821918,6.485057353973389,questions,forest_fire,ff_b0.7_M2,1500,15,2,0,12
XGBoost,3407,0.5652266519513565,0.14106657974093992,0.14794520547945206,2.3383493423461914,questions,forest_fire,ff_b0.7_M2,1500,15,2,0,12
GCN,3407,0.6202975463451463,0.07113453427931331,0.08767123287671233,4.806052207946777,questions,forest_fire,ff_b0.7_Minf,1500,15,-1,0,15
GIN,3407,0.6658470500497565,0.06866100760608723,0.11232876712328767,2.390026569366455,questions,forest_fire,ff_b0.7_Minf,1500,15,-1,0,15
GraphSAGE,3407,0.691649561657689,0.0839389530706465,0.15342465753424658,4.230741024017334,questions,forest_fire,ff_b0.7_Minf,1500,15,-1,0,15
XGBGraph,3407,0.6653931227473915,0.1455773019332808,0.13972602739726028,7.027822494506836,questions,forest_fire,ff_b0.7_Minf,1500,15,-1,0,15
XGBoost,3407,0.676403861383624,0.15552709057992148,0.15616438356164383,2.3333539962768555,questions,forest_fire,ff_b0.7_Minf,1500,15,-1,0,15
GCN,3407,0.6303711075041155,0.07937134904731402,0.13424657534246576,3.0091795921325684,questions,rwr,rwr_r0.1_M1,1500,15,1,0,9
GIN,3407,0.6740334419280135,0.07444415168150678,0.136986301369863,1.8571441173553467,questions,rwr,rwr_r0.1_M1,1500,15,1,0,9
GraphSAGE,3407,0.6585970275381025,0.10209926607187443,0.1506849315068493,2.700420618057251,questions,rwr,rwr_r0.1_M1,1500,15,1,0,9
XGBGraph,3407,0.695451837759086,0.167698641669785,0.18082191780821918,5.57763934135437,questions,rwr,rwr_r0.1_M1,1500,15,1,0,9
XGBoost,3407,0.5559459627945852,0.1314614578072971,0.13424657534246576,2.1351218223571777,questions,rwr,rwr_r0.1_M1,1500,15,1,0,9
GCN,3407,0.5925185115063414,0.07023453019044781,0.12054794520547946,3.831902503967285,questions,rwr,rwr_r0.1_M2,1500,15,2,0,8
GIN,3407,0.6655205733429691,0.07100888377530004,0.12876712328767123,2.037867784500122,questions,rwr,rwr_r0.1_M2,1500,15,2,0,8
GraphSAGE,3407,0.6938135665617662,0.09259990221485154,0.1726027397260274,2.741901159286499,questions,rwr,rwr_r0.1_M2,1500,15,2,0,8
XGBGraph,3407,0.6891933670276997,0.165350555634511,0.1863013698630137,6.163569450378418,questions,rwr,rwr_r0.1_M2,1500,15,2,0,8
XGBoost,3407,0.5698680932513525,0.1391721920249663,0.14794520547945206,2.2753372192382812,questions,rwr,rwr_r0.1_M2,1500,15,2,0,8
GCN,3407,0.5961261483829705,0.05332835695620883,0.0958904109589041,2.9062089920043945,questions,rwr,rwr_r0.15_M1,1500,15,1,0,7
GIN,3407,0.6592935034829569,0.05654008919208417,0.09041095890410959,1.6221787929534912,questions,rwr,rwr_r0.15_M1,1500,15,1,0,7
GraphSAGE,3407,0.688235178673267,0.07076473071246764,0.09041095890410959,2.0245614051818848,questions,rwr,rwr_r0.15_M1,1500,15,1,0,7
XGBGraph,3407,0.6776205297049933,0.14550555150516126,0.17534246575342466,4.809239625930786,questions,rwr,rwr_r0.15_M1,1500,15,1,0,7
XGBoost,3407,0.5465399010410774,0.10820709573526338,0.12602739726027398,1.7770545482635498,questions,rwr,rwr_r0.15_M1,1500,15,1,0,7
GCN,3407,0.6503009634987958,0.07297380212216445,0.12054794520547946,2.6286678314208984,questions,rwr,rwr_r0.15_M2,1500,15,2,0,11
GIN,3407,0.6790370322482331,0.07746919164487001,0.13424657534246576,1.6393332481384277,questions,rwr,rwr_r0.15_M2,1500,15,2,0,11
GraphSAGE,3407,0.6680374917168657,0.08281310498334543,0.136986301369863,2.9807956218719482,questions,rwr,rwr_r0.15_M2,1500,15,2,0,11
XGBGraph,3407,0.6847342124038059,0.15742522890900087,0.1726027397260274,6.189982175827026,questions,rwr,rwr_r0.15_M2,1500,15,2,0,11
XGBoost,3407,0.5599891713171512,0.13112969228754953,0.14794520547945206,2.294919490814209,questions,rwr,rwr_r0.15_M2,1500,15,2,0,11
GCN,3407,0.6875718352654874,0.10576352998282823,0.13972602739726028,4.068039894104004,questions,metis,metis_K5,,5,1,0,5
GIN,3407,0.6716194999411234,0.12381224559453675,0.1643835616438356,5.624333620071411,questions,metis,metis_K5,,5,1,0,5
GraphSAGE,3407,0.6984873322881769,0.1405293046634316,0.16712328767123288,4.55937385559082,questions,metis,metis_K5,,5,1,0,5
XGBGraph,3407,0.7147924656379803,0.1822151062827561,0.2054794520547945,12.217698812484741,questions,metis,metis_K5,,5,1,0,5
XGBoost,3407,0.5798226312544879,0.15363114895530344,0.19726027397260273,4.1864869594573975,questions,metis,metis_K5,,5,1,0,5
GCN,3407,0.674293769005031,0.09810277311739865,0.13424657534246576,3.593214511871338,questions,metis,metis_K15,,15,1,0,15
GIN,3407,0.6724138727202621,0.11745367329187384,0.18082191780821918,5.409699201583862,questions,metis,metis_K15,,15,1,0,15
GraphSAGE,3407,0.737595155030258,0.15525252823029367,0.1917808219178082,4.449528932571411,questions,metis,metis_K15,,15,1,0,15
XGBGraph,3407,0.7099440325645507,0.17803556475328752,0.1917808219178082,12.178826332092285,questions,metis,metis_K15,,15,1,0,15
XGBoost,3407,0.5739256168770448,0.14109744120050935,0.1506849315068493,3.987736225128174,questions,metis,metis_K15,,15,1,0,15
GCN,3407,0.5719034931160516,0.05507623595716034,0.11232876712328767,1.4783377647399902,questions,uniform,uniform_K15,1500,15,-1,0,15
GIN,3407,0.6097454682308611,0.046531915907555996,0.057534246575342465,3.2385730743408203,questions,uniform,uniform_K15,1500,15,-1,0,15
GraphSAGE,3407,0.558283942379401,0.049180946673609026,0.08767123287671233,1.9690890312194824,questions,uniform,uniform_K15,1500,15,-1,0,15
XGBGraph,3407,0.6149298444502422,0.0812277813240217,0.10136986301369863,2.037874221801758,questions,uniform,uniform_K15,1500,15,-1,0,15
XGBoost,3407,0.6463458390382099,0.14083606687841194,0.13424657534246576,0.6784782409667969,questions,uniform,uniform_K15,1500,15,-1,0,15
GCN,3407,0.6636821215906389,0.09873089156747869,0.11506849315068493,2.5112059116363525,questions,bfs_partition,bfs_part_mn32,1500,0,1,0,1383
GIN,3407,0.678489825886786,0.09389698856702297,0.13972602739726028,1.7385060787200928,questions,bfs_partition,bfs_part_mn32,1500,0,1,0,1383
GraphSAGE,3407,0.7038723508400887,0.10051232307609452,0.1589041095890411,2.9618544578552246,questions,bfs_partition,bfs_part_mn32,1500,0,1,0,1383
XGBGraph,3407,0.6938824868566573,0.17134164639976213,0.1726027397260274,7.846649408340454,questions,bfs_partition,bfs_part_mn32,1500,0,1,0,1383
XGBoost,3407,0.5507754399008102,0.14386336401982144,0.1643835616438356,2.8793985843658447,questions,bfs_partition,bfs_part_mn32,1500,0,1,0,1383
GCN,3407,0.6503679212392262,0.08380884626414131,0.12054794520547946,2.21083927154541,questions,bfs_snowball,bfs_snow_ts1500_mn8_dinf_M1,1500,15,1,0,10
GIN,3407,0.6699130011151927,0.06384540867318851,0.11506849315068493,1.5979042053222656,questions,bfs_snowball,bfs_snow_ts1500_mn8_dinf_M1,1500,15,1,0,10
GraphSAGE,3407,0.6796394210233452,0.09569088908309424,0.1780821917808219,2.421565294265747,questions,bfs_snowball,bfs_snow_ts1500_mn8_dinf_M1,1500,15,1,0,10
XGBGraph,3407,0.6627083482448991,0.1575522343595172,0.1589041095890411,5.893259525299072,questions,bfs_snowball,bfs_snow_ts1500_mn8_dinf_M1,1500,15,1,0,10
XGBoost,3407,0.5694252486094724,0.13205648720812388,0.13424657534246576,2.1318931579589844,questions,bfs_snowball,bfs_snow_ts1500_mn8_dinf_M1,1500,15,1,0,10
GCN,3407,0.6231515623087953,0.07223394058943848,0.13150684931506848,3.095921277999878,questions,bfs_snowball,bfs_snow_ts1500_mn8_dinf_Minf,1500,15,-1,0,15
GIN,3407,0.6574230736373523,0.08202474405905598,0.13424657534246576,1.947770118713379,questions,bfs_snowball,bfs_snow_ts1500_mn8_dinf_Minf,1500,15,-1,0,15
GraphSAGE,3407,0.6191001572352456,0.07222415955592715,0.12876712328767123,5.562884092330933,questions,bfs_snowball,bfs_snow_ts1500_mn8_dinf_Minf,1500,15,-1,0,15
XGBGraph,3407,0.6955239904966186,0.16457371737500018,0.18082191780821918,6.468448877334595,questions,bfs_snowball,bfs_snow_ts1500_mn8_dinf_Minf,1500,15,-1,0,15
XGBoost,3407,0.5331610518368355,0.1330874899165385,0.13424657534246576,2.4706859588623047,questions,bfs_snowball,bfs_snow_ts1500_mn8_dinf_Minf,1500,15,-1,0,15
GCN,3407,0.6364766144319328,0.0843797487420807,0.12876712328767123,1.9079368114471436,questions,bfs_snowball,bfs_snow_ts1500_mn16_dinf_M1,1500,15,1,0,5
GIN,3407,0.6275054316580815,0.06424679852363607,0.1095890410958904,1.9898931980133057,questions,bfs_snowball,bfs_snow_ts1500_mn16_dinf_M1,1500,15,1,0,5
GraphSAGE,3407,0.6065228383617057,0.0766879641125448,0.1178082191780822,2.3806755542755127,questions,bfs_snowball,bfs_snow_ts1500_mn16_dinf_M1,1500,15,1,0,5
XGBGraph,3407,0.6620640531598282,0.15376343959579605,0.18904109589041096,4.142491102218628,questions,bfs_snowball,bfs_snow_ts1500_mn16_dinf_M1,1500,15,1,0,5
XGBoost,3407,0.5442305516625146,0.13782544142382167,0.15616438356164383,1.7093496322631836,questions,bfs_snowball,bfs_snow_ts1500_mn16_dinf_M1,1500,15,1,0,5
GCN,3407,0.6161363536661671,0.09416750099937278,0.12054794520547946,4.7356016635894775,questions,bfs_snowball,bfs_snow_ts1500_mn16_dinf_Minf,1500,15,-1,0,15
GIN,3407,0.6503151631575423,0.062299168725795856,0.1178082191780822,2.52864670753479,questions,bfs_snowball,bfs_snow_ts1500_mn16_dinf_Minf,1500,15,-1,0,15
GraphSAGE,3407,0.6961755585776328,0.13447775030544037,0.1643835616438356,6.007079124450684,questions,bfs_snowball,bfs_snow_ts1500_mn16_dinf_Minf,1500,15,-1,0,15
XGBGraph,3407,0.6701138743364834,0.16194753140827764,0.1780821917808219,6.400991678237915,questions,bfs_snowball,bfs_snow_ts1500_mn16_dinf_Minf,1500,15,-1,0,15
XGBoost,3407,0.5728427485921558,0.13663661135830424,0.14520547945205478,2.5648715496063232,questions,bfs_snowball,bfs_snow_ts1500_mn16_dinf_Minf,1500,15,-1,0,15
GCN,3407,0.5877222592926954,0.08121173230418324,0.10684931506849316,4.351349830627441,questions,bfs_snowball,bfs_snow_ts1500_mn32_dinf_M1,1500,15,1,0,7
GIN,3407,0.6371077488576777,0.0763554928839987,0.12602739726027398,3.30389666557312,questions,bfs_snowball,bfs_snow_ts1500_mn32_dinf_M1,1500,15,1,0,7
GraphSAGE,3407,0.6355597551655587,0.09181536915637672,0.14246575342465753,2.6003520488739014,questions,bfs_snowball,bfs_snow_ts1500_mn32_dinf_M1,1500,15,1,0,7
XGBGraph,3407,0.676583492838985,0.15370389995372466,0.1643835616438356,5.253423690795898,questions,bfs_snowball,bfs_snow_ts1500_mn32_dinf_M1,1500,15,1,0,7
XGBoost,3407,0.5472434190931151,0.13859509708297718,0.13972602739726028,2.121925115585327,questions,bfs_snowball,bfs_snow_ts1500_mn32_dinf_M1,1500,15,1,0,7
GCN,3407,0.6225214668824707,0.07532293547504286,0.11506849315068493,3.309890031814575,questions,bfs_snowball,bfs_snow_ts1500_mn32_dinf_Minf,1500,15,-1,0,15
GIN,3407,0.6771042624374003,0.07972273498185208,0.14794520547945206,1.806882381439209,questions,bfs_snowball,bfs_snow_ts1500_mn32_dinf_Minf,1500,15,-1,0,15
GraphSAGE,3407,0.6655725233139926,0.11974767581686038,0.14794520547945206,4.009291887283325,questions,bfs_snowball,bfs_snow_ts1500_mn32_dinf_Minf,1500,15,-1,0,15
XGBGraph,3407,0.6607342493460076,0.16145564508429375,0.1863013698630137,6.286519765853882,questions,bfs_snowball,bfs_snow_ts1500_mn32_dinf_Minf,1500,15,-1,0,15
XGBoost,3407,0.5790229480338668,0.1363351560760107,0.12876712328767123,2.278862714767456,questions,bfs_snowball,bfs_snow_ts1500_mn32_dinf_Minf,1500,15,-1,0,15
GCN,3407,0.49923968331297663,0.029960077694352213,0.01643835616438356,2.043057441711426,questions,bfs_snowball,bfs_snow_tsinf_mn8_d2_M1,,15,1,0,15
GIN,3407,0.586423740905869,0.035852710924233484,0.03287671232876712,1.1250286102294922,questions,bfs_snowball,bfs_snow_tsinf_mn8_d2_M1,,15,1,0,15
GraphSAGE,3407,0.4984453105338379,0.028892387444934137,0.021917808219178082,1.4701168537139893,questions,bfs_snowball,bfs_snow_tsinf_mn8_d2_M1,,15,1,0,15
XGBGraph,3407,0.5406539693241194,0.03328964738821662,0.038356164383561646,0.41213512420654297,questions,bfs_snowball,bfs_snow_tsinf_mn8_d2_M1,,15,1,0,15
XGBoost,3407,0.5945477928188978,0.03584277041083366,0.01643835616438356,0.24280905723571777,questions,bfs_snowball,bfs_snow_tsinf_mn8_d2_M1,,15,1,0,15
GCN,3407,0.5859772020438273,0.03896889834436463,0.052054794520547946,1.6320462226867676,questions,bfs_snowball,bfs_snow_tsinf_mn16_d2_M1,,15,1,0,15
GIN,3407,0.597858853083173,0.037904407940912016,0.03561643835616438,1.2308332920074463,questions,bfs_snowball,bfs_snow_tsinf_mn16_d2_M1,,15,1,0,15
GraphSAGE,3407,0.5496251520979707,0.03469518145951027,0.038356164383561646,1.5388984680175781,questions,bfs_snowball,bfs_snow_tsinf_mn16_d2_M1,,15,1,0,15
XGBGraph,3407,0.5707527435356919,0.03644653682350633,0.043835616438356165,0.7107574939727783,questions,bfs_snowball,bfs_snow_tsinf_mn16_d2_M1,,15,1,0,15
XGBoost,3407,0.6207300009928217,0.05499102683216795,0.052054794520547946,0.3711376190185547,questions,bfs_snowball,bfs_snow_tsinf_mn16_d2_M1,,15,1,0,15
GCN,3407,0.6095409007894086,0.04194686157202254,0.038356164383561646,2.0915298461914062,questions,bfs_snowball,bfs_snow_tsinf_mn8_d3_M1,,15,1,0,14
GIN,3407,0.5963150153887359,0.041645453897274774,0.06301369863013699,3.7997117042541504,questions,bfs_snowball,bfs_snow_tsinf_mn8_d3_M1,,15,1,0,14
GraphSAGE,3407,0.5917465349369327,0.057449359944177776,0.0821917808219178,1.4133436679840088,questions,bfs_snowball,bfs_snow_tsinf_mn8_d3_M1,,15,1,0,14
XGBGraph,3407,0.6854811375427433,0.1079868011234185,0.13150684931506848,1.5148975849151611,questions,bfs_snowball,bfs_snow_tsinf_mn8_d3_M1,,15,1,0,14
XGBoost,3407,0.643737835048452,0.0948374154541814,0.1095890410958904,0.6040596961975098,questions,bfs_snowball,bfs_snow_tsinf_mn8_d3_M1,,15,1,0,14
GCN,3407,0.619439679156979,0.07358622503451831,0.08767123287671233,2.3529388904571533,questions,bfs_snowball,bfs_snow_tsinf_mn16_d3_M1,,15,1,0,10
GIN,3407,0.6556004377650893,0.0647051557872973,0.0958904109589041,1.4568116664886475,questions,bfs_snowball,bfs_snow_tsinf_mn16_d3_M1,,15,1,0,10
GraphSAGE,3407,0.6344692675515863,0.06110879657580425,0.10684931506849316,2.6941051483154297,questions,bfs_snowball,bfs_snow_tsinf_mn16_d3_M1,,15,1,0,10
XGBGraph,3407,0.6558317883027137,0.13799229256315224,0.18356164383561643,3.089203119277954,questions,bfs_snowball,bfs_snow_tsinf_mn16_d3_M1,,15,1,0,10
XGBoost,3407,0.621350745424362,0.12621112764530215,0.13972602739726028,1.3720908164978027,questions,bfs_snowball,bfs_snow_tsinf_mn16_d3_M1,,15,1,0,10
GCN,3407,0.621968603746401,0.0609493609523427,0.09863013698630137,2.092409133911133,questions,bfs_snowball,bfs_snow_ts1500_mn8_d4_M1,1500,15,1,0,12
GIN,3407,0.6288457409104867,0.053831906465804345,0.10136986301369863,1.542879343032837,questions,bfs_snowball,bfs_snow_ts1500_mn8_d4_M1,1500,15,1,0,12
GraphSAGE,3407,0.6026540662973986,0.0633528869290504,0.1232876712328767,2.0065348148345947,questions,bfs_snowball,bfs_snow_ts1500_mn8_d4_M1,1500,15,1,0,12
XGBGraph,3407,0.6534340085290308,0.11144863031125565,0.15616438356164383,2.795879364013672,questions,bfs_snowball,bfs_snow_ts1500_mn8_d4_M1,1500,15,1,0,12
XGBoost,3407,0.6379440279467755,0.13459331074286565,0.13972602739726028,1.3104751110076904,questions,bfs_snowball,bfs_snow_ts1500_mn8_d4_M1,1500,15,1,0,12
GCN,3407,0.6305987638215784,0.08227455309714955,0.12876712328767123,2.8797850608825684,questions,bfs_snowball,bfs_snow_ts1500_mn16_d4_M1,1500,15,1,0,8
GIN,3407,0.6497412891443031,0.07080074772197671,0.11506849315068493,1.564976692199707,questions,bfs_snowball,bfs_snow_ts1500_mn16_d4_M1,1500,15,1,0,8
GraphSAGE,3407,0.6305052538737362,0.07539644811447072,0.12876712328767123,1.8889999389648438,questions,bfs_snowball,bfs_snow_ts1500_mn16_d4_M1,1500,15,1,0,8
XGBGraph,3407,0.6773995691615736,0.1487081656665491,0.1506849315068493,2.9013254642486572,questions,bfs_snowball,bfs_snow_ts1500_mn16_d4_M1,1500,15,1,0,8
XGBoost,3407,0.6635121874632021,0.13856455449798544,0.15342465753424658,1.1699678897857666,questions,bfs_snowball,bfs_snow_ts1500_mn16_d4_M1,1500,15,1,0,8
GCN,3417,0.6784759725611798,0.06766946744972661,0.09315068493150686,4.013768434524536,questions,forest_fire,ff_b0.3_M1,1500,15,1,1,7
GIN,3417,0.7030201404265439,0.07249406558511572,0.1178082191780822,1.642427921295166,questions,forest_fire,ff_b0.3_M1,1500,15,1,1,7
GraphSAGE,3417,0.7113231311286534,0.08668901953491126,0.14520547945205478,2.530923843383789,questions,forest_fire,ff_b0.3_M1,1500,15,1,1,7
XGBGraph,3417,0.6950937292921643,0.14427965173705248,0.1917808219178082,6.048197984695435,questions,forest_fire,ff_b0.3_M1,1500,15,1,1,7
XGBoost,3417,0.5654880180277944,0.12358917017618885,0.16712328767123288,2.137848138809204,questions,forest_fire,ff_b0.3_M1,1500,15,1,1,7
GCN,3417,0.6688880859090899,0.11439272700940065,0.136986301369863,2.315049409866333,questions,forest_fire,ff_b0.3_M2,1500,15,2,1,11
GIN,3417,0.7029979751055739,0.09756782821756295,0.16164383561643836,1.5515074729919434,questions,forest_fire,ff_b0.3_M2,1500,15,2,1,11
GraphSAGE,3417,0.7151734320921523,0.13279823846282343,0.19726027397260273,2.88702130317688,questions,forest_fire,ff_b0.3_M2,1500,15,2,1,11
XGBGraph,3417,0.690881163864062,0.19200467970795926,0.20273972602739726,6.205350160598755,questions,forest_fire,ff_b0.3_M2,1500,15,2,1,11
XGBoost,3417,0.5462273931042763,0.15689255627503843,0.16986301369863013,2.2932863235473633,questions,forest_fire,ff_b0.3_M2,1500,15,2,1,11
GCN,3417,0.6553307596932874,0.055879845283105085,0.07671232876712329,2.17917799949646,questions,forest_fire,ff_b0.3_Minf,1500,15,-1,1,15
GIN,3417,0.688204239579413,0.07133159113988907,0.08767123287671233,1.6428027153015137,questions,forest_fire,ff_b0.3_Minf,1500,15,-1,1,15
GraphSAGE,3417,0.705770487336906,0.10341787475259027,0.18082191780821918,5.566570043563843,questions,forest_fire,ff_b0.3_Minf,1500,15,-1,1,15
XGBGraph,3417,0.6685913938523559,0.16102407004880717,0.18356164383561643,5.952869892120361,questions,forest_fire,ff_b0.3_Minf,1500,15,-1,1,15
XGBoost,3417,0.5530068643228379,0.1412102280387158,0.1589041095890411,2.335345506668091,questions,forest_fire,ff_b0.3_Minf,1500,15,-1,1,15
GCN,3417,0.6617745186546573,0.06683826326887712,0.12054794520547946,2.1263790130615234,questions,forest_fire,ff_b0.5_M1,1500,15,1,1,9
GIN,3417,0.6912986107423305,0.08500662181147298,0.13972602739726028,1.757350206375122,questions,forest_fire,ff_b0.5_M1,1500,15,1,1,9
GraphSAGE,3417,0.6798862411078965,0.10755688621635012,0.1643835616438356,2.1304101943969727,questions,forest_fire,ff_b0.5_M1,1500,15,1,1,9
XGBGraph,3417,0.700502760275127,0.1871118829804394,0.22465753424657534,5.941183567047119,questions,forest_fire,ff_b0.5_M1,1500,15,1,1,9
XGBoost,3417,0.5633436386683259,0.1426243459537706,0.13972602739726028,2.234830141067505,questions,forest_fire,ff_b0.5_M1,1500,15,1,1,9
GCN,3417,0.6546686861736883,0.06480703434076211,0.10684931506849316,3.0464789867401123,questions,forest_fire,ff_b0.5_M2,1500,15,2,1,9
GIN,3417,0.7045687113405632,0.08798726956358704,0.13972602739726028,1.646287441253662,questions,forest_fire,ff_b0.5_M2,1500,15,2,1,9
GraphSAGE,3417,0.5907732233687131,0.06605183006270696,0.12876712328767123,5.111902952194214,questions,forest_fire,ff_b0.5_M2,1500,15,2,1,9
XGBGraph,3417,0.6669781740855074,0.16032318978226318,0.18904109589041096,6.655377388000488,questions,forest_fire,ff_b0.5_M2,1500,15,2,1,9
XGBoost,3417,0.5457992098986629,0.12456260503230394,0.14794520547945206,2.3213160037994385,questions,forest_fire,ff_b0.5_M2,1500,15,2,1,9
GCN,3417,0.6279907598318206,0.05171811980561687,0.06575342465753424,4.572232484817505,questions,forest_fire,ff_b0.5_Minf,1500,15,-1,1,15
GIN,3417,0.7099435707870306,0.07660057973987527,0.12876712328767123,1.718665361404419,questions,forest_fire,ff_b0.5_Minf,1500,15,-1,1,15
GraphSAGE,3417,0.7280078456000684,0.08862705747614068,0.12876712328767123,3.84247088432312,questions,forest_fire,ff_b0.5_Minf,1500,15,-1,1,15
XGBGraph,3417,0.6873103537446694,0.1569478582364744,0.18082191780821918,6.683261394500732,questions,forest_fire,ff_b0.5_Minf,1500,15,-1,1,15
XGBoost,3417,0.5721159107753475,0.12787544119084976,0.16164383561643836,2.4526896476745605,questions,forest_fire,ff_b0.5_Minf,1500,15,-1,1,15
GCN,3417,0.6408914384138866,0.06078425065219926,0.0821917808219178,3.0563387870788574,questions,forest_fire,ff_b0.7_M1,1500,15,1,1,7
GIN,3417,0.6338731127729971,0.07396707722460508,0.11232876712328767,3.1723315715789795,questions,forest_fire,ff_b0.7_M1,1500,15,1,1,7
GraphSAGE,3417,0.7046436347432171,0.09031736854949493,0.1506849315068493,2.2317724227905273,questions,forest_fire,ff_b0.7_M1,1500,15,1,1,7
XGBGraph,3417,0.6806928509913209,0.16461991060235406,0.1726027397260274,5.448925733566284,questions,forest_fire,ff_b0.7_M1,1500,15,1,1,7
XGBoost,3417,0.568839830158228,0.15367500447946497,0.16986301369863013,2.0435173511505127,questions,forest_fire,ff_b0.7_M1,1500,15,1,1,7
GCN,3417,0.6606183431884352,0.06541746827584458,0.1178082191780822,3.951000213623047,questions,forest_fire,ff_b0.7_M2,1500,15,2,1,11
GIN,3417,0.6496473174189408,0.07616336529529931,0.1095890410958904,3.7365479469299316,questions,forest_fire,ff_b0.7_M2,1500,15,2,1,11
GraphSAGE,3417,0.7131447280014962,0.0974080211170552,0.19726027397260273,2.714021682739258,questions,forest_fire,ff_b0.7_M2,1500,15,2,1,11
XGBGraph,3417,0.6646475829410148,0.18418568990634362,0.20273972602739726,6.154642105102539,questions,forest_fire,ff_b0.7_M2,1500,15,2,1,11
XGBoost,3417,0.5783796919482163,0.13551530547644042,0.14520547945205478,2.2109267711639404,questions,forest_fire,ff_b0.7_M2,1500,15,2,1,11
GCN,3417,0.5746873188966288,0.04153790767651029,0.038356164383561646,3.376659631729126,questions,forest_fire,ff_b0.7_Minf,1500,15,-1,1,15
GIN,3417,0.6500967423904838,0.059061505155743044,0.08767123287671233,2.2336511611938477,questions,forest_fire,ff_b0.7_Minf,1500,15,-1,1,15
GraphSAGE,3417,0.5911816655853377,0.057991475316429474,0.10136986301369863,4.8156492710113525,questions,forest_fire,ff_b0.7_Minf,1500,15,-1,1,15
XGBGraph,3417,0.668848373042352,0.10637545057249825,0.13150684931506848,6.603007555007935,questions,forest_fire,ff_b0.7_Minf,1500,15,-1,1,15
XGBoost,3417,0.5134483467210333,0.09381434295307109,0.12876712328767123,2.2029714584350586,questions,forest_fire,ff_b0.7_Minf,1500,15,-1,1,15
GCN,3417,0.6573882094345765,0.0629527774550078,0.12054794520547946,1.9672420024871826,questions,rwr,rwr_r0.1_M1,1500,15,1,1,9
GIN,3417,0.6723825872932679,0.10095363106286584,0.14794520547945206,1.371894359588623,questions,rwr,rwr_r0.1_M1,1500,15,1,1,9
GraphSAGE,3417,0.5857360387338985,0.07906121702812303,0.12876712328767123,3.4181406497955322,questions,rwr,rwr_r0.1_M1,1500,15,1,1,9
XGBGraph,3417,0.6802413480209369,0.18568840551279547,0.18082191780821918,5.517926216125488,questions,rwr,rwr_r0.1_M1,1500,15,1,1,9
XGBoost,3417,0.6702713404708744,0.15471625331830863,0.1643835616438356,2.036890745162964,questions,rwr,rwr_r0.1_M1,1500,15,1,1,9
GCN,3417,0.6822399211283996,0.10455072257067638,0.14520547945205478,2.6480350494384766,questions,rwr,rwr_r0.1_M2,1500,15,2,1,11
GIN,3417,0.7089179629146474,0.12164317284140314,0.1780821917808219,1.5426912307739258,questions,rwr,rwr_r0.1_M2,1500,15,2,1,11
GraphSAGE,3417,0.7296566222359729,0.1429999756710453,0.1917808219178082,2.625105857849121,questions,rwr,rwr_r0.1_M2,1500,15,2,1,11
XGBGraph,3417,0.7044939033822895,0.18523803890839136,0.19726027397260273,5.999359130859375,questions,rwr,rwr_r0.1_M2,1500,15,2,1,11
XGBoost,3417,0.565046558718475,0.1570462021561756,0.16164383561643836,2.392150402069092,questions,rwr,rwr_r0.1_M2,1500,15,2,1,11
GCN,3417,0.6650913511379353,0.07304252635289098,0.1178082191780822,2.094447135925293,questions,rwr,rwr_r0.15_M1,1500,15,1,1,6
GIN,3417,0.7047310261389166,0.09604461148209122,0.15616438356164383,1.482978105545044,questions,rwr,rwr_r0.15_M1,1500,15,1,1,6
GraphSAGE,3417,0.7266509123569356,0.12940153670129395,0.1726027397260274,2.1798782348632812,questions,rwr,rwr_r0.15_M1,1500,15,1,1,6
XGBGraph,3417,0.6985951573391456,0.18256961458288687,0.19452054794520549,5.154668092727661,questions,rwr,rwr_r0.15_M1,1500,15,1,1,6
XGBoost,3417,0.5653006517989698,0.13735015561760844,0.1780821917808219,1.9893755912780762,questions,rwr,rwr_r0.15_M1,1500,15,1,1,6
GCN,3417,0.6805925298250556,0.10436161744787834,0.1178082191780822,2.4789185523986816,questions,rwr,rwr_r0.15_M2,1500,15,2,1,11
GIN,3417,0.6959307010475424,0.09729966312244917,0.13972602739726028,1.7263507843017578,questions,rwr,rwr_r0.15_M2,1500,15,2,1,11
GraphSAGE,3417,0.6530287987550478,0.11395492139521803,0.1589041095890411,3.061194658279419,questions,rwr,rwr_r0.15_M2,1500,15,2,1,11
XGBGraph,3417,0.6967496634796322,0.18728196957269808,0.19452054794520549,5.8405492305755615,questions,rwr,rwr_r0.15_M2,1500,15,2,1,11
XGBoost,3417,0.5690210778349098,0.151372840536863,0.15616438356164383,2.1212174892425537,questions,rwr,rwr_r0.15_M2,1500,15,2,1,11
GCN,3417,0.6928167043400161,0.11173201314373976,0.13424657534246576,3.2593295574188232,questions,metis,metis_K5,,5,1,1,5
GIN,3417,0.6881876155886856,0.12472616998023753,0.16986301369863013,3.012531280517578,questions,metis,metis_K5,,5,1,1,5
GraphSAGE,3417,0.7221698233008318,0.15511221464802988,0.1863013698630137,4.560677528381348,questions,metis,metis_K5,,5,1,1,5
XGBGraph,3417,0.7056458074064497,0.19787334531428055,0.21095890410958903,10.696996450424194,questions,metis,metis_K5,,5,1,1,5
XGBoost,3417,0.5664892671359866,0.1493976242995881,0.16986301369863013,3.7008919715881348,questions,metis,metis_K5,,5,1,1,5
GCN,3417,0.678658143792902,0.10047180688513957,0.13424657534246576,2.7667534351348877,questions,metis,metis_K15,,15,1,1,15
GIN,3417,0.7018146702100395,0.13342583070856479,0.16986301369863013,2.6222290992736816,questions,metis,metis_K15,,15,1,1,15
GraphSAGE,3417,0.6925207049495623,0.15978930616923062,0.1863013698630137,6.770142316818237,questions,metis,metis_K15,,15,1,1,15
XGBGraph,3417,0.7071929929879084,0.20206877174509072,0.2273972602739726,11.452715158462524,questions,metis,metis_K15,,15,1,1,15
XGBoost,3417,0.5738975638926922,0.15530918001304203,0.18356164383561643,3.848928928375244,questions,metis,metis_K15,,15,1,1,15
GCN,3417,0.6454676536391531,0.059264556980900024,0.10136986301369863,2.3225460052490234,questions,uniform,uniform_K15,1500,15,-1,1,15
GIN,3417,0.6550468819627392,0.07255023773000793,0.11506849315068493,1.4485268592834473,questions,uniform,uniform_K15,1500,15,-1,1,15
GraphSAGE,3417,0.5814641348944491,0.06790875037487953,0.1232876712328767,1.7613468170166016,questions,uniform,uniform_K15,1500,15,-1,1,15
XGBGraph,3417,0.6547925579934843,0.14913095282399627,0.16712328767123288,2.2123680114746094,questions,uniform,uniform_K15,1500,15,-1,1,15
XGBoost,3417,0.6542400411905549,0.15381885868593131,0.14794520547945206,0.855316162109375,questions,uniform,uniform_K15,1500,15,-1,1,15
GCN,3417,0.6701457369853778,0.09753260727714025,0.13150684931506848,2.029174327850342,questions,bfs_partition,bfs_part_mn32,1500,0,1,1,1383
GIN,3417,0.685666541217107,0.10369215527591696,0.1506849315068493,1.8176219463348389,questions,bfs_partition,bfs_part_mn32,1500,0,1,1,1383
GraphSAGE,3417,0.709734039237236,0.12870811568018709,0.16986301369863013,2.872486114501953,questions,bfs_partition,bfs_part_mn32,1500,0,1,1,1383
XGBGraph,3417,0.6781871307222893,0.1945735179210329,0.2136986301369863,8.931842565536499,questions,bfs_partition,bfs_part_mn32,1500,0,1,1,1383
XGBoost,3417,0.5814989990972249,0.14944347759932292,0.15616438356164383,3.0627365112304688,questions,bfs_partition,bfs_part_mn32,1500,0,1,1,1383
GCN,3417,0.6255695448489873,0.04413713573769393,0.052054794520547946,2.4473509788513184,questions,bfs_snowball,bfs_snow_ts1500_mn8_dinf_M1,1500,15,1,1,6
GIN,3417,0.6691351368824016,0.05820208931855315,0.08493150684931507,1.775136947631836,questions,bfs_snowball,bfs_snow_ts1500_mn8_dinf_M1,1500,15,1,1,6
GraphSAGE,3417,0.6910510979914988,0.07565181401586413,0.13972602739726028,2.4539802074432373,questions,bfs_snowball,bfs_snow_ts1500_mn8_dinf_M1,1500,15,1,1,6
XGBGraph,3417,0.6840427005672937,0.12347876808182948,0.16164383561643836,5.036322116851807,questions,bfs_snowball,bfs_snow_ts1500_mn8_dinf_M1,1500,15,1,1,6
XGBoost,3417,0.549165337132223,0.0843807410754883,0.08767123287671233,1.8382782936096191,questions,bfs_snowball,bfs_snow_ts1500_mn8_dinf_M1,1500,15,1,1,6
GCN,3417,0.6656350941679807,0.07305989672335521,0.1232876712328767,2.585700511932373,questions,bfs_snowball,bfs_snow_ts1500_mn8_dinf_Minf,1500,15,-1,1,15
GIN,3417,0.7056605842870963,0.10797144193353193,0.16712328767123288,1.631089687347412,questions,bfs_snowball,bfs_snow_ts1500_mn8_dinf_Minf,1500,15,-1,1,15
GraphSAGE,3417,0.7214912412348855,0.14352767102635627,0.2136986301369863,3.6440443992614746,questions,bfs_snowball,bfs_snow_ts1500_mn8_dinf_Minf,1500,15,-1,1,15
XGBGraph,3417,0.6855065353063547,0.18969642264157965,0.19726027397260273,6.309683084487915,questions,bfs_snowball,bfs_snow_ts1500_mn8_dinf_Minf,1500,15,-1,1,15
XGBoost,3417,0.5834420434578824,0.1443013463111309,0.1780821917808219,2.5674285888671875,questions,bfs_snowball,bfs_snow_ts1500_mn8_dinf_Minf,1500,15,-1,1,15
GCN,3417,0.6434912458526607,0.07499146636782389,0.12602739726027398,3.4167537689208984,questions,bfs_snowball,bfs_snow_ts1500_mn16_dinf_M1,1500,15,1,1,5
GIN,3417,0.6688536834838343,0.09030514306170309,0.14794520547945206,2.211383819580078,questions,bfs_snowball,bfs_snow_ts1500_mn16_dinf_M1,1500,15,1,1,5
GraphSAGE,3417,0.6866284237917013,0.09971314493729821,0.16986301369863013,2.6026768684387207,questions,bfs_snowball,bfs_snow_ts1500_mn16_dinf_M1,1500,15,1,1,5
XGBGraph,3417,0.6802378846895354,0.14406575042051992,0.1726027397260274,4.939797878265381,questions,bfs_snowball,bfs_snow_ts1500_mn16_dinf_M1,1500,15,1,1,5
XGBoost,3417,0.5573377602404938,0.13209708274153728,0.1589041095890411,1.989994764328003,questions,bfs_snowball,bfs_snow_ts1500_mn16_dinf_M1,1500,15,1,1,5
GCN,3417,0.6673466725466337,0.06989911389248901,0.11506849315068493,2.289661407470703,questions,bfs_snowball,bfs_snow_ts1500_mn16_dinf_Minf,1500,15,-1,1,15
GIN,3417,0.7070857451588399,0.08490561602501273,0.136986301369863,1.6733603477478027,questions,bfs_snowball,bfs_snow_ts1500_mn16_dinf_Minf,1500,15,-1,1,15
GraphSAGE,3417,0.7011564063549822,0.12168391357486859,0.1780821917808219,3.714735746383667,questions,bfs_snowball,bfs_snow_ts1500_mn16_dinf_Minf,1500,15,-1,1,15
XGBGraph,3417,0.6789853131659698,0.1668054772038503,0.2,7.449621200561523,questions,bfs_snowball,bfs_snow_ts1500_mn16_dinf_Minf,1500,15,-1,1,15
XGBoost,3417,0.5735299889866061,0.13043895144542694,0.18356164383561643,2.7087392807006836,questions,bfs_snowball,bfs_snow_ts1500_mn16_dinf_Minf,1500,15,-1,1,15
GCN,3417,0.6579355312404036,0.08261124151149629,0.11232876712328767,2.689901113510132,questions,bfs_snowball,bfs_snow_ts1500_mn32_dinf_M1,1500,15,1,1,8
GIN,3417,0.6837607853912064,0.07509317956352982,0.13424657534246576,1.7073090076446533,questions,bfs_snowball,bfs_snow_ts1500_mn32_dinf_M1,1500,15,1,1,8
GraphSAGE,3417,0.6753127965477512,0.10513125987517728,0.16986301369863013,2.735630512237549,questions,bfs_snowball,bfs_snow_ts1500_mn32_dinf_M1,1500,15,1,1,8
XGBGraph,3417,0.6496896855064198,0.17109701909540162,0.18082191780821918,6.385436058044434,questions,bfs_snowball,bfs_snow_ts1500_mn32_dinf_M1,1500,15,1,1,8
XGBoost,3417,0.5434625002020277,0.14142491940511004,0.14794520547945206,2.3569538593292236,questions,bfs_snowball,bfs_snow_ts1500_mn32_dinf_M1,1500,15,1,1,8
GCN,3417,0.6679176604503717,0.09185175305017373,0.10410958904109589,2.473572254180908,questions,bfs_snowball,bfs_snow_ts1500_mn32_dinf_Minf,1500,15,-1,1,15
GIN,3417,0.7031210388147096,0.09045671922499512,0.13972602739726028,1.5909805297851562,questions,bfs_snowball,bfs_snow_ts1500_mn32_dinf_Minf,1500,15,-1,1,15
GraphSAGE,3417,0.7166485803804585,0.1113605500803433,0.1780821917808219,3.4402287006378174,questions,bfs_snowball,bfs_snow_ts1500_mn32_dinf_Minf,1500,15,-1,1,15
XGBGraph,3417,0.6686528102625436,0.17102549605637693,0.18082191780821918,6.508523225784302,questions,bfs_snowball,bfs_snow_ts1500_mn32_dinf_Minf,1500,15,-1,1,15
XGBoost,3417,0.569142987100245,0.15258011514880454,0.18082191780821918,2.7723803520202637,questions,bfs_snowball,bfs_snow_ts1500_mn32_dinf_Minf,1500,15,-1,1,15
GCN,3417,0.5094141428601114,0.030061472115358034,0.030136986301369864,1.9998102188110352,questions,bfs_snowball,bfs_snow_tsinf_mn8_d2_M1,,15,1,1,15
GIN,3417,0.5349221558545308,0.03426082354441971,0.030136986301369864,1.8082892894744873,questions,bfs_snowball,bfs_snow_tsinf_mn8_d2_M1,,15,1,1,15
GraphSAGE,3417,0.6634283748432842,0.06487443478260028,0.11232876712328767,1.511582374572754,questions,bfs_snowball,bfs_snow_tsinf_mn8_d2_M1,,15,1,1,15
XGBGraph,3417,0.6117521224449274,0.05224311947807289,0.07945205479452055,0.5010192394256592,questions,bfs_snowball,bfs_snow_tsinf_mn8_d2_M1,,15,1,1,15
XGBoost,3417,0.5805450821848541,0.05057456192193656,0.06301369863013699,0.2707638740539551,questions,bfs_snowball,bfs_snow_tsinf_mn8_d2_M1,,15,1,1,15
GCN,3417,0.5659242823400115,0.0382513597267455,0.049315068493150684,1.623150110244751,questions,bfs_snowball,bfs_snow_tsinf_mn16_d2_M1,,15,1,1,15
GIN,3417,0.6182941245737217,0.051114004391425466,0.09863013698630137,1.5820152759552002,questions,bfs_snowball,bfs_snow_tsinf_mn16_d2_M1,,15,1,1,15
GraphSAGE,3417,0.5925140091755193,0.06653553743855185,0.1589041095890411,1.7954740524291992,questions,bfs_snowball,bfs_snow_tsinf_mn16_d2_M1,,15,1,1,15
XGBGraph,3417,0.6084825067130908,0.05292258913559042,0.08767123287671233,0.7868478298187256,questions,bfs_snowball,bfs_snow_tsinf_mn16_d2_M1,,15,1,1,15
XGBoost,3417,0.6215592379747361,0.08654775054412063,0.0958904109589041,0.3667452335357666,questions,bfs_snowball,bfs_snow_tsinf_mn16_d2_M1,,15,1,1,15
GCN,3417,0.5339063607544521,0.032385101068179024,0.038356164383561646,2.5114223957061768,questions,bfs_snowball,bfs_snow_tsinf_mn8_d3_M1,,15,1,1,12
GIN,3417,0.5469430328162195,0.03672447511702494,0.043835616438356165,1.6144599914550781,questions,bfs_snowball,bfs_snow_tsinf_mn8_d3_M1,,15,1,1,12
GraphSAGE,3417,0.6694254794982325,0.06803409744855682,0.10410958904109589,1.5012805461883545,questions,bfs_snowball,bfs_snow_tsinf_mn8_d3_M1,,15,1,1,12
XGBGraph,3417,0.5881081898552097,0.04560068499270873,0.0547945205479452,1.6504344940185547,questions,bfs_snowball,bfs_snow_tsinf_mn8_d3_M1,,15,1,1,12
XGBoost,3417,0.5927500929327258,0.05235956308920513,0.09315068493150686,0.5827126502990723,questions,bfs_snowball,bfs_snow_tsinf_mn8_d3_M1,,15,1,1,12
GCN,3417,0.6319816720502229,0.048757778526518726,0.07123287671232877,2.412428617477417,questions,bfs_snowball,bfs_snow_tsinf_mn16_d3_M1,,15,1,1,11
GIN,3417,0.6558364060779156,0.05435768573216182,0.07397260273972603,1.4327404499053955,questions,bfs_snowball,bfs_snow_tsinf_mn16_d3_M1,,15,1,1,11
GraphSAGE,3417,0.6297981570459168,0.07014495049839263,0.11506849315068493,2.526806116104126,questions,bfs_snowball,bfs_snow_tsinf_mn16_d3_M1,,15,1,1,11
XGBGraph,3417,0.6577423927925764,0.10949864466569385,0.15616438356164383,3.509935140609741,questions,bfs_snowball,bfs_snow_tsinf_mn16_d3_M1,,15,1,1,11
XGBoost,3417,0.6405010055205502,0.09920684468463281,0.1095890410958904,1.22479248046875,questions,bfs_snowball,bfs_snow_tsinf_mn16_d3_M1,,15,1,1,11
GCN,3417,0.6564406419631086,0.05548527242728997,0.09041095890410959,2.1657626628875732,questions,bfs_snowball,bfs_snow_ts1500_mn8_d4_M1,1500,15,1,1,11
GIN,3417,0.6772647301256727,0.06048018616104033,0.0958904109589041,1.4205358028411865,questions,bfs_snowball,bfs_snow_ts1500_mn8_d4_M1,1500,15,1,1,11
GraphSAGE,3417,0.6834242650233544,0.07991753654011195,0.15616438356164383,1.8230149745941162,questions,bfs_snowball,bfs_snow_ts1500_mn8_d4_M1,1500,15,1,1,11
XGBGraph,3417,0.6661580572096168,0.16125558981613292,0.18356164383561643,3.3148555755615234,questions,bfs_snowball,bfs_snow_ts1500_mn8_d4_M1,1500,15,1,1,11
XGBoost,3417,0.6362913262019492,0.14708368765921723,0.17534246575342466,1.2563879489898682,questions,bfs_snowball,bfs_snow_ts1500_mn8_d4_M1,1500,15,1,1,11
GCN,3417,0.6373484503900866,0.050579629831008235,0.0821917808219178,2.279165267944336,questions,bfs_snowball,bfs_snow_ts1500_mn16_d4_M1,1500,15,1,1,10
GIN,3417,0.6316681251140013,0.05304066234007898,0.09041095890410959,1.4466655254364014,questions,bfs_snowball,bfs_snow_ts1500_mn16_d4_M1,1500,15,1,1,10
GraphSAGE,3417,0.6926363802183746,0.07177108938043869,0.11506849315068493,1.8824801445007324,questions,bfs_snowball,bfs_snow_ts1500_mn16_d4_M1,1500,15,1,1,10
XGBGraph,3417,0.6691081228974692,0.0844361599918969,0.09863013698630137,3.3454437255859375,questions,bfs_snowball,bfs_snow_ts1500_mn16_d4_M1,1500,15,1,1,10
XGBoost,3417,0.6750831776758275,0.11545767550735782,0.12054794520547946,1.264415979385376,questions,bfs_snowball,bfs_snow_ts1500_mn16_d4_M1,1500,15,1,1,10
GCN,3427,0.6445727288049892,0.07383875946666757,0.10136986301369863,2.184213161468506,questions,forest_fire,ff_b0.3_M1,1500,15,1,2,8
GIN,3427,0.6459970815660723,0.07155979530126415,0.11232876712328767,1.4162945747375488,questions,forest_fire,ff_b0.3_M1,1500,15,1,2,8
GraphSAGE,3427,0.683868610442175,0.08637865073679837,0.1506849315068493,1.9731812477111816,questions,forest_fire,ff_b0.3_M1,1500,15,1,2,8
XGBGraph,3427,0.6683094786762686,0.16334983017006502,0.1643835616438356,6.301811695098877,questions,forest_fire,ff_b0.3_M1,1500,15,1,2,8
XGBoost,3427,0.63808671720052,0.14474327026873018,0.14520547945205478,2.4261276721954346,questions,forest_fire,ff_b0.3_M1,1500,15,1,2,8
GCN,3427,0.6345232955214508,0.05582379313517312,0.10410958904109589,2.9338903427124023,questions,forest_fire,ff_b0.3_M2,1500,15,2,2,9
GIN,3427,0.6487956842272962,0.06860833685327677,0.11232876712328767,2.002808094024658,questions,forest_fire,ff_b0.3_M2,1500,15,2,2,9
GraphSAGE,3427,0.6809495992925567,0.09956681954283816,0.12876712328767123,1.8485279083251953,questions,forest_fire,ff_b0.3_M2,1500,15,2,2,9
XGBGraph,3427,0.6531580964607062,0.16405359642589606,0.1726027397260274,5.935168027877808,questions,forest_fire,ff_b0.3_M2,1500,15,2,2,9
XGBoost,3427,0.5709148274452851,0.14403425295323818,0.1726027397260274,2.335251569747925,questions,forest_fire,ff_b0.3_M2,1500,15,2,2,9
GCN,3427,0.6368795153183149,0.07717444220460462,0.11506849315068493,2.454275608062744,questions,forest_fire,ff_b0.3_Minf,1500,15,-1,2,15
GIN,3427,0.651902292494499,0.07119404184886614,0.12054794520547946,1.7224147319793701,questions,forest_fire,ff_b0.3_Minf,1500,15,-1,2,15
GraphSAGE,3427,0.6800661034520179,0.1015294751158138,0.1726027397260274,3.6718571186065674,questions,forest_fire,ff_b0.3_Minf,1500,15,-1,2,15
XGBGraph,3427,0.6521294870344416,0.1626361465254531,0.15342465753424658,6.195276498794556,questions,forest_fire,ff_b0.3_Minf,1500,15,-1,2,15
XGBoost,3427,0.5641206947904569,0.1306121940727894,0.15342465753424658,2.6023647785186768,questions,forest_fire,ff_b0.3_Minf,1500,15,-1,2,15
GCN,3427,0.6413017277405918,0.07897531473342033,0.11232876712328767,2.072495698928833,questions,forest_fire,ff_b0.5_M1,1500,15,1,2,7
GIN,3427,0.6469283713799528,0.06977545123440684,0.12602739726027398,1.4710025787353516,questions,forest_fire,ff_b0.5_M1,1500,15,1,2,7
GraphSAGE,3427,0.6204749843572865,0.11064142417972422,0.15342465753424658,2.9947173595428467,questions,forest_fire,ff_b0.5_M1,1500,15,1,2,7
XGBGraph,3427,0.6499198816002438,0.15035652640492814,0.15616438356164383,4.6387763023376465,questions,forest_fire,ff_b0.5_M1,1500,15,1,2,7
XGBoost,3427,0.5663503875467838,0.12525556899204915,0.13424657534246576,2.0261471271514893,questions,forest_fire,ff_b0.5_M1,1500,15,1,2,7
GCN,3427,0.6300170395904957,0.06637203355604869,0.09863013698630137,3.3498547077178955,questions,forest_fire,ff_b0.5_M2,1500,15,2,2,9
GIN,3427,0.665416327067782,0.0722654217485833,0.12876712328767123,1.8416311740875244,questions,forest_fire,ff_b0.5_M2,1500,15,2,2,9
GraphSAGE,3427,0.6716821862394917,0.11015311956432047,0.15616438356164383,2.7727129459381104,questions,forest_fire,ff_b0.5_M2,1500,15,2,2,9
XGBGraph,3427,0.6790571195703622,0.17938675908086274,0.1917808219178082,5.9318764209747314,questions,forest_fire,ff_b0.5_M2,1500,15,2,2,9
XGBoost,3427,0.5849984645897452,0.1471294182645759,0.1780821917808219,2.4755120277404785,questions,forest_fire,ff_b0.5_M2,1500,15,2,2,9
GCN,3427,0.6223921691768123,0.08613076481575543,0.11506849315068493,2.7328457832336426,questions,forest_fire,ff_b0.5_Minf,1500,15,-1,2,15
GIN,3427,0.6432102542316138,0.05731494140438259,0.08493150684931507,1.5745384693145752,questions,forest_fire,ff_b0.5_Minf,1500,15,-1,2,15
GraphSAGE,3427,0.6451668055847373,0.08154713433097655,0.14246575342465753,4.299855470657349,questions,forest_fire,ff_b0.5_Minf,1500,15,-1,2,15
XGBGraph,3427,0.6404061102401474,0.1611728092284675,0.20821917808219179,5.924779653549194,questions,forest_fire,ff_b0.5_Minf,1500,15,-1,2,15
XGBoost,3427,0.5543446337988821,0.10967108886954809,0.14246575342465753,2.442469835281372,questions,forest_fire,ff_b0.5_Minf,1500,15,-1,2,15
GCN,3427,0.6542264187537087,0.08324272441872485,0.1232876712328767,2.044964075088501,questions,forest_fire,ff_b0.7_M1,1500,15,1,2,8
GIN,3427,0.6617593954408706,0.0816987778793595,0.1095890410958904,1.3800263404846191,questions,forest_fire,ff_b0.7_M1,1500,15,1,2,8
GraphSAGE,3427,0.6630803100374271,0.10344300257127176,0.136986301369863,1.8050739765167236,questions,forest_fire,ff_b0.7_M1,1500,15,1,2,8
XGBGraph,3427,0.6725998536165261,0.17030749640122791,0.18904109589041096,6.027459621429443,questions,forest_fire,ff_b0.7_M1,1500,15,1,2,8
XGBoost,3427,0.5900513496602471,0.1402587718041797,0.16164383561643836,2.4151272773742676,questions,forest_fire,ff_b0.7_M1,1500,15,1,2,8
GCN,3427,0.654844969742028,0.06483403695781244,0.0958904109589041,2.172414541244507,questions,forest_fire,ff_b0.7_M2,1500,15,2,2,12
GIN,3427,0.644519624390165,0.06304647261478036,0.10684931506849316,1.4645617008209229,questions,forest_fire,ff_b0.7_M2,1500,15,2,2,12
GraphSAGE,3427,0.6897329540600634,0.09651996524905755,0.14246575342465753,2.475053310394287,questions,forest_fire,ff_b0.7_M2,1500,15,2,2,12
XGBGraph,3427,0.6600401977331342,0.16573434838537907,0.1726027397260274,6.639256238937378,questions,forest_fire,ff_b0.7_M2,1500,15,2,2,12
XGBoost,3427,0.565194673858082,0.1360327860454372,0.15616438356164383,2.72416090965271,questions,forest_fire,ff_b0.7_M2,1500,15,2,2,12
GCN,3427,0.6555064660397267,0.09793375235349248,0.12876712328767123,2.671928644180298,questions,forest_fire,ff_b0.7_Minf,1500,15,-1,2,15
GIN,3427,0.6468883121800748,0.07310890218662827,0.11506849315068493,2.05631422996521,questions,forest_fire,ff_b0.7_Minf,1500,15,-1,2,15
GraphSAGE,3427,0.6647617574328863,0.10151909301101601,0.14246575342465753,2.949613571166992,questions,forest_fire,ff_b0.7_Minf,1500,15,-1,2,15
XGBGraph,3427,0.6721304567672342,0.1787191495999806,0.19726027397260273,5.612063407897949,questions,forest_fire,ff_b0.7_Minf,1500,15,-1,2,15
XGBoost,3427,0.5662796201418119,0.14545046437891498,0.15342465753424658,2.4849913120269775,questions,forest_fire,ff_b0.7_Minf,1500,15,-1,2,15
GCN,3427,0.6365770510425781,0.07184634857173697,0.09315068493150686,1.8456318378448486,questions,rwr,rwr_r0.1_M1,1500,15,1,2,7
GIN,3427,0.6523682260123895,0.07719397193625635,0.10410958904109589,1.583836317062378,questions,rwr,rwr_r0.1_M1,1500,15,1,2,7
GraphSAGE,3427,0.6784863625553845,0.08968137550633799,0.16164383561643836,2.3972995281219482,questions,rwr,rwr_r0.1_M1,1500,15,1,2,7
XGBGraph,3427,0.6625638118810738,0.16969955853313134,0.1726027397260274,5.2105712890625,questions,rwr,rwr_r0.1_M1,1500,15,1,2,7
XGBoost,3427,0.561676390931613,0.12862820316453458,0.15342465753424658,1.9641687870025635,questions,rwr,rwr_r0.1_M1,1500,15,1,2,7
GCN,3427,0.6509036986070481,0.07701477362971272,0.11232876712328767,2.212146282196045,questions,rwr,rwr_r0.1_M2,1500,15,2,2,9
GIN,3427,0.6649936851924112,0.07751338196123678,0.11232876712328767,1.658252477645874,questions,rwr,rwr_r0.1_M2,1500,15,2,2,9
GraphSAGE,3427,0.6878844586466687,0.099091721832481,0.18356164383561643,2.6397199630737305,questions,rwr,rwr_r0.1_M2,1500,15,2,2,9
XGBGraph,3427,0.6771855352809569,0.17317203335009346,0.18904109589041096,5.869870662689209,questions,rwr,rwr_r0.1_M2,1500,15,2,2,9
XGBoost,3427,0.6566128849781464,0.14666999529986918,0.1589041095890411,2.710784435272217,questions,rwr,rwr_r0.1_M2,1500,15,2,2,9
GCN,3427,0.629599130934707,0.07022433997211731,0.09315068493150686,1.885382890701294,questions,rwr,rwr_r0.15_M1,1500,15,1,2,8
GIN,3427,0.6451425622649265,0.07266826747260685,0.09315068493150686,1.2820076942443848,questions,rwr,rwr_r0.15_M1,1500,15,1,2,8
GraphSAGE,3427,0.6765067223262505,0.0880243975992937,0.136986301369863,2.0676045417785645,questions,rwr,rwr_r0.15_M1,1500,15,1,2,8
XGBGraph,3427,0.64902564943236,0.15049636741356434,0.1589041095890411,5.509078502655029,questions,rwr,rwr_r0.15_M1,1500,15,1,2,8
XGBoost,3427,0.5445851967980346,0.12465699619438228,0.13972602739726028,2.2827749252319336,questions,rwr,rwr_r0.15_M1,1500,15,1,2,8
GCN,3427,0.6409151045117971,0.07823604073266964,0.11232876712328767,3.130598545074463,questions,rwr,rwr_r0.15_M2,1500,15,2,2,11
GIN,3427,0.6653524863256133,0.08987856937397615,0.13150684931506848,1.7315869331359863,questions,rwr,rwr_r0.15_M2,1500,15,2,2,11
GraphSAGE,3427,0.6888200199026111,0.1022633333266168,0.13972602739726028,2.015131950378418,questions,rwr,rwr_r0.15_M2,1500,15,2,2,11
XGBGraph,3427,0.685205918140699,0.17458174101787513,0.18082191780821918,7.5153515338897705,questions,rwr,rwr_r0.15_M2,1500,15,2,2,11
XGBoost,3427,0.5548882613845476,0.13115826557035823,0.14520547945205478,2.457125186920166,questions,rwr,rwr_r0.15_M2,1500,15,2,2,11
GCN,3427,0.6726845897914844,0.09252765669701413,0.12876712328767123,2.967113494873047,questions,metis,metis_K5,,5,1,2,5
GIN,3427,0.6767764003980522,0.10556572004491646,0.14246575342465753,1.9597182273864746,questions,metis,metis_K5,,5,1,2,5
GraphSAGE,3427,0.7051355432466193,0.1633638923982479,0.19726027397260273,4.579499244689941,questions,metis,metis_K5,,5,1,2,5
XGBGraph,3427,0.6755982904996203,0.17601952532700804,0.18356164383561643,12.256618976593018,questions,metis,metis_K5,,5,1,2,5
XGBoost,3427,0.5841731527167526,0.15095583338617533,0.17534246575342466,4.220265626907349,questions,metis,metis_K5,,5,1,2,5
GCN,3427,0.6586856888219825,0.08667581423362072,0.13972602739726028,3.222151041030884,questions,metis,metis_K15,,15,1,2,15
GIN,3427,0.673210554387002,0.1027433745827929,0.13150684931506848,2.1129462718963623,questions,metis,metis_K15,,15,1,2,15
GraphSAGE,3427,0.7236717546853102,0.14701696628479952,0.17534246575342466,4.538662672042847,questions,metis,metis_K15,,15,1,2,15
XGBGraph,3427,0.7047116314830677,0.19264991719881036,0.20821917808219179,11.640880584716797,questions,metis,metis_K15,,15,1,2,15
XGBoost,3427,0.58527449210245,0.14778785015199086,0.16712328767123288,4.011913299560547,questions,metis,metis_K15,,15,1,2,15
GCN,3427,0.5307614249530719,0.0357194473554605,0.043835616438356165,2.7859084606170654,questions,uniform,uniform_K15,1500,15,-1,2,15
GIN,3427,0.6160555426001306,0.07137624941691159,0.1178082191780822,1.0952672958374023,questions,uniform,uniform_K15,1500,15,-1,2,15
GraphSAGE,3427,0.5160196393979344,0.049507509713487934,0.07945205479452055,1.7932109832763672,questions,uniform,uniform_K15,1500,15,-1,2,15
XGBGraph,3427,0.6212961402325974,0.09013340288468687,0.09041095890410959,2.1773242950439453,questions,uniform,uniform_K15,1500,15,-1,2,15
XGBoost,3427,0.5399541454922433,0.0948782791011437,0.0958904109589041,1.4515995979309082,questions,uniform,uniform_K15,1500,15,-1,2,15
GCN,3427,0.6678330397197935,0.09685621965947681,0.11506849315068493,2.1825101375579834,questions,bfs_partition,bfs_part_mn32,1500,0,1,2,1315
GIN,3427,0.6675777921954981,0.08930536848242562,0.13972602739726028,1.5305049419403076,questions,bfs_partition,bfs_part_mn32,1500,0,1,2,1315
GraphSAGE,3427,0.6977152402743882,0.09825167337692071,0.15616438356164383,2.6243364810943604,questions,bfs_partition,bfs_part_mn32,1500,0,1,2,1315
XGBGraph,3427,0.6896328637825582,0.1802129638687735,0.18356164383561643,6.169037818908691,questions,bfs_partition,bfs_part_mn32,1500,0,1,2,1315
XGBoost,3427,0.5770273764802856,0.14027732054422584,0.15342465753424658,3.0856709480285645,questions,bfs_partition,bfs_part_mn32,1500,0,1,2,1315
GCN,3427,0.6451451020412875,0.08113761639667955,0.1095890410958904,1.9557318687438965,questions,bfs_snowball,bfs_snow_ts1500_mn8_dinf_M1,1500,15,1,2,7
GIN,3427,0.6537560983493763,0.08763668544168825,0.1178082191780822,1.2793834209442139,questions,bfs_snowball,bfs_snow_ts1500_mn8_dinf_M1,1500,15,1,2,7
GraphSAGE,3427,0.6553365319122899,0.12013171342113634,0.18356164383561643,2.6939449310302734,questions,bfs_snowball,bfs_snow_ts1500_mn8_dinf_M1,1500,15,1,2,7
XGBGraph,3427,0.6613365226767396,0.1741759641216821,0.18904109589041096,6.221194267272949,questions,bfs_snowball,bfs_snow_ts1500_mn8_dinf_M1,1500,15,1,2,7
XGBoost,3427,0.5539942601054239,0.13410977416913633,0.13972602739726028,2.2577855587005615,questions,bfs_snowball,bfs_snow_ts1500_mn8_dinf_M1,1500,15,1,2,7
GCN,3427,0.6243637282993427,0.06751292125483749,0.09863013698630137,3.4921493530273438,questions,bfs_snowball,bfs_snow_ts1500_mn8_dinf_Minf,1500,15,-1,2,15
GIN,3427,0.6481298010431553,0.08083927083135342,0.12054794520547946,1.7934770584106445,questions,bfs_snowball,bfs_snow_ts1500_mn8_dinf_Minf,1500,15,-1,2,15
GraphSAGE,3427,0.6467924933446315,0.11628329458936415,0.16712328767123288,3.5072855949401855,questions,bfs_snowball,bfs_snow_ts1500_mn8_dinf_Minf,1500,15,-1,2,15
XGBGraph,3427,0.6555655735623134,0.15271115834172794,0.1589041095890411,7.019292831420898,questions,bfs_snowball,bfs_snow_ts1500_mn8_dinf_Minf,1500,15,-1,2,15
XGBoost,3427,0.5553671246730039,0.15751177785251363,0.1863013698630137,2.444701910018921,questions,bfs_snowball,bfs_snow_ts1500_mn8_dinf_Minf,1500,15,-1,2,15
GCN,3427,0.6242166521591562,0.05770164158892421,0.08767123287671233,3.0147504806518555,questions,bfs_snowball,bfs_snow_ts1500_mn16_dinf_M1,1500,15,1,2,8
GIN,3427,0.6510334580902268,0.06627000202207119,0.10136986301369863,1.542492151260376,questions,bfs_snowball,bfs_snow_ts1500_mn16_dinf_M1,1500,15,1,2,8
GraphSAGE,3427,0.6784798976701016,0.09958298736671042,0.13972602739726028,1.6684660911560059,questions,bfs_snowball,bfs_snow_ts1500_mn16_dinf_M1,1500,15,1,2,8
XGBGraph,3427,0.66233396212039,0.16043885068550456,0.17534246575342466,5.401906490325928,questions,bfs_snowball,bfs_snow_ts1500_mn16_dinf_M1,1500,15,1,2,8
XGBoost,3427,0.564674481481567,0.1200552641932949,0.15616438356164383,2.1997549533843994,questions,bfs_snowball,bfs_snow_ts1500_mn16_dinf_M1,1500,15,1,2,8
GCN,3427,0.6330125903640885,0.05166926270885181,0.0684931506849315,3.823139190673828,questions,bfs_snowball,bfs_snow_ts1500_mn16_dinf_Minf,1500,15,-1,2,15
GIN,3427,0.662945009224006,0.06685703056754162,0.11506849315068493,1.8124194145202637,questions,bfs_snowball,bfs_snow_ts1500_mn16_dinf_Minf,1500,15,-1,2,15
GraphSAGE,3427,0.6807256371952557,0.0826087135582102,0.136986301369863,2.7102317810058594,questions,bfs_snowball,bfs_snow_ts1500_mn16_dinf_Minf,1500,15,-1,2,15
XGBGraph,3427,0.6529325181420843,0.16810322641122252,0.18904109589041096,6.761316537857056,questions,bfs_snowball,bfs_snow_ts1500_mn16_dinf_Minf,1500,15,-1,2,15
XGBoost,3427,0.5723033924485521,0.1339475066603854,0.1643835616438356,2.232489824295044,questions,bfs_snowball,bfs_snow_ts1500_mn16_dinf_Minf,1500,15,-1,2,15
GCN,3427,0.6394119032391383,0.07934386321714569,0.09863013698630137,2.398263454437256,questions,bfs_snowball,bfs_snow_ts1500_mn32_dinf_M1,1500,15,1,2,7
GIN,3427,0.6513964152211107,0.08427464839853187,0.11506849315068493,1.4739904403686523,questions,bfs_snowball,bfs_snow_ts1500_mn32_dinf_M1,1500,15,1,2,7
GraphSAGE,3427,0.6507115991586413,0.08427910312167429,0.14246575342465753,2.1352944374084473,questions,bfs_snowball,bfs_snow_ts1500_mn32_dinf_M1,1500,15,1,2,7
XGBGraph,3427,0.6687860330771238,0.1717881890746075,0.18356164383561643,5.957811594009399,questions,bfs_snowball,bfs_snow_ts1500_mn32_dinf_M1,1500,15,1,2,7
XGBoost,3427,0.6635185369041049,0.15829364068558757,0.16712328767123288,2.4278979301452637,questions,bfs_snowball,bfs_snow_ts1500_mn32_dinf_M1,1500,15,1,2,7
GCN,3427,0.6054057985403214,0.08194012819191492,0.09041095890410959,4.054742097854614,questions,bfs_snowball,bfs_snow_ts1500_mn32_dinf_Minf,1500,15,-1,2,15
GIN,3427,0.646133883156434,0.07466288300153438,0.11232876712328767,2.3979310989379883,questions,bfs_snowball,bfs_snow_ts1500_mn32_dinf_Minf,1500,15,-1,2,15
GraphSAGE,3427,0.6350568794460517,0.08869397396123067,0.13150684931506848,4.4822704792022705,questions,bfs_snowball,bfs_snow_ts1500_mn32_dinf_Minf,1500,15,-1,2,15
XGBGraph,3427,0.681981787494603,0.16326437866325877,0.1780821917808219,6.9710657596588135,questions,bfs_snowball,bfs_snow_ts1500_mn32_dinf_Minf,1500,15,-1,2,15
XGBoost,3427,0.5615532117780975,0.13646503465301227,0.15342465753424658,2.4168407917022705,questions,bfs_snowball,bfs_snow_ts1500_mn32_dinf_Minf,1500,15,-1,2,15
GCN,3427,0.5296688593402585,0.03713687152283121,0.052054794520547946,1.6725869178771973,questions,bfs_snowball,bfs_snow_tsinf_mn8_d2_M1,,15,1,2,15
GIN,3427,0.47368884045355786,0.02765182071883831,0.0136986301369863,1.7573826313018799,questions,bfs_snowball,bfs_snow_tsinf_mn8_d2_M1,,15,1,2,15
GraphSAGE,3427,0.3978840199580244,0.024110509573586757,0.01643835616438356,1.5047335624694824,questions,bfs_snowball,bfs_snow_tsinf_mn8_d2_M1,,15,1,2,15
XGBGraph,3427,0.5422139692317638,0.034518318090827976,0.03561643835616438,0.5539860725402832,questions,bfs_snowball,bfs_snow_tsinf_mn8_d2_M1,,15,1,2,15
XGBoost,3427,0.5265157269878945,0.03138055321952345,0.038356164383561646,0.2919306755065918,questions,bfs_snowball,bfs_snow_tsinf_mn8_d2_M1,,15,1,2,15
GCN,3427,0.5193903844066967,0.03111389370748827,0.0273972602739726,2.4410648345947266,questions,bfs_snowball,bfs_snow_tsinf_mn16_d2_M1,,15,1,2,15
GIN,3427,0.5474416370936647,0.03506736125006821,0.04657534246575343,1.2422430515289307,questions,bfs_snowball,bfs_snow_tsinf_mn16_d2_M1,,15,1,2,15
GraphSAGE,3427,0.4556418822975279,0.02941040800678256,0.03287671232876712,2.852008819580078,questions,bfs_snowball,bfs_snow_tsinf_mn16_d2_M1,,15,1,2,15
XGBGraph,3427,0.5638017219683729,0.049111039929351785,0.0684931506849315,0.8185873031616211,questions,bfs_snowball,bfs_snow_tsinf_mn16_d2_M1,,15,1,2,15
XGBoost,3427,0.5891326432837922,0.06284328571513635,0.07945205479452055,0.3877120018005371,questions,bfs_snowball,bfs_snow_tsinf_mn16_d2_M1,,15,1,2,15
GCN,3427,0.5842204849125741,0.037492841614603034,0.043835616438356165,2.212036371231079,questions,bfs_snowball,bfs_snow_tsinf_mn8_d3_M1,,15,1,2,12
GIN,3427,0.5480974766167408,0.036438421168804754,0.0410958904109589,1.5461676120758057,questions,bfs_snowball,bfs_snow_tsinf_mn8_d3_M1,,15,1,2,12
GraphSAGE,3427,0.5639052755772797,0.04078040588301532,0.0684931506849315,1.937474250793457,questions,bfs_snowball,bfs_snow_tsinf_mn8_d3_M1,,15,1,2,12
XGBGraph,3427,0.5834867204329626,0.06480469412260026,0.09041095890410959,1.623927354812622,questions,bfs_snowball,bfs_snow_tsinf_mn8_d3_M1,,15,1,2,12
XGBoost,3427,0.5760471382492629,0.08437198081782668,0.08493150684931507,0.5495576858520508,questions,bfs_snowball,bfs_snow_tsinf_mn8_d3_M1,,15,1,2,12
GCN,3427,0.5821692691678075,0.03762284338366674,0.024657534246575342,2.076509714126587,questions,bfs_snowball,bfs_snow_tsinf_mn16_d3_M1,,15,1,2,11
GIN,3427,0.6375705653773069,0.048327528679130295,0.06027397260273973,1.4280130863189697,questions,bfs_snowball,bfs_snow_tsinf_mn16_d3_M1,,15,1,2,11
GraphSAGE,3427,0.6835451352892691,0.06526320939392302,0.09041095890410959,1.6055214405059814,questions,bfs_snowball,bfs_snow_tsinf_mn16_d3_M1,,15,1,2,11
XGBGraph,3427,0.6165452576603119,0.0874022251596645,0.09315068493150686,2.754528760910034,questions,bfs_snowball,bfs_snow_tsinf_mn16_d3_M1,,15,1,2,11
XGBoost,3427,0.5059893698814848,0.07188969803559574,0.08493150684931507,1.1157257556915283,questions,bfs_snowball,bfs_snow_tsinf_mn16_d3_M1,,15,1,2,11
GCN,3427,0.6171743140872159,0.06332296739887239,0.08493150684931507,2.1911542415618896,questions,bfs_snowball,bfs_snow_ts1500_mn8_d4_M1,1500,15,1,2,13
GIN,3427,0.6372715644329718,0.05305444182201876,0.07945205479452055,1.7833116054534912,questions,bfs_snowball,bfs_snow_ts1500_mn8_d4_M1,1500,15,1,2,13
GraphSAGE,3427,0.6538339078615314,0.07065202442961717,0.12054794520547946,1.4650812149047852,questions,bfs_snowball,bfs_snow_ts1500_mn8_d4_M1,1500,15,1,2,13
XGBGraph,3427,0.6543760346702562,0.14899350152736288,0.15342465753424658,3.3969874382019043,questions,bfs_snowball,bfs_snow_ts1500_mn8_d4_M1,1500,15,1,2,13
XGBoost,3427,0.6249057396636875,0.12802317887170106,0.15342465753424658,1.2975273132324219,questions,bfs_snowball,bfs_snow_ts1500_mn8_d4_M1,1500,15,1,2,13
GCN,3427,0.5898153813474205,0.04109406140435305,0.049315068493150684,2.019857883453369,questions,bfs_snowball,bfs_snow_ts1500_mn16_d4_M1,1500,15,1,2,7
GIN,3427,0.6145059326866908,0.04317961643513087,0.04657534246575343,1.7232234477996826,questions,bfs_snowball,bfs_snow_ts1500_mn16_d4_M1,1500,15,1,2,7
GraphSAGE,3427,0.6603943810911341,0.06202768657246939,0.09041095890410959,1.4589054584503174,questions,bfs_snowball,bfs_snow_ts1500_mn16_d4_M1,1500,15,1,2,7
XGBGraph,3427,0.6392364277814592,0.09425335120970513,0.10410958904109589,3.2847070693969727,questions,bfs_snowball,bfs_snow_ts1500_mn16_d4_M1,1500,15,1,2,7
XGBoost,3427,0.6193276981083284,0.09548601050808295,0.10410958904109589,1.3408262729644775,questions,bfs_snowball,bfs_snow_ts1500_mn16_d4_M1,1500,15,1,2,7
GCN,3437,0.6793194092018406,0.10275700416584019,0.16712328767123288,1.7393434047698975,questions,forest_fire,ff_b0.3_M1,1500,15,1,3,8
GIN,3437,0.6912411194410644,0.1006946057318659,0.1589041095890411,1.2688672542572021,questions,forest_fire,ff_b0.3_M1,1500,15,1,3,8
GraphSAGE,3437,0.6917215989508415,0.1386651601545408,0.2054794520547945,2.0427772998809814,questions,forest_fire,ff_b0.3_M1,1500,15,1,3,8
XGBGraph,3437,0.6541158230376187,0.15791345352364822,0.13972602739726028,5.8778886795043945,questions,forest_fire,ff_b0.3_M1,1500,15,1,3,8
XGBoost,3437,0.5861374388433396,0.15535970416126477,0.17534246575342466,2.3083837032318115,questions,forest_fire,ff_b0.3_M1,1500,15,1,3,8
GCN,3437,0.6860498165588801,0.11558801408883701,0.1589041095890411,2.8787028789520264,questions,forest_fire,ff_b0.3_M2,1500,15,2,3,10
GIN,3437,0.6878071109120336,0.09503366753167872,0.15342465753424658,2.562443971633911,questions,forest_fire,ff_b0.3_M2,1500,15,2,3,10
GraphSAGE,3437,0.666935459664888,0.11564886961335621,0.17534246575342466,2.978379964828491,questions,forest_fire,ff_b0.3_M2,1500,15,2,3,10
XGBGraph,3437,0.6866713691010808,0.19840219808722373,0.2054794520547945,7.5005621910095215,questions,forest_fire,ff_b0.3_M2,1500,15,2,3,10
XGBoost,3437,0.5827127813090931,0.15815566483453264,0.18356164383561643,2.639028549194336,questions,forest_fire,ff_b0.3_M2,1500,15,2,3,10
GCN,3437,0.6824406789053102,0.11076399272464303,0.14794520547945206,2.9703660011291504,questions,forest_fire,ff_b0.3_Minf,1500,15,-1,3,15
GIN,3437,0.6423728206987156,0.07478907737794453,0.10684931506849316,4.405404567718506,questions,forest_fire,ff_b0.3_Minf,1500,15,-1,3,15
GraphSAGE,3437,0.709991249315992,0.08321247894699836,0.1643835616438356,2.989771604537964,questions,forest_fire,ff_b0.3_Minf,1500,15,-1,3,15
XGBGraph,3437,0.7026671115123445,0.1687615568748913,0.1917808219178082,6.017388343811035,questions,forest_fire,ff_b0.3_Minf,1500,15,-1,3,15
XGBoost,3437,0.6723718509659231,0.1172639633528477,0.136986301369863,2.4450860023498535,questions,forest_fire,ff_b0.3_Minf,1500,15,-1,3,15
GCN,3437,0.6773864085022476,0.10121391623748419,0.13150684931506848,2.288573741912842,questions,forest_fire,ff_b0.5_M1,1500,15,1,3,8
GIN,3437,0.6831616290587359,0.08094943002564635,0.13424657534246576,1.3852145671844482,questions,forest_fire,ff_b0.5_M1,1500,15,1,3,8
GraphSAGE,3437,0.6661234238956013,0.09169332938752431,0.16986301369863013,2.220977783203125,questions,forest_fire,ff_b0.5_M1,1500,15,1,3,8
XGBGraph,3437,0.6576065147572552,0.1614514935044694,0.18082191780821918,5.88419508934021,questions,forest_fire,ff_b0.5_M1,1500,15,1,3,8
XGBoost,3437,0.5974627634152142,0.14528301958271142,0.18082191780821918,2.2209017276763916,questions,forest_fire,ff_b0.5_M1,1500,15,1,3,8
GCN,3437,0.6785549365171354,0.1003259218761986,0.14246575342465753,2.301452398300171,questions,forest_fire,ff_b0.5_M2,1500,15,2,3,10
GIN,3437,0.6830655793345324,0.06909620275841759,0.11232876712328767,1.4983148574829102,questions,forest_fire,ff_b0.5_M2,1500,15,2,3,10
GraphSAGE,3437,0.6888881320868419,0.13026754685496966,0.1589041095890411,2.2053112983703613,questions,forest_fire,ff_b0.5_M2,1500,15,2,3,10
XGBGraph,3437,0.6940401838798086,0.17464421221159232,0.18904109589041096,6.074109792709351,questions,forest_fire,ff_b0.5_M2,1500,15,2,3,10
XGBoost,3437,0.5901983103560536,0.14131601508706604,0.17534246575342466,2.6788125038146973,questions,forest_fire,ff_b0.5_M2,1500,15,2,3,10
GCN,3437,0.6650024589652952,0.07509036986340457,0.12054794520547946,2.680454730987549,questions,forest_fire,ff_b0.5_Minf,1500,15,-1,3,15
GIN,3437,0.6690730278059334,0.06357609507279505,0.10684931506849316,2.327052593231201,questions,forest_fire,ff_b0.5_Minf,1500,15,-1,3,15
GraphSAGE,3437,0.689368842485379,0.07765438561231962,0.136986301369863,4.267130374908447,questions,forest_fire,ff_b0.5_Minf,1500,15,-1,3,15
XGBGraph,3437,0.6841621855006476,0.1466360872012603,0.17534246575342466,5.80814266204834,questions,forest_fire,ff_b0.5_Minf,1500,15,-1,3,15
XGBoost,3437,0.6613321357902977,0.12351365257205688,0.15616438356164383,2.5680997371673584,questions,forest_fire,ff_b0.5_Minf,1500,15,-1,3,15
GCN,3437,0.6765208065406167,0.07563584015476031,0.13150684931506848,3.1568918228149414,questions,forest_fire,ff_b0.7_M1,1500,15,1,3,8
GIN,3437,0.6863354259551291,0.08783559242733291,0.13972602739726028,1.4185597896575928,questions,forest_fire,ff_b0.7_M1,1500,15,1,3,8
GraphSAGE,3437,0.6900882918618639,0.10048927760058532,0.16986301369863013,2.0401828289031982,questions,forest_fire,ff_b0.7_M1,1500,15,1,3,8
XGBGraph,3437,0.7059703215587763,0.19024709565768355,0.2,6.0940868854522705,questions,forest_fire,ff_b0.7_M1,1500,15,1,3,8
XGBoost,3437,0.6797295830841659,0.1754530957100395,0.20273972602739726,2.4684178829193115,questions,forest_fire,ff_b0.7_M1,1500,15,1,3,8
GCN,3437,0.6551899175496237,0.09409407113026008,0.13150684931506848,2.7954792976379395,questions,forest_fire,ff_b0.7_M2,1500,15,2,3,9
GIN,3437,0.6756094886044852,0.07906108065412042,0.12602739726027398,2.5388295650482178,questions,forest_fire,ff_b0.7_M2,1500,15,2,3,9
GraphSAGE,3437,0.6738371864819248,0.08900341416284413,0.16712328767123288,2.645406484603882,questions,forest_fire,ff_b0.7_M2,1500,15,2,3,9
XGBGraph,3437,0.6692900632404314,0.16196592581749386,0.19452054794520549,5.798827171325684,questions,forest_fire,ff_b0.7_M2,1500,15,2,3,9
XGBoost,3437,0.5960589597537802,0.1307961586865699,0.1863013698630137,2.3107903003692627,questions,forest_fire,ff_b0.7_M2,1500,15,2,3,9
GCN,3437,0.6558839691624972,0.07779979505537356,0.12054794520547946,2.067453622817993,questions,forest_fire,ff_b0.7_Minf,1500,15,-1,3,15
GIN,3437,0.6011016857188376,0.0751260543195379,0.1095890410958904,4.357372522354126,questions,forest_fire,ff_b0.7_Minf,1500,15,-1,3,15
GraphSAGE,3437,0.7001642773528143,0.07605027101841115,0.12602739726027398,3.6124930381774902,questions,forest_fire,ff_b0.7_Minf,1500,15,-1,3,15
XGBGraph,3437,0.6604927397029385,0.1626972195663768,0.1863013698630137,5.324924945831299,questions,forest_fire,ff_b0.7_Minf,1500,15,-1,3,15
XGBoost,3437,0.6408528799909492,0.13013460609649227,0.1506849315068493,2.381293773651123,questions,forest_fire,ff_b0.7_Minf,1500,15,-1,3,15
GCN,3437,0.6438423122123992,0.08079441972417206,0.11232876712328767,2.944617748260498,questions,rwr,rwr_r0.1_M1,1500,15,1,3,6
GIN,3437,0.6768992332184276,0.06968960179463352,0.1232876712328767,1.736079216003418,questions,rwr,rwr_r0.1_M1,1500,15,1,3,6
GraphSAGE,3437,0.631871076334133,0.09432183703026877,0.14520547945205478,2.562913179397583,questions,rwr,rwr_r0.1_M1,1500,15,1,3,6
XGBGraph,3437,0.6821645359482255,0.17001777560371698,0.17534246575342466,5.032886028289795,questions,rwr,rwr_r0.1_M1,1500,15,1,3,6
XGBoost,3437,0.6687099552306695,0.15324903844383253,0.16164383561643836,2.2538158893585205,questions,rwr,rwr_r0.1_M1,1500,15,1,3,6
GCN,3437,0.6700235968312827,0.06808041388622466,0.136986301369863,1.8201971054077148,questions,rwr,rwr_r0.1_M2,1500,15,2,3,10
GIN,3437,0.6819083648688898,0.08017576718604366,0.13424657534246576,1.8775393962860107,questions,rwr,rwr_r0.1_M2,1500,15,2,3,10
GraphSAGE,3437,0.7203559612014527,0.09546337489547946,0.14246575342465753,2.470827341079712,questions,rwr,rwr_r0.1_M2,1500,15,2,3,10
XGBGraph,3437,0.6885630407126151,0.15226454701640169,0.1863013698630137,5.663145303726196,questions,rwr,rwr_r0.1_M2,1500,15,2,3,10
XGBoost,3437,0.5728456347016571,0.12784390884754193,0.16712328767123288,2.4260168075561523,questions,rwr,rwr_r0.1_M2,1500,15,2,3,10
GCN,3437,0.6387476362763185,0.0969687754427759,0.13424657534246576,3.4004440307617188,questions,rwr,rwr_r0.15_M1,1500,15,1,3,6
GIN,3437,0.6636510670524048,0.07425688901558154,0.12054794520547946,1.893282413482666,questions,rwr,rwr_r0.15_M1,1500,15,1,3,6
GraphSAGE,3437,0.6404402817766428,0.11156893722162248,0.1643835616438356,1.7881994247436523,questions,rwr,rwr_r0.15_M1,1500,15,1,3,6
XGBGraph,3437,0.6865738185999367,0.1756437273741297,0.19452054794520549,4.682576894760132,questions,rwr,rwr_r0.15_M1,1500,15,1,3,6
XGBoost,3437,0.6856274055722693,0.18029102208701026,0.2054794520547945,1.9497971534729004,questions,rwr,rwr_r0.15_M1,1500,15,1,3,6
GCN,3437,0.6577250761355686,0.08292045149630678,0.12602739726027398,2.3588943481445312,questions,rwr,rwr_r0.15_M2,1500,15,2,3,8
GIN,3437,0.6823597523948937,0.09666847424840008,0.14794520547945206,1.3032770156860352,questions,rwr,rwr_r0.15_M2,1500,15,2,3,8
GraphSAGE,3437,0.696997522563604,0.09671605601500483,0.14246575342465753,2.052788019180298,questions,rwr,rwr_r0.15_M2,1500,15,2,3,8
XGBGraph,3437,0.6473373908184775,0.15639551420231154,0.19452054794520549,6.231356382369995,questions,rwr,rwr_r0.15_M2,1500,15,2,3,8
XGBoost,3437,0.5747024421104157,0.13913660214058587,0.1589041095890411,2.6547908782958984,questions,rwr,rwr_r0.15_M2,1500,15,2,3,8
GCN,3437,0.7063089199254691,0.1297316789572174,0.19452054794520549,2.4385578632354736,questions,metis,metis_K5,,5,1,3,5
GIN,3437,0.7171726978658952,0.13916064638598935,0.1780821917808219,1.9731628894805908,questions,metis,metis_K5,,5,1,3,5
GraphSAGE,3437,0.7205504849818405,0.17223581098270932,0.20821917808219179,4.321883201599121,questions,metis,metis_K5,,5,1,3,5
XGBGraph,3437,0.7012881283926218,0.19507971027527,0.20821917808219179,10.905700445175171,questions,metis,metis_K5,,5,1,3,5
XGBoost,3437,0.603297091494289,0.1590808604615573,0.18356164383561643,3.7659194469451904,questions,metis,metis_K5,,5,1,3,5
GCN,3437,0.6891697009297891,0.10507610758695021,0.17534246575342466,2.9651377201080322,questions,metis,metis_K15,,15,1,3,15
GIN,3437,0.7079768603284624,0.15214591123781135,0.19452054794520549,3.9121384620666504,questions,metis,metis_K15,,15,1,3,15
GraphSAGE,3437,0.7396838901985412,0.16408224206310773,0.20821917808219179,3.8425400257110596,questions,metis,metis_K15,,15,1,3,15
XGBGraph,3437,0.7074144153088483,0.19590450202710336,0.2136986301369863,11.133262395858765,questions,metis,metis_K15,,15,1,3,15
XGBoost,3437,0.6083655615560979,0.1556151351764695,0.18904109589041096,4.118598222732544,questions,metis,metis_K15,,15,1,3,15
GCN,3437,0.6612502857248406,0.06630747931221283,0.0958904109589041,1.8235042095184326,questions,uniform,uniform_K15,1500,15,-1,3,15
GIN,3437,0.6646406562782117,0.06717202106780569,0.12876712328767123,1.2007651329040527,questions,uniform,uniform_K15,1500,15,-1,3,15
GraphSAGE,3437,0.5740089677194424,0.06976665965745876,0.13424657534246576,1.9472358226776123,questions,uniform,uniform_K15,1500,15,-1,3,15
XGBGraph,3437,0.6568885661577109,0.11048381137805555,0.1232876712328767,2.027360439300537,questions,uniform,uniform_K15,1500,15,-1,3,15
XGBoost,3437,0.6341255896321711,0.11106638907745045,0.14794520547945206,0.7593498229980469,questions,uniform,uniform_K15,1500,15,-1,3,15
GCN,3437,0.6885098208534111,0.11382243732183508,0.18356164383561643,2.0745410919189453,questions,bfs_partition,bfs_part_mn32,1500,0,1,3,1404
GIN,3437,0.692929724388087,0.12301373551221607,0.16712328767123288,1.53682541847229,questions,bfs_partition,bfs_part_mn32,1500,0,1,3,1404
GraphSAGE,3437,0.6714609948073118,0.09930049579672381,0.17534246575342466,2.654827833175659,questions,bfs_partition,bfs_part_mn32,1500,0,1,3,1404
XGBGraph,3437,0.6900684354284949,0.19940723119790332,0.20821917808219179,6.121673107147217,questions,bfs_partition,bfs_part_mn32,1500,0,1,3,1404
XGBoost,3437,0.6021329503658432,0.1608986905726659,0.1917808219178082,2.2641336917877197,questions,bfs_partition,bfs_part_mn32,1500,0,1,3,1404
GCN,3437,0.6677695453107647,0.10989433130549481,0.16164383561643836,1.9938275814056396,questions,bfs_snowball,bfs_snow_ts1500_mn8_dinf_M1,1500,15,1,3,6
GIN,3437,0.6971213943834,0.09224916156719869,0.15616438356164383,1.5335676670074463,questions,bfs_snowball,bfs_snow_ts1500_mn8_dinf_M1,1500,15,1,3,6
GraphSAGE,3437,0.6721759418529747,0.13512182721344648,0.16986301369863013,1.988156795501709,questions,bfs_snowball,bfs_snow_ts1500_mn8_dinf_M1,1500,15,1,3,6
XGBGraph,3437,0.67409208767308,0.17268265772264885,0.16164383561643836,5.344309091567993,questions,bfs_snowball,bfs_snow_ts1500_mn8_dinf_M1,1500,15,1,3,6
XGBoost,3437,0.6073387992399142,0.16117280293242497,0.19726027397260273,2.147228956222534,questions,bfs_snowball,bfs_snow_ts1500_mn8_dinf_M1,1500,15,1,3,6
GCN,3437,0.6643435024439575,0.08909612986495768,0.15342465753424658,2.872314929962158,questions,bfs_snowball,bfs_snow_ts1500_mn8_dinf_Minf,1500,15,-1,3,15
GIN,3437,0.6891543468272421,0.09107761094906937,0.16712328767123288,1.9297678470611572,questions,bfs_snowball,bfs_snow_ts1500_mn8_dinf_Minf,1500,15,-1,3,15
GraphSAGE,3437,0.7025689837893002,0.150367899196018,0.20273972602739726,3.359814167022705,questions,bfs_snowball,bfs_snow_ts1500_mn8_dinf_Minf,1500,15,-1,3,15
XGBGraph,3437,0.6981049805014442,0.19861031575328836,0.2219178082191781,7.313074588775635,questions,bfs_snowball,bfs_snow_ts1500_mn8_dinf_Minf,1500,15,-1,3,15
XGBoost,3437,0.5910373601102725,0.16123998632630002,0.1863013698630137,2.541621208190918,questions,bfs_snowball,bfs_snow_ts1500_mn8_dinf_Minf,1500,15,-1,3,15
GCN,3437,0.6239917665068146,0.04350810147692055,0.0410958904109589,3.157883405685425,questions,bfs_snowball,bfs_snow_ts1500_mn16_dinf_M1,1500,15,1,3,8
GIN,3437,0.6644386286131205,0.054721821973434254,0.0684931506849315,1.7620322704315186,questions,bfs_snowball,bfs_snow_ts1500_mn16_dinf_M1,1500,15,1,3,8
GraphSAGE,3437,0.6386354243389076,0.08133867513171925,0.15342465753424658,2.0797529220581055,questions,bfs_snowball,bfs_snow_ts1500_mn16_dinf_M1,1500,15,1,3,8
XGBGraph,3437,0.6504123673255462,0.07683608441105957,0.0410958904109589,5.180624485015869,questions,bfs_snowball,bfs_snow_ts1500_mn16_dinf_M1,1500,15,1,3,8
XGBoost,3437,0.5731147355515586,0.11392842758887234,0.14520547945205478,2.049184799194336,questions,bfs_snowball,bfs_snow_ts1500_mn16_dinf_M1,1500,15,1,3,8
GCN,3437,0.6648244437312547,0.09452256968166604,0.1506849315068493,3.093931198120117,questions,bfs_snowball,bfs_snow_ts1500_mn16_dinf_Minf,1500,15,-1,3,15
GIN,3437,0.6671116277888476,0.10268533433598304,0.1506849315068493,2.524719715118408,questions,bfs_snowball,bfs_snow_ts1500_mn16_dinf_Minf,1500,15,-1,3,15
GraphSAGE,3437,0.6965827309060768,0.08255599700777146,0.14520547945205478,3.6454949378967285,questions,bfs_snowball,bfs_snow_ts1500_mn16_dinf_Minf,1500,15,-1,3,15
XGBGraph,3437,0.6884709160973335,0.1609958752907209,0.17534246575342466,6.28898024559021,questions,bfs_snowball,bfs_snow_ts1500_mn16_dinf_Minf,1500,15,-1,3,15
XGBoost,3437,0.5802876412173379,0.13341951747779626,0.18904109589041096,2.572371244430542,questions,bfs_snowball,bfs_snow_ts1500_mn16_dinf_Minf,1500,15,-1,3,15
GCN,3437,0.6874917168657313,0.09132169905299413,0.13972602739726028,2.2394163608551025,questions,bfs_snowball,bfs_snow_ts1500_mn32_dinf_M1,1500,15,1,3,9
GIN,3437,0.6901794929221051,0.07628658321374558,0.13150684931506848,1.353971242904663,questions,bfs_snowball,bfs_snow_ts1500_mn32_dinf_M1,1500,15,1,3,9
GraphSAGE,3437,0.6956767234114276,0.09942740187300798,0.18082191780821918,2.2384226322174072,questions,bfs_snowball,bfs_snow_ts1500_mn32_dinf_M1,1500,15,1,3,9
XGBGraph,3437,0.6712981027870581,0.1512182973280497,0.1232876712328767,5.685400009155273,questions,bfs_snowball,bfs_snow_ts1500_mn32_dinf_M1,1500,15,1,3,9
XGBoost,3437,0.5998007430000301,0.14527874028950982,0.18356164383561643,2.223388433456421,questions,bfs_snowball,bfs_snow_ts1500_mn32_dinf_M1,1500,15,1,3,9
GCN,3437,0.6695955290700493,0.07555698259668178,0.14794520547945206,1.866140365600586,questions,bfs_snowball,bfs_snow_ts1500_mn32_dinf_Minf,1500,15,-1,3,15
GIN,3437,0.6686106730638246,0.10359819888512752,0.15342465753424658,4.690450429916382,questions,bfs_snowball,bfs_snow_ts1500_mn32_dinf_Minf,1500,15,-1,3,15
GraphSAGE,3437,0.6833059345338011,0.08179350275286353,0.14520547945205478,3.421027183532715,questions,bfs_snowball,bfs_snow_ts1500_mn32_dinf_Minf,1500,15,-1,3,15
XGBGraph,3437,0.6913863484711701,0.18734895054526507,0.20273972602739726,6.031447410583496,questions,bfs_snowball,bfs_snow_ts1500_mn32_dinf_Minf,1500,15,-1,3,15
XGBoost,3437,0.6803857689403823,0.1497109627757146,0.18356164383561643,2.2282893657684326,questions,bfs_snowball,bfs_snow_ts1500_mn32_dinf_Minf,1500,15,-1,3,15
GCN,3437,0.559893467926088,0.060072678768060384,0.09315068493150686,2.4748945236206055,questions,bfs_snowball,bfs_snow_tsinf_mn8_d2_M1,,15,1,3,15
GIN,3437,0.5763961266101605,0.04856719642315159,0.09315068493150686,3.3798391819000244,questions,bfs_snowball,bfs_snow_tsinf_mn8_d2_M1,,15,1,3,15
GraphSAGE,3437,0.541689505413187,0.09696133335189497,0.1232876712328767,1.658033847808838,questions,bfs_snowball,bfs_snow_tsinf_mn8_d2_M1,,15,1,3,15
XGBGraph,3437,0.598109136499126,0.0785081767513693,0.11232876712328767,0.5148625373840332,questions,bfs_snowball,bfs_snow_tsinf_mn8_d2_M1,,15,1,3,15
XGBoost,3437,0.6369553622760091,0.08759614682338968,0.12602739726027398,0.27280211448669434,questions,bfs_snowball,bfs_snow_tsinf_mn8_d2_M1,,15,1,3,15
GCN,3437,0.48334264584665754,0.03174309177206553,0.038356164383561646,1.592879295349121,questions,bfs_snowball,bfs_snow_tsinf_mn16_d2_M1,,15,1,3,15
GIN,3437,0.471627581047727,0.028062108822779628,0.03287671232876712,1.298171043395996,questions,bfs_snowball,bfs_snow_tsinf_mn16_d2_M1,,15,1,3,15
GraphSAGE,3437,0.4450027591206832,0.03340772827046427,0.06027397260273973,2.058426856994629,questions,bfs_snowball,bfs_snow_tsinf_mn16_d2_M1,,15,1,3,15
XGBGraph,3437,0.5515821652286145,0.036728858229652016,0.057534246575342465,0.5174169540405273,questions,bfs_snowball,bfs_snow_tsinf_mn16_d2_M1,,15,1,3,15
XGBoost,3437,0.5923057475139053,0.0462913176030621,0.04657534246575343,0.2872762680053711,questions,bfs_snowball,bfs_snow_tsinf_mn16_d2_M1,,15,1,3,15
GCN,3437,0.5618185029634573,0.040119705504618866,0.043835616438356165,3.172226905822754,questions,bfs_snowball,bfs_snow_tsinf_mn8_d3_M1,,15,1,3,13
GIN,3437,0.5710731016903366,0.040737558413263035,0.0410958904109589,1.9763195514678955,questions,bfs_snowball,bfs_snow_tsinf_mn8_d3_M1,,15,1,3,13
GraphSAGE,3437,0.56904347404464,0.049669203402429626,0.0684931506849315,1.8737189769744873,questions,bfs_snowball,bfs_snow_tsinf_mn8_d3_M1,,15,1,3,13
XGBGraph,3437,0.6110546075006522,0.07129406638501827,0.08767123287671233,1.426069736480713,questions,bfs_snowball,bfs_snow_tsinf_mn8_d3_M1,,15,1,3,13
XGBoost,3437,0.5242560186927541,0.07400077178433895,0.06575342465753424,0.6383323669433594,questions,bfs_snowball,bfs_snow_tsinf_mn8_d3_M1,,15,1,3,13
GCN,3437,0.6269069679918913,0.05277545679604319,0.09041095890410959,2.6199662685394287,questions,bfs_snowball,bfs_snow_tsinf_mn16_d3_M1,,15,1,3,11
GIN,3437,0.6462547534223486,0.055841847974013314,0.0821917808219178,1.5748834609985352,questions,bfs_snowball,bfs_snow_tsinf_mn16_d3_M1,,15,1,3,11
GraphSAGE,3437,0.6294982325465414,0.06085936399378035,0.10684931506849316,1.930957555770874,questions,bfs_snowball,bfs_snow_tsinf_mn16_d3_M1,,15,1,3,11
XGBGraph,3437,0.6380803677596171,0.11927754843741846,0.1643835616438356,2.1224660873413086,questions,bfs_snowball,bfs_snow_tsinf_mn16_d3_M1,,15,1,3,11
XGBoost,3437,0.6463114366129542,0.14548728096002447,0.14246575342465753,0.8474428653717041,questions,bfs_snowball,bfs_snow_tsinf_mn16_d3_M1,,15,1,3,11
GCN,3437,0.6355586007217582,0.08750725154340369,0.1232876712328767,2.251549243927002,questions,bfs_snowball,bfs_snow_ts1500_mn8_d4_M1,1500,15,1,3,10
GIN,3437,0.6374633175482385,0.06576762018024412,0.09863013698630137,1.0454738140106201,questions,bfs_snowball,bfs_snow_ts1500_mn8_d4_M1,1500,15,1,3,10
GraphSAGE,3437,0.6785021784354516,0.08521197790431077,0.14246575342465753,1.6515474319458008,questions,bfs_snowball,bfs_snow_ts1500_mn8_d4_M1,1500,15,1,3,10
XGBGraph,3437,0.6693080725637195,0.12503577635395963,0.16986301369863013,2.2391178607940674,questions,bfs_snowball,bfs_snow_ts1500_mn8_d4_M1,1500,15,1,3,10
XGBoost,3437,0.6425629575926615,0.12571134891062127,0.1506849315068493,0.9597535133361816,questions,bfs_snowball,bfs_snow_ts1500_mn8_d4_M1,1500,15,1,3,10
GCN,3437,0.6566916180453419,0.10033273099859395,0.1232876712328767,1.880279541015625,questions,bfs_snowball,bfs_snow_ts1500_mn16_d4_M1,1500,15,1,3,9
GIN,3437,0.6752466469179814,0.09681450393517604,0.13424657534246576,1.2973198890686035,questions,bfs_snowball,bfs_snow_ts1500_mn16_d4_M1,1500,15,1,3,9
GraphSAGE,3437,0.6721011338947009,0.13249133579268657,0.16712328767123288,1.9769272804260254,questions,bfs_snowball,bfs_snow_ts1500_mn16_d4_M1,1500,15,1,3,9
XGBGraph,3437,0.6905877042499694,0.17772074449966493,0.18356164383561643,4.088365316390991,questions,bfs_snowball,bfs_snow_ts1500_mn16_d4_M1,1500,15,1,3,9
XGBoost,3437,0.6770273764802855,0.16706754833493961,0.16712328767123288,1.6097378730773926,questions,bfs_snowball,bfs_snow_ts1500_mn16_d4_M1,1500,15,1,3,9
GCN,3447,0.6352520958927198,0.06789465082992188,0.10136986301369863,2.3570518493652344,questions,forest_fire,ff_b0.3_M1,1500,15,1,4,11
GIN,3447,0.67327277890785,0.06220746923924741,0.09315068493150686,1.5131971836090088,questions,forest_fire,ff_b0.3_M1,1500,15,1,4,11
GraphSAGE,3447,0.6622748545978033,0.10118968615676122,0.13972602739726028,2.1064038276672363,questions,forest_fire,ff_b0.3_M1,1500,15,1,4,11
XGBGraph,3447,0.6737784252924783,0.13861031942999347,0.16164383561643836,5.949142694473267,questions,forest_fire,ff_b0.3_M1,1500,15,1,4,11
XGBoost,3447,0.5518179026526809,0.09785828012708803,0.11506849315068493,2.445871591567993,questions,forest_fire,ff_b0.3_M1,1500,15,1,4,11
GCN,3447,0.6569881946576959,0.06869798848164423,0.11232876712328767,2.087780714035034,questions,forest_fire,ff_b0.3_M2,1500,15,2,4,10
GIN,3447,0.6865562710541688,0.07449454812950711,0.12602739726027398,1.5505256652832031,questions,forest_fire,ff_b0.3_M2,1500,15,2,4,10
GraphSAGE,3447,0.7010766342883663,0.13154324803404951,0.16712328767123288,2.896573543548584,questions,forest_fire,ff_b0.3_M2,1500,15,2,4,10
XGBGraph,3447,0.6837137995285252,0.1447053946113658,0.16712328767123288,6.07115912437439,questions,forest_fire,ff_b0.3_M2,1500,15,2,4,10
XGBoost,3447,0.5350856250966847,0.11902741520978016,0.136986301369863,2.444517135620117,questions,forest_fire,ff_b0.3_M2,1500,15,2,4,10
GCN,3447,0.6196422840439704,0.06285113013796804,0.09315068493150686,3.952024459838867,questions,forest_fire,ff_b0.3_Minf,1500,15,-1,4,15
GIN,3447,0.6581063889228809,0.06365556394918312,0.11232876712328767,1.8805348873138428,questions,forest_fire,ff_b0.3_Minf,1500,15,-1,4,15
GraphSAGE,3447,0.6525031804926705,0.0826276545297421,0.13424657534246576,5.81236720085144,questions,forest_fire,ff_b0.3_Minf,1500,15,-1,4,15
XGBGraph,3447,0.6635729112071095,0.13587438437513188,0.14520547945205478,5.812787055969238,questions,forest_fire,ff_b0.3_Minf,1500,15,-1,4,15
XGBoost,3447,0.6393997815792329,0.1297545688530618,0.13424657534246576,2.7370617389678955,questions,forest_fire,ff_b0.3_Minf,1500,15,-1,4,15
GCN,3447,0.6541565749037772,0.07276773620729551,0.1232876712328767,2.123931646347046,questions,forest_fire,ff_b0.5_M1,1500,15,1,4,7
GIN,3447,0.6672269567245197,0.07438363953318497,0.12602739726027398,1.4987642765045166,questions,forest_fire,ff_b0.5_M1,1500,15,1,4,7
GraphSAGE,3447,0.6590659626098743,0.11023669375357333,0.15342465753424658,3.548656940460205,questions,forest_fire,ff_b0.5_M1,1500,15,1,4,7
XGBGraph,3447,0.6686778616930149,0.1460253652977082,0.16986301369863013,5.87322211265564,questions,forest_fire,ff_b0.5_M1,1500,15,1,4,7
XGBoost,3447,0.5526930864978563,0.12064451443668274,0.1506849315068493,2.6806743144989014,questions,forest_fire,ff_b0.5_M1,1500,15,1,4,7
GCN,3447,0.6533623175690184,0.07633211469493362,0.11506849315068493,2.2226955890655518,questions,forest_fire,ff_b0.5_M2,1500,15,2,4,10
GIN,3447,0.6701296902165506,0.07466984648488537,0.12602739726027398,1.4550280570983887,questions,forest_fire,ff_b0.5_M2,1500,15,2,4,10
GraphSAGE,3447,0.6617225686836339,0.11753780147046664,0.15342465753424658,2.572080373764038,questions,forest_fire,ff_b0.5_M2,1500,15,2,4,10
XGBGraph,3447,0.6500222807653501,0.1326223850576727,0.14246575342465753,5.666161298751831,questions,forest_fire,ff_b0.5_M2,1500,15,2,4,10
XGBoost,3447,0.6605201000210109,0.12725806000251327,0.136986301369863,2.4210994243621826,questions,forest_fire,ff_b0.5_M2,1500,15,2,4,10
GCN,3447,0.626235658921888,0.07887616966550046,0.10136986301369863,4.178381443023682,questions,forest_fire,ff_b0.5_Minf,1500,15,-1,4,15
GIN,3447,0.6458198744426923,0.06169220674042925,0.1095890410958904,2.252967357635498,questions,forest_fire,ff_b0.5_Minf,1500,15,-1,4,15
GraphSAGE,3447,0.6705053462292402,0.11214711389547738,0.14794520547945206,3.376951217651367,questions,forest_fire,ff_b0.5_Minf,1500,15,-1,4,15
XGBGraph,3447,0.6302114479265035,0.13218688326629274,0.14520547945205478,6.0318076610565186,questions,forest_fire,ff_b0.5_Minf,1500,15,-1,4,15
XGBoost,3447,0.5377677443784359,0.11433143071618924,0.13972602739726028,2.5886545181274414,questions,forest_fire,ff_b0.5_Minf,1500,15,-1,4,15
GCN,3447,0.6644447471652634,0.07161733751578804,0.08767123287671233,2.3456361293792725,questions,forest_fire,ff_b0.7_M1,1500,15,1,4,8
GIN,3447,0.666908792013096,0.06834492940298609,0.11506849315068493,1.5669748783111572,questions,forest_fire,ff_b0.7_M1,1500,15,1,4,8
GraphSAGE,3447,0.6661609433191182,0.10131250973780498,0.13972602739726028,2.094970941543579,questions,forest_fire,ff_b0.7_M1,1500,15,1,4,8
XGBGraph,3447,0.6568609749508784,0.11984655691362583,0.15342465753424658,5.671158790588379,questions,forest_fire,ff_b0.7_M1,1500,15,1,4,8
XGBoost,3447,0.5387200450694859,0.09323403658842583,0.13424657534246576,2.3891334533691406,questions,forest_fire,ff_b0.7_M1,1500,15,1,4,8
GCN,3447,0.6509994019981113,0.07705083945695547,0.1232876712328767,2.8659474849700928,questions,forest_fire,ff_b0.7_M2,1500,15,2,4,10
GIN,3447,0.6712497315918163,0.08930539164916015,0.12876712328767123,1.6670289039611816,questions,forest_fire,ff_b0.7_M2,1500,15,2,4,10
GraphSAGE,3447,0.6898071847964369,0.11963909864364368,0.16164383561643836,2.62404203414917,questions,forest_fire,ff_b0.7_M2,1500,15,2,4,10
XGBGraph,3447,0.678512106652136,0.13979690351988994,0.1589041095890411,5.987215280532837,questions,forest_fire,ff_b0.7_M2,1500,15,2,4,10
XGBoost,3447,0.5267637015162465,0.11300122373751582,0.13424657534246576,2.367072582244873,questions,forest_fire,ff_b0.7_M2,1500,15,2,4,10
GCN,3447,0.6300471705736893,0.05383207033359946,0.08493150684931507,2.567873954772949,questions,forest_fire,ff_b0.7_Minf,1500,15,-1,4,15
GIN,3447,0.6530988734937394,0.05976717937201349,0.10684931506849316,1.668518304824829,questions,forest_fire,ff_b0.7_Minf,1500,15,-1,4,15
GraphSAGE,3447,0.6723306373222444,0.07885338239229875,0.16164383561643836,2.7904481887817383,questions,forest_fire,ff_b0.7_Minf,1500,15,-1,4,15
XGBGraph,3447,0.6545967643249159,0.11464524537912583,0.13150684931506848,5.663388729095459,questions,forest_fire,ff_b0.7_Minf,1500,15,-1,4,15
XGBoost,3447,0.5312507936801129,0.08556091680576079,0.10684931506849316,2.197944402694702,questions,forest_fire,ff_b0.7_Minf,1500,15,-1,4,15
GCN,3447,0.6632034891909427,0.07875897744297661,0.09863013698630137,2.2958359718322754,questions,rwr,rwr_r0.1_M1,1500,15,1,4,5
GIN,3447,0.6740801969019345,0.06850298808693975,0.10684931506849316,1.453948974609375,questions,rwr,rwr_r0.1_M1,1500,15,1,4,5
GraphSAGE,3447,0.6214384831532016,0.08653751659585814,0.13424657534246576,2.6158947944641113,questions,rwr,rwr_r0.1_M1,1500,15,1,4,5
XGBGraph,3447,0.7102110554156114,0.16047207612656825,0.1726027397260274,4.582458734512329,questions,rwr,rwr_r0.1_M1,1500,15,1,4,5
XGBoost,3447,0.6441103740628803,0.12369637966900125,0.1589041095890411,1.8682968616485596,questions,rwr,rwr_r0.1_M1,1500,15,1,4,5
GCN,3447,0.6616761600428529,0.07906320355659904,0.11232876712328767,2.2866928577423096,questions,rwr,rwr_r0.1_M2,1500,15,2,4,10
GIN,3447,0.6693663719756459,0.06344680070411013,0.10410958904109589,1.669525146484375,questions,rwr,rwr_r0.1_M2,1500,15,2,4,10
GraphSAGE,3447,0.6619329083440889,0.10305990981430156,0.13150684931506848,3.275400400161743,questions,rwr,rwr_r0.1_M2,1500,15,2,4,10
XGBGraph,3447,0.6840798736576705,0.13832788311678254,0.15616438356164383,4.887200355529785,questions,rwr,rwr_r0.1_M2,1500,15,2,4,10
XGBoost,3447,0.6495115548279994,0.11512771578794401,0.13972602739726028,2.047783613204956,questions,rwr,rwr_r0.1_M2,1500,15,2,4,10
GCN,3447,0.6246898586729899,0.07321618320964143,0.10410958904109589,2.6873321533203125,questions,rwr,rwr_r0.15_M1,1500,15,1,4,7
GIN,3447,0.6668427578277063,0.06873890513992198,0.11232876712328767,1.5623009204864502,questions,rwr,rwr_r0.15_M1,1500,15,1,4,7
GraphSAGE,3447,0.6436718008630622,0.06817645264490342,0.1232876712328767,3.664154529571533,questions,rwr,rwr_r0.15_M1,1500,15,1,4,7
XGBGraph,3447,0.6825829063815345,0.1427409635859259,0.15342465753424658,4.8613598346710205,questions,rwr,rwr_r0.15_M1,1500,15,1,4,7
XGBoost,3447,0.564650238161756,0.11213107029583826,0.12602739726027398,2.1937806606292725,questions,rwr,rwr_r0.15_M1,1500,15,1,4,7
GCN,3447,0.6561297502476282,0.07897072428479514,0.10136986301369863,1.9118947982788086,questions,rwr,rwr_r0.15_M2,1500,15,2,4,11
GIN,3447,0.6793637398437806,0.08326065973551024,0.09863013698630137,1.4610629081726074,questions,rwr,rwr_r0.15_M2,1500,15,2,4,11
GraphSAGE,3447,0.6989621550233313,0.11549818718956782,0.12602739726027398,2.5851004123687744,questions,rwr,rwr_r0.15_M2,1500,15,2,4,11
XGBGraph,3447,0.6764754368992563,0.13050523090575694,0.14246575342465753,5.6929144859313965,questions,rwr,rwr_r0.15_M2,1500,15,2,4,11
XGBoost,3447,0.5472580805293817,0.1068976511482608,0.12602739726027398,2.24658465385437,questions,rwr,rwr_r0.15_M2,1500,15,2,4,11
GCN,3447,0.6625147480195517,0.0864049038561581,0.12876712328767123,2.787214517593384,questions,metis,metis_K5,,5,1,4,5
GIN,3447,0.6731751129623259,0.09568944507265083,0.12876712328767123,1.9967858791351318,questions,metis,metis_K5,,5,1,4,5
GraphSAGE,3447,0.6699082678956105,0.13988992576129297,0.16986301369863013,5.349953651428223,questions,metis,metis_K5,,5,1,4,5
XGBGraph,3447,0.6879145896298622,0.14648559935925076,0.16164383561643836,10.25683045387268,questions,metis,metis_K5,,5,1,4,5
XGBoost,3447,0.5527890207776796,0.1246300225270217,0.1506849315068493,3.7456486225128174,questions,metis,metis_K5,,5,1,4,5
GCN,3447,0.6647046124647606,0.07836425595075522,0.12054794520547946,3.0059633255004883,questions,metis,metis_K15,,15,1,4,15
GIN,3447,0.6762177650429799,0.08719840033081865,0.13424657534246576,1.9824130535125732,questions,metis,metis_K15,,15,1,4,15
GraphSAGE,3447,0.6916208160070559,0.14843316551609617,0.18356164383561643,4.268954277038574,questions,metis,metis_K15,,15,1,4,15
XGBGraph,3447,0.6982722594081398,0.16811220713290143,0.20273972602739726,11.888716697692871,questions,metis,metis_K15,,15,1,4,15
XGBoost,3447,0.5548941490479302,0.1297275569035911,0.14520547945205478,4.281055212020874,questions,metis,metis_K15,,15,1,4,15
GCN,3447,0.5870194339069379,0.04622260577700026,0.0821917808219178,1.8241305351257324,questions,uniform,uniform_K15,1500,15,-1,4,15
GIN,3447,0.5775206703162483,0.038366001848089415,0.0410958904109589,1.4082653522491455,questions,uniform,uniform_K15,1500,15,-1,4,15
GraphSAGE,3447,0.5834449295673838,0.041676053949998515,0.049315068493150684,2.373776912689209,questions,uniform,uniform_K15,1500,15,-1,4,15
XGBGraph,3447,0.583230780242387,0.044884672012028726,0.057534246575342465,2.2126541137695312,questions,uniform,uniform_K15,1500,15,-1,4,15
XGBoost,3447,0.5044711608394192,0.04494078585891151,0.052054794520547946,0.8976471424102783,questions,uniform,uniform_K15,1500,15,-1,4,15
GCN,3447,0.6368703952122906,0.07952103961988655,0.1232876712328767,2.369683265686035,questions,bfs_partition,bfs_part_mn32,1500,0,1,4,1281
GIN,3447,0.6795035429880238,0.09016600867956275,0.13424657534246576,1.482661485671997,questions,bfs_partition,bfs_part_mn32,1500,0,1,4,1281
GraphSAGE,3447,0.6784473423549269,0.1362943232881592,0.1643835616438356,2.4958386421203613,questions,bfs_partition,bfs_part_mn32,1500,0,1,4,1281
XGBGraph,3447,0.676552322856371,0.15206051003441257,0.17534246575342466,5.7021214962005615,questions,bfs_partition,bfs_part_mn32,1500,0,1,4,1281
XGBoost,3447,0.5495489588071363,0.1086252639618104,0.12602739726027398,2.062114953994751,questions,bfs_partition,bfs_part_mn32,1500,0,1,4,1281
GCN,3447,0.6568938765991933,0.08190389351017881,0.13150684931506848,1.8632292747497559,questions,bfs_snowball,bfs_snow_ts1500_mn8_dinf_M1,1500,15,1,4,7
GIN,3447,0.6748243513757507,0.07758443321670344,0.11232876712328767,1.3907973766326904,questions,bfs_snowball,bfs_snow_ts1500_mn8_dinf_M1,1500,15,1,4,7
GraphSAGE,3447,0.6552382887448656,0.11716378231435534,0.14794520547945206,2.723665237426758,questions,bfs_snowball,bfs_snow_ts1500_mn8_dinf_M1,1500,15,1,4,7
XGBGraph,3447,0.660586711428301,0.13377660043327422,0.14794520547945206,5.308446884155273,questions,bfs_snowball,bfs_snow_ts1500_mn8_dinf_M1,1500,15,1,4,7
XGBoost,3447,0.5388382601146593,0.1050287680135875,0.1232876712328767,2.14825439453125,questions,bfs_snowball,bfs_snow_ts1500_mn8_dinf_M1,1500,15,1,4,7
GCN,3447,0.6387576799373829,0.06455835221468097,0.1095890410958904,3.1592631340026855,questions,bfs_snowball,bfs_snow_ts1500_mn8_dinf_Minf,1500,15,-1,4,15
GIN,3447,0.6661989245201554,0.06976653442450603,0.1178082191780822,2.0224685668945312,questions,bfs_snowball,bfs_snow_ts1500_mn8_dinf_Minf,1500,15,-1,4,15
GraphSAGE,3447,0.5985746082394963,0.08870935440428164,0.12876712328767123,4.611525535583496,questions,bfs_snowball,bfs_snow_ts1500_mn8_dinf_Minf,1500,15,-1,4,15
XGBGraph,3447,0.6461129877236447,0.12077785348222467,0.1232876712328767,5.694708824157715,questions,bfs_snowball,bfs_snow_ts1500_mn8_dinf_Minf,1500,15,-1,4,15
XGBoost,3447,0.5178049867354407,0.1014099838468008,0.13150684931506848,2.4105701446533203,questions,bfs_snowball,bfs_snow_ts1500_mn8_dinf_Minf,1500,15,-1,4,15
GCN,3447,0.6400204105663932,0.06577854598948003,0.07123287671232877,2.6403605937957764,questions,bfs_snowball,bfs_snow_ts1500_mn16_dinf_M1,1500,15,1,4,6
GIN,3447,0.6464141821112007,0.052378939159915996,0.0684931506849315,2.6142418384552,questions,bfs_snowball,bfs_snow_ts1500_mn16_dinf_M1,1500,15,1,4,6
GraphSAGE,3447,0.6416525632115704,0.06149487207941405,0.11506849315068493,1.9807233810424805,questions,bfs_snowball,bfs_snow_ts1500_mn16_dinf_M1,1500,15,1,4,6
XGBGraph,3447,0.6299190273118315,0.1010000066361473,0.11506849315068493,4.527831792831421,questions,bfs_snowball,bfs_snow_ts1500_mn16_dinf_M1,1500,15,1,4,6
XGBoost,3447,0.6192388059356881,0.10400591153309272,0.10410958904109589,2.2934675216674805,questions,bfs_snowball,bfs_snow_ts1500_mn16_dinf_M1,1500,15,1,4,6
GCN,3447,0.6408714665361376,0.05925802030647724,0.10410958904109589,2.826141834259033,questions,bfs_snowball,bfs_snow_ts1500_mn16_dinf_Minf,1500,15,-1,4,15
GIN,3447,0.6562525830680037,0.060509117685475976,0.08493150684931507,1.7106199264526367,questions,bfs_snowball,bfs_snow_ts1500_mn16_dinf_Minf,1500,15,-1,4,15
GraphSAGE,3447,0.6448120450048371,0.07104967426002087,0.11232876712328767,5.12986946105957,questions,bfs_snowball,bfs_snow_ts1500_mn16_dinf_Minf,1500,15,-1,4,15
XGBGraph,3447,0.6624641833810889,0.09796196055011563,0.1232876712328767,6.440908193588257,questions,bfs_snowball,bfs_snow_ts1500_mn16_dinf_Minf,1500,15,-1,4,15
XGBoost,3447,0.6631967934168996,0.11319059094178274,0.16164383561643836,2.606670618057251,questions,bfs_snowball,bfs_snow_ts1500_mn16_dinf_Minf,1500,15,-1,4,15
GCN,3447,0.6533932566628724,0.07905706421015088,0.12602739726027398,2.210265636444092,questions,bfs_snowball,bfs_snow_ts1500_mn32_dinf_M1,1500,15,1,4,8
GIN,3447,0.6730852972346453,0.07200701406604826,0.11506849315068493,1.5618031024932861,questions,bfs_snowball,bfs_snow_ts1500_mn32_dinf_M1,1500,15,1,4,8
GraphSAGE,3447,0.6826787252169777,0.11037652098684092,0.14794520547945206,2.4461865425109863,questions,bfs_snowball,bfs_snow_ts1500_mn32_dinf_M1,1500,15,1,4,8
XGBGraph,3447,0.6867920084782353,0.15506118343555644,0.16712328767123288,6.729857444763184,questions,bfs_snowball,bfs_snow_ts1500_mn32_dinf_M1,1500,15,1,4,8
XGBoost,3447,0.5365864020373623,0.10519560178689466,0.1178082191780822,2.582050323486328,questions,bfs_snowball,bfs_snow_ts1500_mn32_dinf_M1,1500,15,1,4,8
GCN,3447,0.5943448415987661,0.05327996468340124,0.08493150684931507,5.335280895233154,questions,bfs_snowball,bfs_snow_ts1500_mn32_dinf_Minf,1500,15,-1,4,15
GIN,3447,0.6434267124442116,0.0512644922030829,0.07945205479452055,2.357279062271118,questions,bfs_snowball,bfs_snow_ts1500_mn32_dinf_Minf,1500,15,-1,4,15
GraphSAGE,3447,0.6039627437896695,0.06828667730082119,0.13972602739726028,6.296371221542358,questions,bfs_snowball,bfs_snow_ts1500_mn32_dinf_Minf,1500,15,-1,4,15
XGBGraph,3447,0.6634004373033116,0.1238725139930071,0.12876712328767123,8.4691321849823,questions,bfs_snowball,bfs_snow_ts1500_mn32_dinf_Minf,1500,15,-1,4,15
XGBoost,3447,0.5451112768379323,0.10066321482872542,0.13972602739726028,3.098142623901367,questions,bfs_snowball,bfs_snow_ts1500_mn32_dinf_Minf,1500,15,-1,4,15
GCN,3447,0.5832027272580343,0.03494562642980024,0.021917808219178082,2.43220591545105,questions,bfs_snowball,bfs_snow_tsinf_mn8_d2_M1,,15,1,4,13
GIN,3447,0.51678457386016,0.03292478487651038,0.038356164383561646,2.5939464569091797,questions,bfs_snowball,bfs_snow_tsinf_mn8_d2_M1,,15,1,4,13
GraphSAGE,3447,0.5774278530346864,0.04161703905348843,0.06027397260273973,1.6684699058532715,questions,bfs_snowball,bfs_snow_tsinf_mn8_d2_M1,,15,1,4,13
XGBGraph,3447,0.6128377613949375,0.05973160873682893,0.07123287671232877,0.713343620300293,questions,bfs_snowball,bfs_snow_tsinf_mn8_d2_M1,,15,1,4,13
XGBoost,3447,0.5867377496196108,0.06985863986839563,0.07945205479452055,0.41672849655151367,questions,bfs_snowball,bfs_snow_tsinf_mn8_d2_M1,,15,1,4,13
GCN,3447,0.5743974380583179,0.03524337190170895,0.0273972602739726,2.7054240703582764,questions,bfs_snowball,bfs_snow_tsinf_mn16_d2_M1,,15,1,4,15
GIN,3447,0.5971519871441139,0.03904403832494096,0.03561643835616438,1.8412110805511475,questions,bfs_snowball,bfs_snow_tsinf_mn16_d2_M1,,15,1,4,15
GraphSAGE,3447,0.5268205001512322,0.03173010416396973,0.024657534246575342,2.3569257259368896,questions,bfs_snowball,bfs_snow_tsinf_mn16_d2_M1,,15,1,4,15
XGBGraph,3447,0.5803079594282271,0.045358031460303774,0.06301369863013699,1.176243543624878,questions,bfs_snowball,bfs_snow_tsinf_mn16_d2_M1,,15,1,4,15
XGBoost,3447,0.5658961139112787,0.07824336442404493,0.08493150684931507,0.5370826721191406,questions,bfs_snowball,bfs_snow_tsinf_mn16_d2_M1,,15,1,4,15
GCN,3447,0.571264277583703,0.0366750127638732,0.0410958904109589,2.5109341144561768,questions,bfs_snowball,bfs_snow_tsinf_mn8_d3_M1,,15,1,4,11
GIN,3447,0.5669173348972198,0.03808195741160873,0.049315068493150684,1.7879583835601807,questions,bfs_snowball,bfs_snow_tsinf_mn8_d3_M1,,15,1,4,11
GraphSAGE,3447,0.5927790694721191,0.04300609530386411,0.0547945205479452,1.7637057304382324,questions,bfs_snowball,bfs_snow_tsinf_mn8_d3_M1,,15,1,4,11
XGBGraph,3447,0.5927548261523081,0.0525356284539071,0.07671232876712329,1.5655694007873535,questions,bfs_snowball,bfs_snow_tsinf_mn8_d3_M1,,15,1,4,11
XGBoost,3447,0.5799142940922493,0.07586090400784251,0.08493150684931507,0.7001159191131592,questions,bfs_snowball,bfs_snow_tsinf_mn8_d3_M1,,15,1,4,11
GCN,3447,0.6340371592370513,0.04695250027236342,0.06301369863013699,2.739482879638672,questions,bfs_snowball,bfs_snow_tsinf_mn16_d3_M1,,15,1,4,12
GIN,3447,0.6511211958190664,0.051465310540431373,0.06575342465753424,1.7024786472320557,questions,bfs_snowball,bfs_snow_tsinf_mn16_d3_M1,,15,1,4,12
GraphSAGE,3447,0.628642674245975,0.056127654838685974,0.09041095890410959,2.053842067718506,questions,bfs_snowball,bfs_snow_tsinf_mn16_d3_M1,,15,1,4,12
XGBGraph,3447,0.6179609520928911,0.1042570009256179,0.12054794520547946,2.072464942932129,questions,bfs_snowball,bfs_snow_tsinf_mn16_d3_M1,,15,1,4,12
XGBoost,3447,0.6296298391398008,0.09951827722880152,0.10410958904109589,0.7979440689086914,questions,bfs_snowball,bfs_snow_tsinf_mn16_d3_M1,,15,1,4,12
GCN,3447,0.6426802490827943,0.05242169883359378,0.0684931506849315,2.4377739429473877,questions,bfs_snowball,bfs_snow_ts1500_mn8_d4_M1,1500,15,1,4,11
GIN,3447,0.6078514877317258,0.05057117786163408,0.07671232876712329,1.4864940643310547,questions,bfs_snowball,bfs_snow_ts1500_mn8_d4_M1,1500,15,1,4,11
GraphSAGE,3447,0.6767901382792785,0.06710788205728833,0.1178082191780822,2.0039470195770264,questions,bfs_snowball,bfs_snow_ts1500_mn8_d4_M1,1500,15,1,4,11
XGBGraph,3447,0.6524760510633583,0.10040607332299423,0.13972602739726028,3.7999370098114014,questions,bfs_snowball,bfs_snow_ts1500_mn8_d4_M1,1500,15,1,4,11
XGBoost,3447,0.6317264245259275,0.0970193369162672,0.11506849315068493,1.6892521381378174,questions,bfs_snowball,bfs_snow_ts1500_mn8_d4_M1,1500,15,1,4,11
GCN,3447,0.6159843134176386,0.05989064612223523,0.07945205479452055,3.4272866249084473,questions,bfs_snowball,bfs_snow_ts1500_mn16_d4_M1,1500,15,1,4,12
GIN,3447,0.6215809415181859,0.06615236302175491,0.0958904109589041,1.6627182960510254,questions,bfs_snowball,bfs_snow_ts1500_mn16_d4_M1,1500,15,1,4,12
GraphSAGE,3447,0.6338404420134424,0.05885873994019929,0.09863013698630137,2.265859603881836,questions,bfs_snowball,bfs_snow_ts1500_mn16_d4_M1,1500,15,1,4,12
XGBGraph,3447,0.6634775541491865,0.10572419746929204,0.13424657534246576,4.029025554656982,questions,bfs_snowball,bfs_snow_ts1500_mn16_d4_M1,1500,15,1,4,12
XGBoost,3447,0.5179938537412061,0.0824044096408046,0.10410958904109589,1.723527193069458,questions,bfs_snowball,bfs_snow_ts1500_mn16_d4_M1,1500,15,1,4,12
GCN,3407,0.6802868462681788,0.5938294604421414,0.5619596541786743,3.977614641189575,weibo,forest_fire,ff_b0.3_M1,300,15,1,0,14
GIN,3407,0.9209519166893677,0.8163151029609897,0.7809798270893372,0.7635476589202881,weibo,forest_fire,ff_b0.3_M1,300,15,1,0,14
GraphSAGE,3407,0.8171472130223044,0.6288394917608826,0.6426512968299711,1.500760793685913,weibo,forest_fire,ff_b0.3_M1,300,15,1,0,14
XGBGraph,3407,0.9847181001811308,0.8803280319189104,0.8011527377521613,2.5233206748962402,weibo,forest_fire,ff_b0.3_M1,300,15,1,0,14
XGBoost,3407,0.98893429108062,0.937713023213089,0.8530259365994236,1.079918622970581,weibo,forest_fire,ff_b0.3_M1,300,15,1,0,14
GCN,3407,0.9723988128521656,0.9044017061284939,0.829971181556196,1.4265367984771729,weibo,forest_fire,ff_b0.3_M2,300,15,2,0,15
GIN,3407,0.665520619763813,0.5016579362579404,0.4899135446685879,0.9867336750030518,weibo,forest_fire,ff_b0.3_M2,300,15,2,0,15
GraphSAGE,3407,0.5748706037535665,0.38928735215724336,0.4092219020172911,1.6316888332366943,weibo,forest_fire,ff_b0.3_M2,300,15,2,0,15
XGBGraph,3407,0.9477052776463504,0.7370429888101153,0.659942363112392,1.856611967086792,weibo,forest_fire,ff_b0.3_M2,300,15,2,0,15
XGBoost,3407,0.9702821148818825,0.8303971015343309,0.7118155619596542,0.8350985050201416,weibo,forest_fire,ff_b0.3_M2,300,15,2,0,15
GCN,3407,0.38226781558107636,0.32091891412198736,0.2910662824207493,1.3792002201080322,weibo,forest_fire,ff_b0.3_Minf,300,15,-1,0,15
GIN,3407,0.4390415836284476,0.29768671617757925,0.345821325648415,0.9029355049133301,weibo,forest_fire,ff_b0.3_Minf,300,15,-1,0,15
GraphSAGE,3407,0.4740385488503687,0.308753138093424,0.3170028818443804,1.4672527313232422,weibo,forest_fire,ff_b0.3_Minf,300,15,-1,0,15
XGBGraph,3407,0.9562485363767139,0.7465390544030766,0.6685878962536023,1.2655415534973145,weibo,forest_fire,ff_b0.3_Minf,300,15,-1,0,15
XGBoost,3407,0.9348034085098045,0.7130918036319882,0.6455331412103746,0.5675559043884277,weibo,forest_fire,ff_b0.3_Minf,300,15,-1,0,15
GCN,3407,0.8356894681252718,0.7343617535139334,0.7002881844380403,1.9554927349090576,weibo,forest_fire,ff_b0.5_M1,300,15,1,0,15
GIN,3407,0.8051352268436875,0.6853661019945824,0.6397694524495677,2.0180861949920654,weibo,forest_fire,ff_b0.5_M1,300,15,1,0,15
GraphSAGE,3407,0.5531028813664626,0.43118972808924716,0.3976945244956772,2.74763822555542,weibo,forest_fire,ff_b0.5_M1,300,15,1,0,15
XGBGraph,3407,0.9854703428104434,0.9089776673152408,0.8097982708933718,2.9231011867523193,weibo,forest_fire,ff_b0.5_M1,300,15,1,0,15
XGBoost,3407,0.9899302717918572,0.9428761748629323,0.8559077809798271,1.6111905574798584,weibo,forest_fire,ff_b0.5_M1,300,15,1,0,15
GCN,3407,0.48001108769313855,0.4282311628105015,0.4092219020172911,1.5188226699829102,weibo,forest_fire,ff_b0.5_M2,300,15,2,0,15
GIN,3407,0.5324769046219431,0.43848040153061246,0.4438040345821326,0.9638242721557617,weibo,forest_fire,ff_b0.5_M2,300,15,2,0,15
GraphSAGE,3407,0.27713880166888893,0.17775132621669285,0.1930835734870317,2.800382614135742,weibo,forest_fire,ff_b0.5_M2,300,15,2,0,15
XGBGraph,3407,0.9359446762345812,0.6149513399377344,0.5619596541786743,1.8724286556243896,weibo,forest_fire,ff_b0.5_M2,300,15,2,0,15
XGBoost,3407,0.9575484728136455,0.6635085007894167,0.6368876080691642,0.8358113765716553,weibo,forest_fire,ff_b0.5_M2,300,15,2,0,15
GCN,3407,0.588855912560158,0.535889657667595,0.5244956772334294,1.60225248336792,weibo,forest_fire,ff_b0.5_Minf,300,15,-1,0,15
GIN,3407,0.4112129076041502,0.26305428479979076,0.30547550432276654,1.5140740871429443,weibo,forest_fire,ff_b0.5_Minf,300,15,-1,0,15
GraphSAGE,3407,0.5096558513866785,0.2668481244197246,0.33429394812680113,2.864025592803955,weibo,forest_fire,ff_b0.5_Minf,300,15,-1,0,15
XGBGraph,3407,0.9258223770675919,0.592562659209858,0.5302593659942363,2.0167949199676514,weibo,forest_fire,ff_b0.5_Minf,300,15,-1,0,15
XGBoost,3407,0.9614607079874402,0.7305451203905712,0.654178674351585,0.923795223236084,weibo,forest_fire,ff_b0.5_Minf,300,15,-1,0,15
GCN,3407,0.6868371877404523,0.5821133579446746,0.5446685878962536,2.326596260070801,weibo,forest_fire,ff_b0.7_M1,300,15,1,0,15
GIN,3407,0.6934166821989954,0.5763007909643916,0.547550432276657,2.6255836486816406,weibo,forest_fire,ff_b0.7_M1,300,15,1,0,15
GraphSAGE,3407,0.5847415181537079,0.4082141080105617,0.41786743515850144,2.973851442337036,weibo,forest_fire,ff_b0.7_M1,300,15,1,0,15
XGBGraph,3407,0.987838903465382,0.9137519086087577,0.8184438040345822,3.385627508163452,weibo,forest_fire,ff_b0.7_M1,300,15,1,0,15
XGBoost,3407,0.9890117137654666,0.9344794337149814,0.8559077809798271,1.4426782131195068,weibo,forest_fire,ff_b0.7_M1,300,15,1,0,15
GCN,3407,0.7556602195554408,0.6722022482848599,0.6397694524495677,2.2080042362213135,weibo,forest_fire,ff_b0.7_M2,300,15,2,0,15
GIN,3407,0.7014098575327015,0.5666158696973932,0.5273775216138329,1.2967262268066406,weibo,forest_fire,ff_b0.7_M2,300,15,2,0,15
GraphSAGE,3407,0.5342604938802625,0.37802114093753864,0.345821325648415,3.4257843494415283,weibo,forest_fire,ff_b0.7_M2,300,15,2,0,15
XGBGraph,3407,0.9721259217839716,0.8209144472015392,0.729106628242075,3.2995834350585938,weibo,forest_fire,ff_b0.7_M2,300,15,2,0,15
XGBoost,3407,0.9781954779417036,0.8723017040044018,0.792507204610951,1.4858274459838867,weibo,forest_fire,ff_b0.7_M2,300,15,2,0,15
GCN,3407,0.8082622430594386,0.7475075223151121,0.7262247838616714,1.6859240531921387,weibo,forest_fire,ff_b0.7_Minf,300,15,-1,0,15
GIN,3407,0.8519936341348014,0.6948983341395829,0.6772334293948127,0.8497037887573242,weibo,forest_fire,ff_b0.7_Minf,300,15,-1,0,15
GraphSAGE,3407,0.9000071687671154,0.6949062000218674,0.6743515850144092,1.8670623302459717,weibo,forest_fire,ff_b0.7_Minf,300,15,-1,0,15
XGBGraph,3407,0.9722492245783569,0.8175678356522621,0.7146974063400576,2.3487093448638916,weibo,forest_fire,ff_b0.7_Minf,300,15,-1,0,15
XGBoost,3407,0.9695528123073394,0.8248956173186429,0.7348703170028819,1.0288608074188232,weibo,forest_fire,ff_b0.7_Minf,300,15,-1,0,15
GCN,3407,0.7223259303864922,0.6233363005447279,0.5965417867435159,2.3146352767944336,weibo,rwr,rwr_r0.1_M1,300,15,1,0,13
GIN,3407,0.9381669940403649,0.8203561886491099,0.7723342939481268,0.8677151203155518,weibo,rwr,rwr_r0.1_M1,300,15,1,0,13
GraphSAGE,3407,0.5640462433270726,0.38076500859426743,0.3861671469740634,1.432105541229248,weibo,rwr,rwr_r0.1_M1,300,15,1,0,13
XGBGraph,3407,0.9841541571680501,0.8905633168132772,0.792507204610951,3.1423420906066895,weibo,rwr,rwr_r0.1_M1,300,15,1,0,13
XGBoost,3407,0.9892908177651608,0.944388910480515,0.861671469740634,1.38096284866333,weibo,rwr,rwr_r0.1_M1,300,15,1,0,13
GCN,3407,0.9741178832064461,0.886772927267375,0.7953890489913544,1.4524779319763184,weibo,rwr,rwr_r0.1_M2,300,15,2,0,15
GIN,3407,0.9286291883521871,0.8028690335966203,0.7694524495677233,0.7890710830688477,weibo,rwr,rwr_r0.1_M2,300,15,2,0,15
GraphSAGE,3407,0.48457137941416834,0.3535900858502683,0.31988472622478387,3.133814811706543,weibo,rwr,rwr_r0.1_M2,300,15,2,0,15
XGBGraph,3407,0.9885328401221557,0.9186184457639093,0.8270893371757925,3.033923625946045,weibo,rwr,rwr_r0.1_M2,300,15,2,0,15
XGBoost,3407,0.9886370262042333,0.9344552079203534,0.8501440922190202,1.235093355178833,weibo,rwr,rwr_r0.1_M2,300,15,2,0,15
GCN,3407,0.7263848863272494,0.6295331802686694,0.590778097982709,2.163548469543457,weibo,rwr,rwr_r0.15_M1,300,15,1,0,13
GIN,3407,0.7696689463346092,0.6602678629610272,0.6340057636887608,1.960662603378296,weibo,rwr,rwr_r0.15_M1,300,15,1,0,13
GraphSAGE,3407,0.7872916875755707,0.6082441828308772,0.6109510086455331,1.4908337593078613,weibo,rwr,rwr_r0.15_M1,300,15,1,0,13
XGBGraph,3407,0.9869662255485301,0.9183125745604641,0.8270893371757925,3.2904670238494873,weibo,rwr,rwr_r0.15_M1,300,15,1,0,13
XGBoost,3407,0.9888434866971578,0.9419116568261393,0.8703170028818443,1.4818050861358643,weibo,rwr,rwr_r0.15_M1,300,15,1,0,13
GCN,3407,0.5476058707423498,0.46211365103329144,0.43515850144092216,2.3719189167022705,weibo,rwr,rwr_r0.15_M2,300,15,2,0,15
GIN,3407,0.6556014356650943,0.5249732234024707,0.5100864553314121,1.0938050746917725,weibo,rwr,rwr_r0.15_M2,300,15,2,0,15
GraphSAGE,3407,0.6149100797644821,0.43394360828853495,0.4495677233429395,1.620694875717163,weibo,rwr,rwr_r0.15_M2,300,15,2,0,15
XGBGraph,3407,0.9817100854994958,0.8730330923308677,0.7780979827089337,2.4133009910583496,weibo,rwr,rwr_r0.15_M2,300,15,2,0,15
XGBoost,3407,0.9813851013902629,0.8762688669250842,0.792507204610951,1.1112449169158936,weibo,rwr,rwr_r0.15_M2,300,15,2,0,15
GCN,3407,0.620041483265708,0.5336154830550981,0.5043227665706052,1.9245097637176514,weibo,metis,metis_K5,,5,1,0,5
GIN,3407,0.7133262601497795,0.5876678556334134,0.5677233429394812,0.7516117095947266,weibo,metis,metis_K5,,5,1,0,5
GraphSAGE,3407,0.478988821502478,0.2887647899222283,0.3227665706051873,3.310901403427124,weibo,metis,metis_K5,,5,1,0,5
XGBGraph,3407,0.9793271873103263,0.8861244919747411,0.8097982708933718,3.103935956954956,weibo,metis,metis_K5,,5,1,0,5
XGBoost,3407,0.9804034582132565,0.8806028029832812,0.7723342939481268,1.5202381610870361,weibo,metis,metis_K5,,5,1,0,5
GCN,3407,0.7386320080672526,0.6795026856433619,0.6512968299711815,1.8218517303466797,weibo,metis,metis_K15,,15,1,0,15
GIN,3407,0.6819657715266128,0.5559662415949669,0.5417867435158501,2.8934884071350098,weibo,metis,metis_K15,,15,1,0,15
GraphSAGE,3407,0.5853327024818271,0.4379803972041811,0.414985590778098,3.7293787002563477,weibo,metis,metis_K15,,15,1,0,15
XGBGraph,3407,0.9855802639062134,0.910196372161182,0.8155619596541787,3.136561393737793,weibo,metis,metis_K15,,15,1,0,15
XGBoost,3407,0.9879688971090752,0.9303126077325993,0.8443804034582133,1.4453396797180176,weibo,metis,metis_K15,,15,1,0,15
GCN,3407,0.6096553734688708,0.5564700115537584,0.5244956772334294,1.4988114833831787,weibo,uniform,uniform_K15,300,15,-1,0,15
GIN,3407,0.7770021171758883,0.6458414001395342,0.6051873198847262,0.8552238941192627,weibo,uniform,uniform_K15,300,15,-1,0,15
GraphSAGE,3407,0.5744280518636405,0.3372331424816165,0.3400576368876081,1.5882954597473145,weibo,uniform,uniform_K15,300,15,-1,0,15
XGBGraph,3407,0.9700670518684196,0.8197298270834827,0.7175792507204611,1.8868541717529297,weibo,uniform,uniform_K15,300,15,-1,0,15
XGBoost,3407,0.9746875612332191,0.8504816544173106,0.7665706051873199,0.7875726222991943,weibo,uniform,uniform_K15,300,15,-1,0,15
GCN,3407,0.7679599122542905,0.6807245979847786,0.654178674351585,2.283010244369507,weibo,bfs_partition,bfs_part_mn32,300,0,1,0,47
GIN,3407,0.9534885610372728,0.8263137742154574,0.7953890489913544,0.7598934173583984,weibo,bfs_partition,bfs_part_mn32,300,0,1,0,47
GraphSAGE,3407,0.6813808001299937,0.518231657823262,0.5072046109510087,1.9834818840026855,weibo,bfs_partition,bfs_part_mn32,300,0,1,0,47
XGBGraph,3407,0.9880501431363834,0.919359648543888,0.8414985590778098,3.4033217430114746,weibo,bfs_partition,bfs_part_mn32,300,0,1,0,47
XGBoost,3407,0.989428458093777,0.9459240744451457,0.8760806916426513,1.5638093948364258,weibo,bfs_partition,bfs_part_mn32,300,0,1,0,47
GCN,3407,0.6925406588574897,0.6203578230990774,0.5936599423631124,1.8475232124328613,weibo,bfs_snowball,bfs_snow_ts300_mn8_dinf_M1,300,15,1,0,13
GIN,3407,0.645224884224411,0.5383581177908034,0.515850144092219,1.4695360660552979,weibo,bfs_snowball,bfs_snow_ts300_mn8_dinf_M1,300,15,1,0,13
GraphSAGE,3407,0.46791212047352093,0.34770432215695873,0.3170028818443804,3.320751428604126,weibo,bfs_snowball,bfs_snow_ts300_mn8_dinf_M1,300,15,1,0,13
XGBGraph,3407,0.9667244947213978,0.8159016996153444,0.7060518731988472,2.939256429672241,weibo,bfs_snowball,bfs_snow_ts300_mn8_dinf_M1,300,15,1,0,13
XGBoost,3407,0.9714749977298904,0.8531709760093278,0.7723342939481268,1.3034963607788086,weibo,bfs_snowball,bfs_snow_ts300_mn8_dinf_M1,300,15,1,0,13
GCN,3407,0.7023676048193231,0.6590232850690027,0.6426512968299711,1.6675066947937012,weibo,bfs_snowball,bfs_snow_ts300_mn8_dinf_Minf,300,15,-1,0,15
GIN,3407,0.7250634435889716,0.64212830202785,0.6138328530259366,0.9438691139221191,weibo,bfs_snowball,bfs_snow_ts300_mn8_dinf_Minf,300,15,-1,0,15
GraphSAGE,3407,0.5796177613374052,0.3460576480852886,0.3659942363112392,1.5518910884857178,weibo,bfs_snowball,bfs_snow_ts300_mn8_dinf_Minf,300,15,-1,0,15
XGBGraph,3407,0.9738101041382902,0.8314650520793379,0.723342939481268,2.6812846660614014,weibo,bfs_snowball,bfs_snow_ts300_mn8_dinf_Minf,300,15,-1,0,15
XGBoost,3407,0.9727261865504371,0.8536393253060297,0.7550432276657061,1.0786054134368896,weibo,bfs_snowball,bfs_snow_ts300_mn8_dinf_Minf,300,15,-1,0,15
GCN,3407,0.5937053445548435,0.5338578405548966,0.49855907780979825,1.7827036380767822,weibo,bfs_snowball,bfs_snow_ts300_mn16_dinf_M1,300,15,1,0,13
GIN,3407,0.5934119030209184,0.46250321862122734,0.4610951008645533,1.0174016952514648,weibo,bfs_snowball,bfs_snow_ts300_mn16_dinf_M1,300,15,1,0,13
GraphSAGE,3407,0.36837426699356246,0.21602840995100364,0.16714697406340057,2.0035247802734375,weibo,bfs_snowball,bfs_snow_ts300_mn16_dinf_M1,300,15,1,0,13
XGBGraph,3407,0.9665562676530889,0.8173423388263624,0.723342939481268,2.421156883239746,weibo,bfs_snowball,bfs_snow_ts300_mn16_dinf_M1,300,15,1,0,13
XGBoost,3407,0.9675293083095569,0.837623574509966,0.7377521613832853,1.1918137073516846,weibo,bfs_snowball,bfs_snow_ts300_mn16_dinf_M1,300,15,1,0,13
GCN,3407,0.7500590228492504,0.6705278616342643,0.6484149855907781,2.2403440475463867,weibo,bfs_snowball,bfs_snow_ts300_mn16_dinf_Minf,300,15,-1,0,15
GIN,3407,0.6334762307578343,0.5280905160362224,0.5100864553314121,1.2921407222747803,weibo,bfs_snowball,bfs_snow_ts300_mn16_dinf_Minf,300,15,-1,0,15
GraphSAGE,3407,0.8093824824006767,0.6341800058428528,0.6368876080691642,2.252192258834839,weibo,bfs_snowball,bfs_snow_ts300_mn16_dinf_Minf,300,15,-1,0,15
XGBGraph,3407,0.9750488670958369,0.8303929210539677,0.7377521613832853,2.4227774143218994,weibo,bfs_snowball,bfs_snow_ts300_mn16_dinf_Minf,300,15,-1,0,15
XGBoost,3407,0.973948700302522,0.8641820056176467,0.7867435158501441,1.254732608795166,weibo,bfs_snowball,bfs_snow_ts300_mn16_dinf_Minf,300,15,-1,0,15
GCN,3407,0.5916029841187913,0.5185342655509263,0.484149855907781,1.7063817977905273,weibo,bfs_snowball,bfs_snow_ts300_mn32_dinf_M1,300,15,1,0,15
GIN,3407,0.5650159385588867,0.4609608316445126,0.45244956772334294,2.128472328186035,weibo,bfs_snowball,bfs_snow_ts300_mn32_dinf_M1,300,15,1,0,15
GraphSAGE,3407,0.415627434393833,0.27431651379658845,0.2507204610951009,2.312600612640381,weibo,bfs_snowball,bfs_snow_ts300_mn32_dinf_M1,300,15,1,0,15
XGBGraph,3407,0.9734975458920574,0.8308092802187822,0.7146974063400576,3.4129295349121094,weibo,bfs_snowball,bfs_snow_ts300_mn32_dinf_M1,300,15,1,0,15
XGBoost,3407,0.9709425972921177,0.8426205123420571,0.7146974063400576,1.4189727306365967,weibo,bfs_snowball,bfs_snow_ts300_mn32_dinf_M1,300,15,1,0,15
GCN,3407,0.5920799460908712,0.5340249940519128,0.5100864553314121,1.5142438411712646,weibo,bfs_snowball,bfs_snow_ts300_mn32_dinf_Minf,300,15,-1,0,15
GIN,3407,0.5093351685377149,0.42771437500794734,0.42363112391930835,0.8615081310272217,weibo,bfs_snowball,bfs_snow_ts300_mn32_dinf_Minf,300,15,-1,0,15
GraphSAGE,3407,0.45423220114604684,0.28642307876471584,0.30547550432276654,2.2587759494781494,weibo,bfs_snowball,bfs_snow_ts300_mn32_dinf_Minf,300,15,-1,0,15
XGBGraph,3407,0.9694151719787231,0.815289392108456,0.7319884726224783,2.067758798599243,weibo,bfs_snowball,bfs_snow_ts300_mn32_dinf_Minf,300,15,-1,0,15
XGBoost,3407,0.9411587595165384,0.7545152231442983,0.659942363112392,0.9504263401031494,weibo,bfs_snowball,bfs_snow_ts300_mn32_dinf_Minf,300,15,-1,0,15
GCN,3407,0.3739472665490989,0.3286245720778188,0.2881844380403458,2.066106081008911,weibo,bfs_snowball,bfs_snow_tsinf_mn8_d2_M1,,15,1,0,15
GIN,3407,0.42530574791747316,0.3158964842440082,0.33429394812680113,3.2325870990753174,weibo,bfs_snowball,bfs_snow_tsinf_mn8_d2_M1,,15,1,0,15
GraphSAGE,3407,0.35905200223665534,0.1579348844684615,0.1642651296829971,1.8641927242279053,weibo,bfs_snowball,bfs_snow_tsinf_mn8_d2_M1,,15,1,0,15
XGBGraph,3407,0.9507601282731396,0.6367115500479952,0.6195965417867435,1.0495493412017822,weibo,bfs_snowball,bfs_snow_tsinf_mn8_d2_M1,,15,1,0,15
XGBoost,3407,0.9539296791737757,0.7262852677996247,0.6282420749279539,0.6135697364807129,weibo,bfs_snowball,bfs_snow_tsinf_mn8_d2_M1,,15,1,0,15
GCN,3407,0.4685520524180251,0.4138258592461831,0.3976945244956772,1.511686086654663,weibo,bfs_snowball,bfs_snow_tsinf_mn16_d2_M1,,15,1,0,13
GIN,3407,0.5420170998991594,0.4106837624248963,0.3976945244956772,0.9150183200836182,weibo,bfs_snowball,bfs_snow_tsinf_mn16_d2_M1,,15,1,0,13
GraphSAGE,3407,0.4483920455360087,0.20432296937167488,0.2276657060518732,1.1716713905334473,weibo,bfs_snowball,bfs_snow_tsinf_mn16_d2_M1,,15,1,0,13
XGBGraph,3407,0.8926873796244521,0.552226775987382,0.5100864553314121,1.4944491386413574,weibo,bfs_snowball,bfs_snow_tsinf_mn16_d2_M1,,15,1,0,13
XGBoost,3407,0.8355417915226939,0.5693045367889211,0.5360230547550432,0.6617527008056641,weibo,bfs_snowball,bfs_snow_tsinf_mn16_d2_M1,,15,1,0,13
GCN,3407,0.6063954961025803,0.518548035094888,0.484149855907781,1.8530361652374268,weibo,bfs_snowball,bfs_snow_tsinf_mn8_d3_M1,,15,1,0,10
GIN,3407,0.5843888148116286,0.45450459236770646,0.44668587896253603,1.2718966007232666,weibo,bfs_snowball,bfs_snow_tsinf_mn8_d3_M1,,15,1,0,10
GraphSAGE,3407,0.5527683389010758,0.42729128071408295,0.40057636887608067,1.936962604522705,weibo,bfs_snowball,bfs_snow_tsinf_mn8_d3_M1,,15,1,0,10
XGBGraph,3407,0.9684478663359475,0.793993372128078,0.6974063400576369,2.4123878479003906,weibo,bfs_snowball,bfs_snow_tsinf_mn8_d3_M1,,15,1,0,10
XGBoost,3407,0.9871248942606851,0.9185389279140074,0.8357348703170029,1.1390998363494873,weibo,bfs_snowball,bfs_snow_tsinf_mn8_d3_M1,,15,1,0,10
GCN,3407,0.6986914610425299,0.6359855209128012,0.6138328530259366,1.5281050205230713,weibo,bfs_snowball,bfs_snow_tsinf_mn16_d3_M1,,15,1,0,7
GIN,3407,0.7514875191764521,0.609642036728245,0.6109510086455331,1.0492217540740967,weibo,bfs_snowball,bfs_snow_tsinf_mn16_d3_M1,,15,1,0,7
GraphSAGE,3407,0.5163897132971071,0.35162649852650757,0.4092219020172911,3.9077327251434326,weibo,bfs_snowball,bfs_snow_tsinf_mn16_d3_M1,,15,1,0,7
XGBGraph,3407,0.9594849957704276,0.795631512969537,0.7002881844380403,3.357666492462158,weibo,bfs_snowball,bfs_snow_tsinf_mn16_d3_M1,,15,1,0,7
XGBoost,3407,0.9737288581109821,0.8642656724214656,0.7723342939481268,1.4351203441619873,weibo,bfs_snowball,bfs_snow_tsinf_mn16_d3_M1,,15,1,0,7
GCN,3407,0.616280270119145,0.5387237733206339,0.5014409221902018,1.7785639762878418,weibo,bfs_snowball,bfs_snow_ts300_mn8_d4_M1,300,15,1,0,11
GIN,3407,0.6093079272226762,0.5031302695887366,0.4610951008645533,1.7014024257659912,weibo,bfs_snowball,bfs_snow_ts300_mn8_d4_M1,300,15,1,0,11
GraphSAGE,3407,0.49487911069054347,0.29602272868624013,0.28530259365994237,1.5645771026611328,weibo,bfs_snowball,bfs_snow_ts300_mn8_d4_M1,300,15,1,0,11
XGBGraph,3407,0.9697372885811099,0.7885841140035723,0.7204610951008645,2.9841718673706055,weibo,bfs_snowball,bfs_snow_ts300_mn8_d4_M1,300,15,1,0,11
XGBoost,3407,0.973427769892134,0.8610621890350575,0.8011527377521613,1.332099437713623,weibo,bfs_snowball,bfs_snow_ts300_mn8_d4_M1,300,15,1,0,11
GCN,3407,0.5755157927939553,0.5154018688235291,0.47262247838616717,1.771914005279541,weibo,bfs_snowball,bfs_snow_ts300_mn16_d4_M1,300,15,1,0,13
GIN,3407,0.7003221166023867,0.6195517312952789,0.5821325648414986,0.8877213001251221,weibo,bfs_snowball,bfs_snow_ts300_mn16_d4_M1,300,15,1,0,13
GraphSAGE,3407,0.47702601306627285,0.258777202545918,0.2420749279538905,2.0073623657226562,weibo,bfs_snowball,bfs_snow_ts300_mn16_d4_M1,300,15,1,0,13
XGBGraph,3407,0.9649877414082325,0.7208463099215007,0.654178674351585,2.906900644302368,weibo,bfs_snowball,bfs_snow_ts300_mn16_d4_M1,300,15,1,0,13
XGBoost,3407,0.9709177455661174,0.8261325985024045,0.7118155619596542,1.1549339294433594,weibo,bfs_snowball,bfs_snow_ts300_mn16_d4_M1,300,15,1,0,13
GCN,3417,0.9514578882723749,0.8915938143565629,0.8126801152737753,1.6010727882385254,weibo,forest_fire,ff_b0.3_M1,300,15,1,1,13
GIN,3417,0.7466863568803437,0.6154382126325209,0.6023054755043228,1.5294837951660156,weibo,forest_fire,ff_b0.3_M1,300,15,1,1,13
GraphSAGE,3417,0.7402105705860706,0.5104437505858711,0.5936599423631124,1.6615862846374512,weibo,forest_fire,ff_b0.3_M1,300,15,1,1,13
XGBGraph,3417,0.9851358003450567,0.8825936577360199,0.7982708933717579,3.489503860473633,weibo,forest_fire,ff_b0.3_M1,300,15,1,1,13
XGBoost,3417,0.9907303062019392,0.933365619315994,0.8472622478386167,1.338501214981079,weibo,forest_fire,ff_b0.3_M1,300,15,1,1,13
GCN,3417,0.5814109089518784,0.542114738073065,0.5072046109510087,1.581329345703125,weibo,forest_fire,ff_b0.3_M2,300,15,2,1,15
GIN,3417,0.6969977203320573,0.572686607208111,0.5619596541786743,0.7012088298797607,weibo,forest_fire,ff_b0.3_M2,300,15,2,1,15
GraphSAGE,3417,0.48757365908211103,0.29597345526248847,0.3285302593659942,1.9059772491455078,weibo,forest_fire,ff_b0.3_M2,300,15,2,1,15
XGBGraph,3417,0.962785496150372,0.7731673136065884,0.7031700288184438,2.4750378131866455,weibo,forest_fire,ff_b0.3_M2,300,15,2,1,15
XGBoost,3417,0.9705057804158841,0.818474462378859,0.7204610951008645,1.0747888088226318,weibo,forest_fire,ff_b0.3_M2,300,15,2,1,15
GCN,3417,0.6532171037225017,0.6027764072356097,0.5706051873198847,1.7810311317443848,weibo,forest_fire,ff_b0.3_Minf,300,15,-1,1,15
GIN,3417,0.6873184509728016,0.5772245824323314,0.5619596541786743,0.7438724040985107,weibo,forest_fire,ff_b0.3_Minf,300,15,-1,1,15
GraphSAGE,3417,0.6305427712541997,0.376905054001605,0.49279538904899134,2.624136209487915,weibo,forest_fire,ff_b0.3_Minf,300,15,-1,1,15
XGBGraph,3417,0.9699714683068805,0.7958764961057937,0.7492795389048992,1.9614884853363037,weibo,forest_fire,ff_b0.3_Minf,300,15,-1,1,15
XGBoost,3417,0.977753881887393,0.8384992695496682,0.7636887608069164,0.9772937297821045,weibo,forest_fire,ff_b0.3_Minf,300,15,-1,1,15
GCN,3417,0.9489535989600509,0.8339130054764795,0.7204610951008645,1.338263988494873,weibo,forest_fire,ff_b0.5_M1,300,15,1,1,15
GIN,3417,0.7717999818391234,0.6400419293637911,0.6051873198847262,1.2706456184387207,weibo,forest_fire,ff_b0.5_M1,300,15,1,1,15
GraphSAGE,3417,0.6095053072772545,0.44478665709290655,0.43804034582132567,1.7875385284423828,weibo,forest_fire,ff_b0.5_M1,300,15,1,1,15
XGBGraph,3417,0.9898241740385489,0.9202196840038588,0.8328530259365994,3.21744441986084,weibo,forest_fire,ff_b0.5_M1,300,15,1,1,15
XGBoost,3417,0.992744251843568,0.948378771029092,0.861671469740634,1.324681282043457,weibo,forest_fire,ff_b0.5_M1,300,15,1,1,15
GCN,3417,0.33441629508557114,0.2498772104268147,0.207492795389049,3.8044750690460205,weibo,forest_fire,ff_b0.5_M2,300,15,2,1,15
GIN,3417,0.405033908268456,0.2993342128890216,0.31412103746397696,1.0582916736602783,weibo,forest_fire,ff_b0.5_M2,300,15,2,1,15
GraphSAGE,3417,0.36206670776759814,0.17145542613901954,0.1786743515850144,2.1890645027160645,weibo,forest_fire,ff_b0.5_M2,300,15,2,1,15
XGBGraph,3417,0.9608279448100516,0.7943529246490091,0.7377521613832853,1.9736158847808838,weibo,forest_fire,ff_b0.5_M2,300,15,2,1,15
XGBoost,3417,0.9639802906696106,0.7754487081340689,0.7146974063400576,0.9518122673034668,weibo,forest_fire,ff_b0.5_M2,300,15,2,1,15
GCN,3417,0.8827629384298489,0.7740516290683253,0.6945244956772334,1.3520076274871826,weibo,forest_fire,ff_b0.5_Minf,300,15,-1,1,15
GIN,3417,0.6206460492924426,0.48681195258474297,0.484149855907781,0.8807668685913086,weibo,forest_fire,ff_b0.5_Minf,300,15,-1,1,15
GraphSAGE,3417,0.7541366175845077,0.5384394584478978,0.521613832853026,1.8554184436798096,weibo,forest_fire,ff_b0.5_Minf,300,15,-1,1,15
XGBGraph,3417,0.9728169909338992,0.8045888663375905,0.7002881844380403,1.536870002746582,weibo,forest_fire,ff_b0.5_Minf,300,15,-1,1,15
XGBoost,3417,0.9696780267729556,0.7719011563638707,0.6772334293948127,0.6957941055297852,weibo,forest_fire,ff_b0.5_Minf,300,15,-1,1,15
GCN,3417,0.956243757198637,0.8707322922378097,0.7723342939481268,1.3712282180786133,weibo,forest_fire,ff_b0.7_M1,300,15,1,1,13
GIN,3417,0.6228769696187649,0.5317188117442471,0.5129682997118156,0.8214828968048096,weibo,forest_fire,ff_b0.7_M1,300,15,1,1,13
GraphSAGE,3417,0.3448052723892545,0.21632708403979964,0.1873198847262248,2.687868118286133,weibo,forest_fire,ff_b0.7_M1,300,15,1,1,13
XGBGraph,3417,0.9844036302636672,0.8939035197160804,0.7838616714697406,2.6116180419921875,weibo,forest_fire,ff_b0.7_M1,300,15,1,1,13
XGBoost,3417,0.9820962430881137,0.8703106756018638,0.760806916426513,1.2360179424285889,weibo,forest_fire,ff_b0.7_M1,300,15,1,1,13
GCN,3417,0.7147451981208272,0.6530519249597838,0.6253602305475504,1.6614570617675781,weibo,forest_fire,ff_b0.7_M2,300,15,2,1,15
GIN,3417,0.7899469989151267,0.6480665243227265,0.622478386167147,0.6825399398803711,weibo,forest_fire,ff_b0.7_M2,300,15,2,1,15
GraphSAGE,3417,0.5760601411769204,0.350359995699393,0.37175792507204614,3.542574644088745,weibo,forest_fire,ff_b0.7_M2,300,15,2,1,15
XGBGraph,3417,0.9597688789481985,0.7321789846633234,0.6340057636887608,2.335434675216675,weibo,forest_fire,ff_b0.7_M2,300,15,2,1,15
XGBoost,3417,0.9822654259920379,0.8771720595819075,0.760806916426513,1.210756778717041,weibo,forest_fire,ff_b0.7_M2,300,15,2,1,15
GCN,3417,0.6205122323062879,0.564522604844732,0.5360230547550432,1.753326416015625,weibo,forest_fire,ff_b0.7_Minf,300,15,-1,1,15
GIN,3417,0.6010428166563915,0.5076384887909166,0.5187319884726225,0.9414651393890381,weibo,forest_fire,ff_b0.7_Minf,300,15,-1,1,15
GraphSAGE,3417,0.5673644266659019,0.3696013104388147,0.43515850144092216,2.8031346797943115,weibo,forest_fire,ff_b0.7_Minf,300,15,-1,1,15
XGBGraph,3417,0.9745652142744492,0.8255634390595635,0.7319884726224783,1.952101230621338,weibo,forest_fire,ff_b0.7_Minf,300,15,-1,1,15
XGBoost,3417,0.9605765600432038,0.7815812048529699,0.6772334293948127,0.9984946250915527,weibo,forest_fire,ff_b0.7_Minf,300,15,-1,1,15
GCN,3417,0.6034486549003302,0.5219282929705306,0.4899135446685879,2.2057464122772217,weibo,rwr,rwr_r0.1_M1,300,15,1,1,12
GIN,3417,0.68998571025755,0.5839430459513338,0.5936599423631124,0.836876392364502,weibo,rwr,rwr_r0.1_M1,300,15,1,1,12
GraphSAGE,3417,0.4153674471064466,0.28127050878460824,0.2564841498559078,3.102987766265869,weibo,rwr,rwr_r0.1_M1,300,15,1,1,12
XGBGraph,3417,0.9845431822635144,0.8856556946489496,0.792507204610951,2.6164751052856445,weibo,rwr,rwr_r0.1_M1,300,15,1,1,12
XGBoost,3417,0.9835252173331231,0.8813270355562223,0.7838616714697406,1.239959955215454,weibo,rwr,rwr_r0.1_M1,300,15,1,1,12
GCN,3417,0.9602066516600474,0.8513800476628287,0.7377521613832853,1.5315122604370117,weibo,rwr,rwr_r0.1_M2,300,15,2,1,15
GIN,3417,0.7020402311210517,0.5540977839379966,0.5273775216138329,0.8263602256774902,weibo,rwr,rwr_r0.1_M2,300,15,2,1,15
GraphSAGE,3417,0.36749633198082593,0.23146395367560066,0.1873198847262248,2.3556251525878906,weibo,rwr,rwr_r0.1_M2,300,15,2,1,15
XGBGraph,3417,0.9602171658518168,0.7836681377395637,0.7204610951008645,2.307765007019043,weibo,rwr,rwr_r0.1_M2,300,15,2,1,15
XGBoost,3417,0.9429930080624733,0.7965368771296937,0.7118155619596542,1.028653621673584,weibo,rwr,rwr_r0.1_M2,300,15,2,1,15
GCN,3417,0.7163337969136068,0.6474375610002703,0.6138328530259366,1.8361289501190186,weibo,rwr,rwr_r0.15_M1,300,15,1,1,11
GIN,3417,0.6171448234332659,0.48603426047397313,0.4553314121037464,1.6892623901367188,weibo,rwr,rwr_r0.15_M1,300,15,1,1,11
GraphSAGE,3417,0.612917162506392,0.42353102898443856,0.4668587896253602,1.9507739543914795,weibo,rwr,rwr_r0.15_M1,300,15,1,1,11
XGBGraph,3417,0.9811241582672613,0.8709980148990558,0.7665706051873199,2.6394286155700684,weibo,rwr,rwr_r0.15_M1,300,15,1,1,11
XGBoost,3417,0.9871019542059157,0.8952083450319176,0.8011527377521613,1.140584945678711,weibo,rwr,rwr_r0.15_M1,300,15,1,1,11
GCN,3417,0.9658403467771612,0.8725687892272402,0.7579250720461095,1.577871322631836,weibo,rwr,rwr_r0.15_M2,300,15,2,1,12
GIN,3417,0.6975984630163304,0.5710230739439909,0.5706051873198847,1.3912723064422607,weibo,rwr,rwr_r0.15_M2,300,15,2,1,12
GraphSAGE,3417,0.6558619008702883,0.5363853116714481,0.5360230547550432,3.7239787578582764,weibo,rwr,rwr_r0.15_M2,300,15,2,1,12
XGBGraph,3417,0.980998943801645,0.852531181894424,0.7579250720461095,2.631376266479492,weibo,rwr,rwr_r0.15_M2,300,15,2,1,12
XGBoost,3417,0.9895068366142391,0.9094730458500706,0.8443804034582133,1.1552681922912598,weibo,rwr,rwr_r0.15_M2,300,15,2,1,12
GCN,3417,0.83906595743664,0.7647391132989303,0.7348703170028819,1.7397146224975586,weibo,metis,metis_K5,,5,1,1,5
GIN,3417,0.803128927886982,0.6618598227688409,0.6484149855907781,1.6155686378479004,weibo,metis,metis_K5,,5,1,1,5
GraphSAGE,3417,0.6839491304285489,0.5314903907697027,0.5417867435158501,1.7405736446380615,weibo,metis,metis_K5,,5,1,1,5
XGBGraph,3417,0.9780454117500872,0.8818119949096374,0.8155619596541787,4.138655424118042,weibo,metis,metis_K5,,5,1,1,5
XGBoost,3417,0.9930529867473391,0.9512634273625264,0.8645533141210374,1.6794261932373047,weibo,metis,metis_K5,,5,1,1,5
GCN,3417,0.6698257033755335,0.6097707088568424,0.5878962536023055,2.275378942489624,weibo,metis,metis_K15,,15,1,1,15
GIN,3417,0.6235269378372308,0.5187485040773278,0.5360230547550432,1.1479811668395996,weibo,metis,metis_K15,,15,1,1,15
GraphSAGE,3417,0.5935203903632653,0.32619371650306317,0.3573487031700288,2.969228506088257,weibo,metis,metis_K15,,15,1,1,15
XGBGraph,3417,0.979610114652482,0.8733705246350334,0.7694524495677233,3.312800407409668,weibo,metis,metis_K15,,15,1,1,15
XGBoost,3417,0.9884429915743089,0.9114118053636223,0.8040345821325648,1.4858968257904053,weibo,metis,metis_K15,,15,1,1,15
GCN,3417,0.9703815217858832,0.8843285618005283,0.7694524495677233,1.6542730331420898,weibo,uniform,uniform_K15,300,15,-1,1,15
GIN,3417,0.5934993619797266,0.48841130788695447,0.4783861671469741,1.4548771381378174,weibo,uniform,uniform_K15,300,15,-1,1,15
GraphSAGE,3417,0.619942554279515,0.36624373137258887,0.4668587896253602,1.215613842010498,weibo,uniform,uniform_K15,300,15,-1,1,15
XGBGraph,3417,0.9442308151844047,0.6170515938397128,0.5734870317002881,1.9302115440368652,weibo,uniform,uniform_K15,300,15,-1,1,15
XGBoost,3417,0.9415496962832332,0.7339136224213884,0.6974063400576369,0.8443136215209961,weibo,uniform,uniform_K15,300,15,-1,1,15
GCN,3417,0.7796330547072514,0.6967407602339026,0.6570605187319885,2.485201597213745,weibo,bfs_partition,bfs_part_mn32,300,0,1,1,48
GIN,3417,0.7990943457544171,0.6790023404521799,0.6340057636887608,1.6281664371490479,weibo,bfs_partition,bfs_part_mn32,300,0,1,1,48
GraphSAGE,3417,0.7081962904019765,0.5320048177178007,0.5043227665706052,1.538564682006836,weibo,bfs_partition,bfs_part_mn32,300,0,1,1,48
XGBGraph,3417,0.9945546044991183,0.9589154340761291,0.8847262247838616,3.653564453125,weibo,bfs_partition,bfs_part_mn32,300,0,1,1,48
XGBoost,3417,0.9931275419253397,0.954860262689467,0.8789625360230547,1.4553380012512207,weibo,bfs_partition,bfs_part_mn32,300,0,1,1,48
GCN,3417,0.9564865394449463,0.9027663520892197,0.8357348703170029,1.5080349445343018,weibo,bfs_snowball,bfs_snow_ts300_mn8_dinf_M1,300,15,1,1,15
GIN,3417,0.6206627764157121,0.5078237003463577,0.49855907780979825,1.398160696029663,weibo,bfs_snowball,bfs_snow_ts300_mn8_dinf_M1,300,15,1,1,15
GraphSAGE,3417,0.5018586223541275,0.36502853136880153,0.3314121037463977,1.7736868858337402,weibo,bfs_snowball,bfs_snow_ts300_mn8_dinf_M1,300,15,1,1,15
XGBGraph,3417,0.9834038262099685,0.8913788143861853,0.8069164265129684,2.8146450519561768,weibo,bfs_snowball,bfs_snow_ts300_mn8_dinf_M1,300,15,1,1,15
XGBoost,3417,0.9832375108128903,0.8866645026887552,0.7780979827089337,1.3123822212219238,weibo,bfs_snowball,bfs_snow_ts300_mn8_dinf_M1,300,15,1,1,15
GCN,3417,0.5427894150763951,0.4751120446422034,0.43804034582132567,2.027719259262085,weibo,bfs_snowball,bfs_snow_ts300_mn8_dinf_Minf,300,15,-1,1,15
GIN,3417,0.48875411606711877,0.3597465215823145,0.4092219020172911,0.7854270935058594,weibo,bfs_snowball,bfs_snow_ts300_mn8_dinf_Minf,300,15,-1,1,15
GraphSAGE,3417,0.5443144508007514,0.36632429534702976,0.4092219020172911,3.6431241035461426,weibo,bfs_snowball,bfs_snow_ts300_mn8_dinf_Minf,300,15,-1,1,15
XGBGraph,3417,0.9287520132287649,0.6625941092956542,0.6311239193083573,1.6219863891601562,weibo,bfs_snowball,bfs_snow_ts300_mn8_dinf_Minf,300,15,-1,1,15
XGBoost,3417,0.9498721569864413,0.732114629762707,0.6628242074927954,0.8131318092346191,weibo,bfs_snowball,bfs_snow_ts300_mn8_dinf_Minf,300,15,-1,1,15
GCN,3417,0.8432286215416671,0.7159469282310341,0.6426512968299711,1.5991737842559814,weibo,bfs_snowball,bfs_snow_ts300_mn16_dinf_M1,300,15,1,1,11
GIN,3417,0.38967649743597094,0.28083252210173554,0.3256484149855908,0.8694839477539062,weibo,bfs_snowball,bfs_snow_ts300_mn16_dinf_M1,300,15,1,1,11
GraphSAGE,3417,0.28418522182555045,0.10619469609347043,0.069164265129683,0.998711109161377,weibo,bfs_snowball,bfs_snow_ts300_mn16_dinf_M1,300,15,1,1,11
XGBGraph,3417,0.8401967109696474,0.5756363546123758,0.5994236311239193,1.8941469192504883,weibo,bfs_snowball,bfs_snow_ts300_mn16_dinf_M1,300,15,1,1,11
XGBoost,3417,0.9344803360718024,0.6451022029446289,0.5936599423631124,0.8956558704376221,weibo,bfs_snowball,bfs_snow_ts300_mn16_dinf_M1,300,15,1,1,11
GCN,3417,0.43739515678093677,0.38032187699244036,0.33429394812680113,2.3210949897766113,weibo,bfs_snowball,bfs_snow_ts300_mn16_dinf_Minf,300,15,-1,1,15
GIN,3417,0.5096501163729862,0.38285894347861427,0.3861671469740634,1.1661312580108643,weibo,bfs_snowball,bfs_snow_ts300_mn16_dinf_Minf,300,15,-1,1,15
GraphSAGE,3417,0.5100458323177579,0.2786278980661091,0.37175792507204614,1.8310959339141846,weibo,bfs_snowball,bfs_snow_ts300_mn16_dinf_Minf,300,15,-1,1,15
XGBGraph,3417,0.8903408031886676,0.5600847712605935,0.5360230547550432,1.715118646621704,weibo,bfs_snowball,bfs_snow_ts300_mn16_dinf_Minf,300,15,-1,1,15
XGBoost,3417,0.9536085184070043,0.7740401458096495,0.6628242074927954,0.9186551570892334,weibo,bfs_snowball,bfs_snow_ts300_mn16_dinf_Minf,300,15,-1,1,15
GCN,3417,0.6313810390888974,0.5607608803785553,0.5273775216138329,2.320991277694702,weibo,bfs_snowball,bfs_snow_ts300_mn32_dinf_M1,300,15,1,1,11
GIN,3417,0.8370969360689349,0.6989625604871872,0.6311239193083573,0.8220090866088867,weibo,bfs_snowball,bfs_snow_ts300_mn32_dinf_M1,300,15,1,1,11
GraphSAGE,3417,0.7353635281804235,0.5988551095963216,0.6109510086455331,1.6304600238800049,weibo,bfs_snowball,bfs_snow_ts300_mn32_dinf_M1,300,15,1,1,11
XGBGraph,3417,0.9648109118193853,0.7815846421763976,0.7031700288184438,2.53532075881958,weibo,bfs_snowball,bfs_snow_ts300_mn32_dinf_M1,300,15,1,1,11
XGBoost,3417,0.9846655292222843,0.873287310911113,0.7867435158501441,1.274684190750122,weibo,bfs_snowball,bfs_snow_ts300_mn32_dinf_M1,300,15,1,1,11
GCN,3417,0.7176318216793076,0.6292195622978396,0.5878962536023055,2.718965768814087,weibo,bfs_snowball,bfs_snow_ts300_mn32_dinf_Minf,300,15,-1,1,15
GIN,3417,0.7868892807814911,0.6400234421556747,0.654178674351585,1.541198968887329,weibo,bfs_snowball,bfs_snow_ts300_mn32_dinf_Minf,300,15,-1,1,15
GraphSAGE,3417,0.7957388848265876,0.5717924082141647,0.5936599423631124,2.1095662117004395,weibo,bfs_snowball,bfs_snow_ts300_mn32_dinf_Minf,300,15,-1,1,15
XGBGraph,3417,0.9803499314187946,0.8622464324627213,0.760806916426513,2.193772554397583,weibo,bfs_snowball,bfs_snow_ts300_mn32_dinf_Minf,300,15,-1,1,15
XGBoost,3417,0.9897180762852407,0.9257197719539219,0.8270893371757925,1.1443681716918945,weibo,bfs_snowball,bfs_snow_ts300_mn32_dinf_Minf,300,15,-1,1,15
GCN,3417,0.6688908961436812,0.6281911161648174,0.5994236311239193,1.6026606559753418,weibo,bfs_snowball,bfs_snow_tsinf_mn8_d2_M1,,15,1,1,15
GIN,3417,0.4064810433901577,0.3011443418188983,0.3371757925072046,1.5012128353118896,weibo,bfs_snowball,bfs_snow_tsinf_mn8_d2_M1,,15,1,1,15
GraphSAGE,3417,0.3281856806266459,0.22111324433058352,0.21613832853025935,1.9922573566436768,weibo,bfs_snowball,bfs_snow_tsinf_mn8_d2_M1,,15,1,1,15
XGBGraph,3417,0.9055796904048441,0.45080912543185814,0.42939481268011526,0.8076136112213135,weibo,bfs_snowball,bfs_snow_tsinf_mn8_d2_M1,,15,1,1,15
XGBoost,3417,0.9535874900234658,0.688078144668888,0.590778097982709,0.5129504203796387,weibo,bfs_snowball,bfs_snow_tsinf_mn8_d2_M1,,15,1,1,15
GCN,3417,0.42852117892764796,0.36731711113054144,0.3371757925072046,1.6284701824188232,weibo,bfs_snowball,bfs_snow_tsinf_mn16_d2_M1,,15,1,1,15
GIN,3417,0.5555163662953245,0.4628076148657453,0.47262247838616717,0.8767766952514648,weibo,bfs_snowball,bfs_snow_tsinf_mn16_d2_M1,,15,1,1,15
GraphSAGE,3417,0.3633637766976836,0.21007468731277243,0.21037463976945245,2.3912417888641357,weibo,bfs_snowball,bfs_snow_tsinf_mn16_d2_M1,,15,1,1,15
XGBGraph,3417,0.9708298086895015,0.7688169846830903,0.7060518731988472,2.0880625247955322,weibo,bfs_snowball,bfs_snow_tsinf_mn16_d2_M1,,15,1,1,15
XGBoost,3417,0.9715266128531215,0.8311224091677525,0.7463976945244957,0.9764196872711182,weibo,bfs_snowball,bfs_snow_tsinf_mn16_d2_M1,,15,1,1,15
GCN,3417,0.5803002279667943,0.5065783202609264,0.4812680115273775,2.0098717212677,weibo,bfs_snowball,bfs_snow_tsinf_mn8_d3_M1,,15,1,1,11
GIN,3417,0.7658910060647769,0.593527833645229,0.553314121037464,0.8141679763793945,weibo,bfs_snowball,bfs_snow_tsinf_mn8_d3_M1,,15,1,1,11
GraphSAGE,3417,0.4559589181852505,0.32051137059744994,0.3025936599423631,2.1236488819122314,weibo,bfs_snowball,bfs_snow_tsinf_mn8_d3_M1,,15,1,1,11
XGBGraph,3417,0.9436745188562471,0.790781186155055,0.7089337175792507,2.751873254776001,weibo,bfs_snowball,bfs_snow_tsinf_mn8_d3_M1,,15,1,1,11
XGBoost,3417,0.975051734602683,0.8240547475113601,0.7319884726224783,1.194795846939087,weibo,bfs_snowball,bfs_snow_tsinf_mn8_d3_M1,,15,1,1,11
GCN,3417,0.8825144211698472,0.8305889555886888,0.792507204610951,2.0765812397003174,weibo,bfs_snowball,bfs_snow_tsinf_mn16_d3_M1,,15,1,1,13
GIN,3417,0.7687025965274492,0.6406549020888681,0.6397694524495677,1.8092820644378662,weibo,bfs_snowball,bfs_snow_tsinf_mn16_d3_M1,,15,1,1,13
GraphSAGE,3417,0.6860338079057164,0.5051023196386853,0.4956772334293948,2.1895751953125,weibo,bfs_snowball,bfs_snow_tsinf_mn16_d3_M1,,15,1,1,13
XGBGraph,3417,0.9806491079664119,0.8452399585022984,0.7521613832853026,3.2131919860839844,weibo,bfs_snowball,bfs_snow_tsinf_mn16_d3_M1,,15,1,1,13
XGBoost,3417,0.992756677706568,0.9491441598196083,0.8789625360230547,1.4804725646972656,weibo,bfs_snowball,bfs_snow_tsinf_mn16_d3_M1,,15,1,1,13
GCN,3417,0.949899876219288,0.875351541750079,0.7982708933717579,1.4983305931091309,weibo,bfs_snowball,bfs_snow_ts300_mn8_d4_M1,300,15,1,1,14
GIN,3417,0.7491624490420139,0.6275367865796199,0.6138328530259366,0.7492198944091797,weibo,bfs_snowball,bfs_snow_ts300_mn8_d4_M1,300,15,1,1,14
GraphSAGE,3417,0.6015087865188945,0.5043267965646481,0.5100864553314121,1.4175481796264648,weibo,bfs_snowball,bfs_snow_ts300_mn8_d4_M1,300,15,1,1,14
XGBGraph,3417,0.9812197418288003,0.8659690783821216,0.7636887608069164,2.358367919921875,weibo,bfs_snowball,bfs_snow_ts300_mn8_d4_M1,300,15,1,1,14
XGBoost,3417,0.98423922653782,0.8816766041737668,0.7838616714697406,1.1444013118743896,weibo,bfs_snowball,bfs_snow_ts300_mn8_d4_M1,300,15,1,1,14
GCN,3417,0.6927934773777605,0.6352448990545786,0.6109510086455331,1.6087121963500977,weibo,bfs_snowball,bfs_snow_ts300_mn16_d4_M1,300,15,1,1,12
GIN,3417,0.7859033363442155,0.6371773813167201,0.5850144092219021,0.6812317371368408,weibo,bfs_snowball,bfs_snow_ts300_mn16_d4_M1,300,15,1,1,12
GraphSAGE,3417,0.5534766130920804,0.3826762030537253,0.3314121037463977,2.0424346923828125,weibo,bfs_snowball,bfs_snow_ts300_mn16_d4_M1,300,15,1,1,12
XGBGraph,3417,0.9664052456258573,0.8085093645326169,0.7175792507204611,2.579667091369629,weibo,bfs_snowball,bfs_snow_ts300_mn16_d4_M1,300,15,1,1,12
XGBoost,3417,0.9739372302751372,0.8415362544395953,0.7579250720461095,1.2553503513336182,weibo,bfs_snowball,bfs_snow_ts300_mn16_d4_M1,300,15,1,1,12
GCN,3427,0.8056857881581527,0.7523707087011606,0.7348703170028819,1.7373018264770508,weibo,forest_fire,ff_b0.3_M1,300,15,1,2,15
GIN,3427,0.704370080433567,0.5601445985991429,0.5763688760806917,2.074085235595703,weibo,forest_fire,ff_b0.3_M1,300,15,1,2,15
GraphSAGE,3427,0.4083994054702472,0.2737350646283889,0.23631123919308358,2.725773572921753,weibo,forest_fire,ff_b0.3_M1,300,15,1,2,15
XGBGraph,3427,0.973207927700594,0.8063982507047446,0.7348703170028819,3.394782066345215,weibo,forest_fire,ff_b0.3_M1,300,15,1,2,15
XGBoost,3427,0.988019556396691,0.920283730550319,0.8097982708933718,1.3136799335479736,weibo,forest_fire,ff_b0.3_M1,300,15,1,2,15
GCN,3427,0.7438350992396328,0.654106756879101,0.6368876080691642,1.6098895072937012,weibo,forest_fire,ff_b0.3_M2,300,15,2,2,15
GIN,3427,0.542987273048781,0.38036121457747707,0.4092219020172911,0.8837778568267822,weibo,forest_fire,ff_b0.3_M2,300,15,2,2,15
GraphSAGE,3427,0.24778031074215856,0.09216394212109398,0.04899135446685879,1.3748815059661865,weibo,forest_fire,ff_b0.3_M2,300,15,2,2,15
XGBGraph,3427,0.9099469033315649,0.6050829701481206,0.5043227665706052,1.9987688064575195,weibo,forest_fire,ff_b0.3_M2,300,15,2,2,15
XGBoost,3427,0.9645891579566145,0.7478251248650781,0.6829971181556196,0.9776577949523926,weibo,forest_fire,ff_b0.3_M2,300,15,2,2,15
GCN,3427,0.4529996511200004,0.294749969631759,0.3112391930835735,2.714574098587036,weibo,forest_fire,ff_b0.3_Minf,300,15,-1,2,15
GIN,3427,0.5482252522211231,0.42338442359606054,0.4409221902017291,1.0289208889007568,weibo,forest_fire,ff_b0.3_Minf,300,15,-1,2,15
GraphSAGE,3427,0.5982097198923729,0.39659790652496413,0.47262247838616717,2.90555739402771,weibo,forest_fire,ff_b0.3_Minf,300,15,-1,2,15
XGBGraph,3427,0.9607801530292821,0.7848766414832284,0.7262247838616714,1.9363665580749512,weibo,forest_fire,ff_b0.3_Minf,300,15,-1,2,15
XGBoost,3427,0.9768123838062329,0.8467285967279704,0.7521613832853026,0.955904483795166,weibo,forest_fire,ff_b0.3_Minf,300,15,-1,2,15
GCN,3427,0.6959974383605507,0.6290081641004331,0.6023054755043228,2.010770082473755,weibo,forest_fire,ff_b0.5_M1,300,15,1,2,15
GIN,3427,0.793746923404113,0.6720779938891794,0.6311239193083573,1.139721393585205,weibo,forest_fire,ff_b0.5_M1,300,15,1,2,15
GraphSAGE,3427,0.5153655354352158,0.39302120173398136,0.34870317002881845,3.7106192111968994,weibo,forest_fire,ff_b0.5_M1,300,15,1,2,15
XGBGraph,3427,0.9673142452960941,0.8003045880077522,0.7348703170028819,3.106693983078003,weibo,forest_fire,ff_b0.5_M1,300,15,1,2,15
XGBoost,3427,0.9889925970531588,0.9374242038958481,0.8472622478386167,1.3357608318328857,weibo,forest_fire,ff_b0.5_M1,300,15,1,2,15
GCN,3427,0.6829560172241578,0.6048540907446607,0.5619596541786743,2.155930280685425,weibo,forest_fire,ff_b0.5_M2,300,15,2,2,15
GIN,3427,0.7531219980787704,0.6376831695159958,0.6109510086455331,1.150874137878418,weibo,forest_fire,ff_b0.5_M2,300,15,2,2,15
GraphSAGE,3427,0.5615008530832868,0.39849979156197224,0.3919308357348703,2.5395829677581787,weibo,forest_fire,ff_b0.5_M2,300,15,2,2,15
XGBGraph,3427,0.9723190005782805,0.8284219232029927,0.7262247838616714,2.3189549446105957,weibo,forest_fire,ff_b0.5_M2,300,15,2,2,15
XGBoost,3427,0.9865475695489889,0.909715313564458,0.8126801152737753,1.2031168937683105,weibo,forest_fire,ff_b0.5_M2,300,15,2,2,15
GCN,3427,0.45423028947481603,0.39585391365095046,0.3659942363112392,1.6450881958007812,weibo,forest_fire,ff_b0.5_Minf,300,15,-1,2,15
GIN,3427,0.38776625995861225,0.2205602498688033,0.25936599423631124,1.6175537109375,weibo,forest_fire,ff_b0.5_Minf,300,15,-1,2,15
GraphSAGE,3427,0.34338920192505296,0.17023196259992654,0.207492795389049,1.746488332748413,weibo,forest_fire,ff_b0.5_Minf,300,15,-1,2,15
XGBGraph,3427,0.9417618917898499,0.6323192261293026,0.5850144092219021,1.7937986850738525,weibo,forest_fire,ff_b0.5_Minf,300,15,-1,2,15
XGBoost,3427,0.9560793534727897,0.7570763318368493,0.6484149855907781,0.8338441848754883,weibo,forest_fire,ff_b0.5_Minf,300,15,-1,2,15
GCN,3427,0.7728762527420534,0.6832897366077959,0.654178674351585,2.150739908218384,weibo,forest_fire,ff_b0.7_M1,300,15,1,2,14
GIN,3427,0.8141611825598233,0.6765720026685477,0.6080691642651297,1.5009808540344238,weibo,forest_fire,ff_b0.7_M1,300,15,1,2,14
GraphSAGE,3427,0.5838306068122405,0.46991377539693974,0.4409221902017291,1.8232097625732422,weibo,forest_fire,ff_b0.7_M1,300,15,1,2,14
XGBGraph,3427,0.9844772296060522,0.9169694032819856,0.8357348703170029,2.925084352493286,weibo,forest_fire,ff_b0.7_M1,300,15,1,2,14
XGBoost,3427,0.9907035428047084,0.9451826206169839,0.8645533141210374,1.3532319068908691,weibo,forest_fire,ff_b0.7_M1,300,15,1,2,14
GCN,3427,0.6975325103588684,0.6069137561980836,0.5763688760806917,1.764594316482544,weibo,forest_fire,ff_b0.7_M2,300,15,2,2,15
GIN,3427,0.746845981428114,0.6612510194606951,0.6167146974063401,1.0600602626800537,weibo,forest_fire,ff_b0.7_M2,300,15,2,2,15
GraphSAGE,3427,0.5179343436515789,0.362093527021756,0.3746397694524496,2.063843011856079,weibo,forest_fire,ff_b0.7_M2,300,15,2,2,15
XGBGraph,3427,0.9653022113256963,0.7545301100148909,0.6801152737752162,2.458372116088867,weibo,forest_fire,ff_b0.7_M2,300,15,2,2,15
XGBoost,3427,0.9880061746980755,0.9262632060867627,0.8328530259365994,1.1125426292419434,weibo,forest_fire,ff_b0.7_M2,300,15,2,2,15
GCN,3427,0.16175892869944228,0.12320258687918856,0.07492795389048991,1.5623304843902588,weibo,forest_fire,ff_b0.7_Minf,300,15,-1,2,15
GIN,3427,0.25299343818850034,0.13211011630947717,0.1786743515850144,1.272308588027954,weibo,forest_fire,ff_b0.7_Minf,300,15,-1,2,15
GraphSAGE,3427,0.29569539430608727,0.14254805356820854,0.16714697406340057,1.9152939319610596,weibo,forest_fire,ff_b0.7_Minf,300,15,-1,2,15
XGBGraph,3427,0.9280303573391449,0.6084014835313067,0.5706051873198847,1.124192476272583,weibo,forest_fire,ff_b0.7_Minf,300,15,-1,2,15
XGBoost,3427,0.944984969484948,0.6728008724463427,0.6138328530259366,0.5660769939422607,weibo,forest_fire,ff_b0.7_Minf,300,15,-1,2,15
GCN,3427,0.6190325987736629,0.5422570954292657,0.5014409221902018,1.892240047454834,weibo,rwr,rwr_r0.1_M1,300,15,1,2,13
GIN,3427,0.6335842401823735,0.518504155522766,0.4956772334293948,2.3299834728240967,weibo,rwr,rwr_r0.1_M1,300,15,1,2,13
GraphSAGE,3427,0.3989624404394932,0.3063158877972686,0.26512968299711814,2.337505578994751,weibo,rwr,rwr_r0.1_M1,300,15,1,2,13
XGBGraph,3427,0.9862235412753714,0.9277512679615895,0.8501440922190202,3.0557315349578857,weibo,rwr,rwr_r0.1_M1,300,15,1,2,13
XGBoost,3427,0.9839419616614333,0.9123261303837908,0.829971181556196,1.4250741004943848,weibo,rwr,rwr_r0.1_M1,300,15,1,2,13
GCN,3427,0.7633446599853757,0.68796552922446,0.6685878962536023,1.4798643589019775,weibo,rwr,rwr_r0.1_M2,300,15,2,2,15
GIN,3427,0.6580407281555718,0.5506093461156925,0.5446685878962536,0.895439624786377,weibo,rwr,rwr_r0.1_M2,300,15,2,2,15
GraphSAGE,3427,0.540379275572187,0.3889887509316944,0.3804034582132565,1.419299602508545,weibo,rwr,rwr_r0.1_M2,300,15,2,2,15
XGBGraph,3427,0.9677730463914817,0.7328980661135117,0.6829971181556196,2.4477570056915283,weibo,rwr,rwr_r0.1_M2,300,15,2,2,15
XGBoost,3427,0.982251088457807,0.8933329695315644,0.7982708933717579,1.0819456577301025,weibo,rwr,rwr_r0.1_M2,300,15,2,2,15
GCN,3427,0.6508733947935633,0.5643400247661535,0.521613832853026,2.683655261993408,weibo,rwr,rwr_r0.15_M1,300,15,1,2,10
GIN,3427,0.7831295013883512,0.678105574399009,0.6282420749279539,1.2575476169586182,weibo,rwr,rwr_r0.15_M1,300,15,1,2,10
GraphSAGE,3427,0.6045120220224526,0.4629255212906713,0.4438040345821326,2.1433908939361572,weibo,rwr,rwr_r0.15_M1,300,15,1,2,10
XGBGraph,3427,0.9837393245109707,0.9097938314165018,0.8242074927953891,2.9608724117279053,weibo,rwr,rwr_r0.15_M1,300,15,1,2,10
XGBoost,3427,0.9875091401780722,0.9262992366184072,0.8530259365994236,1.249239206314087,weibo,rwr,rwr_r0.15_M1,300,15,1,2,10
GCN,3427,0.5432491720073982,0.4761749694966136,0.43804034582132567,2.7157697677612305,weibo,rwr,rwr_r0.15_M2,300,15,2,2,13
GIN,3427,0.6199463776219766,0.48912532545319126,0.47262247838616717,1.3943240642547607,weibo,rwr,rwr_r0.15_M2,300,15,2,2,13
GraphSAGE,3427,0.3632481205882212,0.21610042989310774,0.1844380403458213,4.501856803894043,weibo,rwr,rwr_r0.15_M2,300,15,2,2,13
XGBGraph,3427,0.9590453113873475,0.6561560643677682,0.6282420749279539,2.726112127304077,weibo,rwr,rwr_r0.15_M2,300,15,2,2,13
XGBoost,3427,0.9817951548692656,0.8962203660148417,0.8011527377521613,1.1880862712860107,weibo,rwr,rwr_r0.15_M2,300,15,2,2,13
GCN,3427,0.8089208137984429,0.737371909474333,0.7146974063400576,1.7620573043823242,weibo,metis,metis_K5,,5,1,2,5
GIN,3427,0.7849929029205557,0.5771348423660939,0.5763688760806917,1.90045166015625,weibo,metis,metis_K5,,5,1,2,5
GraphSAGE,3427,0.5257674165197069,0.410614363216013,0.40057636887608067,2.817326307296753,weibo,metis,metis_K5,,5,1,2,5
XGBGraph,3427,0.9557505460210954,0.7948800244496458,0.6887608069164265,3.438302993774414,weibo,metis,metis_K5,,5,1,2,5
XGBoost,3427,0.9922835390769496,0.954750829919691,0.8760806916426513,1.7110588550567627,weibo,metis,metis_K5,,5,1,2,5
GCN,3427,0.9113739659053437,0.8460846086818654,0.8069164265129684,1.9189269542694092,weibo,metis,metis_K15,,15,1,2,15
GIN,3427,0.9346022051127646,0.8443198323569484,0.7953890489913544,0.7327969074249268,weibo,metis,metis_K15,,15,1,2,15
GraphSAGE,3427,0.5215335426613331,0.42189228967223574,0.39481268011527376,2.601576805114746,weibo,metis,metis_K15,,15,1,2,15
XGBGraph,3427,0.9882346194101538,0.930658088849759,0.8530259365994236,3.4737305641174316,weibo,metis,metis_K15,,15,1,2,15
XGBoost,3427,0.9915284289407907,0.9551181173375825,0.899135446685879,1.5460197925567627,weibo,metis,metis_K15,,15,1,2,15
GCN,3427,0.6640247370257264,0.603225368843078,0.5734870317002881,2.068979501724243,weibo,uniform,uniform_K15,300,15,-1,2,15
GIN,3427,0.7526412127642289,0.6358556908335595,0.6167146974063401,1.2590391635894775,weibo,uniform,uniform_K15,300,15,-1,2,15
GraphSAGE,3427,0.4724427812904736,0.3257767594698161,0.3227665706051873,1.6374943256378174,weibo,uniform,uniform_K15,300,15,-1,2,15
XGBGraph,3427,0.9810180605139529,0.8574983537105139,0.7809798270893372,1.9355032444000244,weibo,uniform,uniform_K15,300,15,-1,2,15
XGBoost,3427,0.9810983507056457,0.8648361388351987,0.8011527377521613,0.8078927993774414,weibo,uniform,uniform_K15,300,15,-1,2,15
GCN,3427,0.7507438790676779,0.6572644263731355,0.6195965417867435,2.5197155475616455,weibo,bfs_partition,bfs_part_mn32,300,0,1,2,54
GIN,3427,0.801492059395625,0.6975501882255838,0.6484149855907781,1.5341429710388184,weibo,bfs_partition,bfs_part_mn32,300,0,1,2,54
GraphSAGE,3427,0.6553749026242466,0.5339150839810864,0.521613832853026,1.6521501541137695,weibo,bfs_partition,bfs_part_mn32,300,0,1,2,54
XGBGraph,3427,0.9840298985380493,0.9022738297582807,0.8184438040345822,3.580457925796509,weibo,bfs_partition,bfs_part_mn32,300,0,1,2,54
XGBoost,3427,0.9929239489392614,0.9586747790921604,0.8933717579250721,1.6619205474853516,weibo,bfs_partition,bfs_part_mn32,300,0,1,2,54
GCN,3427,0.7533418402703103,0.6812566692383656,0.6685878962536023,1.4082348346710205,weibo,bfs_snowball,bfs_snow_ts300_mn8_dinf_M1,300,15,1,2,11
GIN,3427,0.5651129558738488,0.4300620685690911,0.43804034582132567,1.4364161491394043,weibo,bfs_snowball,bfs_snow_ts300_mn8_dinf_M1,300,15,1,2,11
GraphSAGE,3427,0.37995612714525356,0.25177449553693454,0.2420749279538905,1.7815477848052979,weibo,bfs_snowball,bfs_snow_ts300_mn8_dinf_M1,300,15,1,2,11
XGBGraph,3427,0.9523429920522268,0.6491863578699288,0.590778097982709,2.613638401031494,weibo,bfs_snowball,bfs_snow_ts300_mn8_dinf_M1,300,15,1,2,11
XGBoost,3427,0.9713727233190435,0.8345242213595495,0.7118155619596542,1.268622875213623,weibo,bfs_snowball,bfs_snow_ts300_mn8_dinf_M1,300,15,1,2,11
GCN,3427,0.6965269712914773,0.6499796562660022,0.6368876080691642,1.4975473880767822,weibo,bfs_snowball,bfs_snow_ts300_mn8_dinf_Minf,300,15,-1,2,15
GIN,3427,0.5876219287806883,0.5051572012980864,0.49855907780979825,0.8289711475372314,weibo,bfs_snowball,bfs_snow_ts300_mn8_dinf_Minf,300,15,-1,2,15
GraphSAGE,3427,0.6667990498993983,0.38464521308743316,0.5302593659942363,1.5540671348571777,weibo,bfs_snowball,bfs_snow_ts300_mn8_dinf_Minf,300,15,-1,2,15
XGBGraph,3427,0.962479628753447,0.7616859971476646,0.6772334293948127,1.7946054935455322,weibo,bfs_snowball,bfs_snow_ts300_mn8_dinf_Minf,300,15,-1,2,15
XGBoost,3427,0.968035901185714,0.8036110245020187,0.6945244956772334,0.9211041927337646,weibo,bfs_snowball,bfs_snow_ts300_mn8_dinf_Minf,300,15,-1,2,15
GCN,3427,0.778516638708475,0.7155810669034834,0.6829971181556196,1.6596477031707764,weibo,bfs_snowball,bfs_snow_ts300_mn16_dinf_M1,300,15,1,2,11
GIN,3427,0.7554375098570548,0.6256604227443088,0.590778097982709,0.909553050994873,weibo,bfs_snowball,bfs_snow_ts300_mn16_dinf_M1,300,15,1,2,11
GraphSAGE,3427,0.489039432998313,0.3213402423959896,0.3170028818443804,1.9935500621795654,weibo,bfs_snowball,bfs_snow_ts300_mn16_dinf_M1,300,15,1,2,11
XGBGraph,3427,0.9757772138347647,0.8475556023268327,0.7463976945244957,2.830634117126465,weibo,bfs_snowball,bfs_snow_ts300_mn16_dinf_M1,300,15,1,2,11
XGBoost,3427,0.984532668071745,0.9008793636243422,0.8213256484149856,1.370873212814331,weibo,bfs_snowball,bfs_snow_ts300_mn16_dinf_M1,300,15,1,2,11
GCN,3427,0.8040374496394109,0.7582469225237262,0.7435158501440923,1.6555485725402832,weibo,bfs_snowball,bfs_snow_ts300_mn16_dinf_Minf,300,15,-1,2,15
GIN,3427,0.7337204467575665,0.5296604295483908,0.5417867435158501,1.5141074657440186,weibo,bfs_snowball,bfs_snow_ts300_mn16_dinf_Minf,300,15,-1,2,15
GraphSAGE,3427,0.5933884850483413,0.40760991021425497,0.43515850144092216,2.2655189037323,weibo,bfs_snowball,bfs_snow_ts300_mn16_dinf_Minf,300,15,-1,2,15
XGBGraph,3427,0.9375074674657453,0.6305006525318207,0.5878962536023055,2.062875509262085,weibo,bfs_snowball,bfs_snow_ts300_mn16_dinf_Minf,300,15,-1,2,15
XGBoost,3427,0.9821535932250371,0.8867577055401287,0.7665706051873199,1.053647518157959,weibo,bfs_snowball,bfs_snow_ts300_mn16_dinf_Minf,300,15,-1,2,15
GCN,3427,0.9236574093987316,0.8726074663587338,0.8184438040345822,1.4594392776489258,weibo,bfs_snowball,bfs_snow_ts300_mn32_dinf_M1,300,15,1,2,14
GIN,3427,0.9376126093834383,0.8212007491560182,0.7982708933717579,0.8201549053192139,weibo,bfs_snowball,bfs_snow_ts300_mn32_dinf_M1,300,15,1,2,14
GraphSAGE,3427,0.6770422622717346,0.6039272316863747,0.5763688760806917,1.5749843120574951,weibo,bfs_snowball,bfs_snow_ts300_mn32_dinf_M1,300,15,1,2,14
XGBGraph,3427,0.9880921999034605,0.9263528748799001,0.8587896253602305,2.959566354751587,weibo,bfs_snowball,bfs_snow_ts300_mn32_dinf_M1,300,15,1,2,14
XGBoost,3427,0.9894408839567772,0.9418407217138002,0.8559077809798271,1.4029955863952637,weibo,bfs_snowball,bfs_snow_ts300_mn32_dinf_M1,300,15,1,2,14
GCN,3427,0.7085475599906328,0.6300760557036411,0.5936599423631124,2.5071756839752197,weibo,bfs_snowball,bfs_snow_ts300_mn32_dinf_Minf,300,15,-1,2,15
GIN,3427,0.7271572015044853,0.5758032148693728,0.5504322766570605,1.374995231628418,weibo,bfs_snowball,bfs_snow_ts300_mn32_dinf_Minf,300,15,-1,2,15
GraphSAGE,3427,0.5548047466796661,0.41398898345830787,0.41210374639769454,2.1098787784576416,weibo,bfs_snowball,bfs_snow_ts300_mn32_dinf_Minf,300,15,-1,2,15
XGBGraph,3427,0.9768831156417719,0.8520937124271716,0.7665706051873199,2.5561814308166504,weibo,bfs_snowball,bfs_snow_ts300_mn32_dinf_Minf,300,15,-1,2,15
XGBoost,3427,0.9843778227020518,0.9114530134680707,0.8155619596541787,1.4016189575195312,weibo,bfs_snowball,bfs_snow_ts300_mn32_dinf_Minf,300,15,-1,2,15
GCN,3427,0.31822921893892686,0.2740062948594727,0.21613832853025935,2.4062180519104004,weibo,bfs_snowball,bfs_snow_tsinf_mn8_d2_M1,,15,1,2,15
GIN,3427,0.38658054587771995,0.3007397899914451,0.30835734870317005,1.0674998760223389,weibo,bfs_snowball,bfs_snow_tsinf_mn8_d2_M1,,15,1,2,15
GraphSAGE,3427,0.3833335722922372,0.23669721704861962,0.17579250720461095,2.8065378665924072,weibo,bfs_snowball,bfs_snow_tsinf_mn8_d2_M1,,15,1,2,15
XGBGraph,3427,0.9490314995627052,0.7663956963146843,0.6887608069164265,0.9101288318634033,weibo,bfs_snowball,bfs_snow_tsinf_mn8_d2_M1,,15,1,2,15
XGBoost,3427,0.9672549834879397,0.7973743409473073,0.6887608069164265,0.4622640609741211,weibo,bfs_snowball,bfs_snow_tsinf_mn8_d2_M1,,15,1,2,15
GCN,3427,0.3769538474773108,0.3266879482093753,0.28530259365994237,1.8217334747314453,weibo,bfs_snowball,bfs_snow_tsinf_mn16_d2_M1,,15,1,2,15
GIN,3427,0.39941311693215,0.25955810662594275,0.27953890489913547,2.2038967609405518,weibo,bfs_snowball,bfs_snow_tsinf_mn16_d2_M1,,15,1,2,15
GraphSAGE,3427,0.339679603901721,0.1901605039567246,0.21902017291066284,1.3596692085266113,weibo,bfs_snowball,bfs_snow_tsinf_mn16_d2_M1,,15,1,2,15
XGBGraph,3427,0.958801573305423,0.7973630010913325,0.7146974063400576,2.0100154876708984,weibo,bfs_snowball,bfs_snow_tsinf_mn16_d2_M1,,15,1,2,15
XGBoost,3427,0.9752658417805306,0.858403381659424,0.760806916426513,0.9334883689880371,weibo,bfs_snowball,bfs_snow_tsinf_mn16_d2_M1,,15,1,2,15
GCN,3427,0.6543459455842784,0.5866580520795319,0.5389048991354467,2.637498617172241,weibo,bfs_snowball,bfs_snow_tsinf_mn8_d3_M1,,15,1,2,10
GIN,3427,0.713816603820475,0.5974931499497336,0.5706051873198847,1.1723191738128662,weibo,bfs_snowball,bfs_snow_tsinf_mn8_d3_M1,,15,1,2,10
GraphSAGE,3427,0.5932862106374945,0.4561174284558798,0.4322766570605187,2.0063529014587402,weibo,bfs_snowball,bfs_snow_tsinf_mn8_d3_M1,,15,1,2,10
XGBGraph,3427,0.9408079678456899,0.6425655569685638,0.6195965417867435,2.3509488105773926,weibo,bfs_snowball,bfs_snow_tsinf_mn8_d3_M1,,15,1,2,10
XGBoost,3427,0.9854120368379047,0.9134912914464515,0.8184438040345822,1.1966042518615723,weibo,bfs_snowball,bfs_snow_tsinf_mn8_d3_M1,,15,1,2,10
GCN,3427,0.8006471007116196,0.7173771117949406,0.6858789625360231,1.9515492916107178,weibo,bfs_snowball,bfs_snow_tsinf_mn16_d3_M1,,15,1,2,11
GIN,3427,0.7504599958899068,0.610230449877576,0.547550432276657,1.4359502792358398,weibo,bfs_snowball,bfs_snow_tsinf_mn16_d3_M1,,15,1,2,11
GraphSAGE,3427,0.6017759425733962,0.46599434478118085,0.4409221902017291,1.7239406108856201,weibo,bfs_snowball,bfs_snow_tsinf_mn16_d3_M1,,15,1,2,11
XGBGraph,3427,0.9785166387084749,0.8855104618567092,0.7953890489913544,3.0020387172698975,weibo,bfs_snowball,bfs_snow_tsinf_mn16_d3_M1,,15,1,2,11
XGBoost,3427,0.9905716374897846,0.9463276990106453,0.8703170028818443,1.378497838973999,weibo,bfs_snowball,bfs_snow_tsinf_mn16_d3_M1,,15,1,2,11
GCN,3427,0.7892095717378524,0.7089921774150496,0.7002881844380403,1.4582147598266602,weibo,bfs_snowball,bfs_snow_ts300_mn8_d4_M1,300,15,1,2,13
GIN,3427,0.586300963960218,0.42335268784096936,0.43515850144092216,1.3494949340820312,weibo,bfs_snowball,bfs_snow_ts300_mn8_d4_M1,300,15,1,2,13
GraphSAGE,3427,0.3621207124798677,0.1837639535265186,0.17002881844380405,1.9328794479370117,weibo,bfs_snowball,bfs_snow_ts300_mn8_d4_M1,300,15,1,2,13
XGBGraph,3427,0.9676583461176346,0.7747447106538147,0.6945244956772334,2.523254871368408,weibo,bfs_snowball,bfs_snow_ts300_mn8_d4_M1,300,15,1,2,13
XGBoost,3427,0.9761002862727668,0.8516118273522927,0.7521613832853026,1.0759978294372559,weibo,bfs_snowball,bfs_snow_ts300_mn8_d4_M1,300,15,1,2,13
GCN,3427,0.778516638708475,0.7155794236243574,0.6829971181556196,1.6072230339050293,weibo,bfs_snowball,bfs_snow_ts300_mn16_d4_M1,300,15,1,2,11
GIN,3427,0.7554375098570548,0.6256604227443088,0.590778097982709,0.9266636371612549,weibo,bfs_snowball,bfs_snow_ts300_mn16_d4_M1,300,15,1,2,11
GraphSAGE,3427,0.4890365654914668,0.321339863622614,0.3170028818443804,1.9455938339233398,weibo,bfs_snowball,bfs_snow_ts300_mn16_d4_M1,300,15,1,2,11
XGBGraph,3427,0.9757772138347647,0.8475556023268327,0.7463976945244957,2.4030158519744873,weibo,bfs_snowball,bfs_snow_ts300_mn16_d4_M1,300,15,1,2,11
XGBoost,3427,0.984532668071745,0.9008793636243422,0.8213256484149856,1.2125866413116455,weibo,bfs_snowball,bfs_snow_ts300_mn16_d4_M1,300,15,1,2,11
GCN,3437,0.562418455274062,0.4828980391201174,0.44668587896253603,1.6252655982971191,weibo,forest_fire,ff_b0.3_M1,300,15,1,3,14
GIN,3437,0.6052140832819571,0.4781344300039001,0.4812680115273775,1.94468355178833,weibo,forest_fire,ff_b0.3_M1,300,15,1,3,14
GraphSAGE,3437,0.3732404261115173,0.17482482311847708,0.1988472622478386,2.4357683658599854,weibo,forest_fire,ff_b0.3_M1,300,15,1,3,14
XGBGraph,3437,0.9732107952074402,0.8430245362297514,0.7780979827089337,3.0757179260253906,weibo,forest_fire,ff_b0.3_M1,300,15,1,3,14
XGBoost,3437,0.9790155848997089,0.8578251080282316,0.7579250720461095,1.3377325534820557,weibo,forest_fire,ff_b0.3_M1,300,15,1,3,14
GCN,3437,0.32108907910017637,0.23762554346766565,0.1844380403458213,2.44457745552063,weibo,forest_fire,ff_b0.3_M2,300,15,2,3,15
GIN,3437,0.47110126600427255,0.31751483651391676,0.29971181556195964,2.968742609024048,weibo,forest_fire,ff_b0.3_M2,300,15,2,3,15
GraphSAGE,3437,0.3560678834454051,0.1477584099548817,0.1037463976945245,3.1401329040527344,weibo,forest_fire,ff_b0.3_M2,300,15,2,3,15
XGBGraph,3437,0.9563441199382531,0.8312946265701336,0.792507204610951,2.1725454330444336,weibo,forest_fire,ff_b0.3_M2,300,15,2,3,15
XGBoost,3437,0.9737957666040593,0.8067155851239303,0.7031700288184438,0.9800319671630859,weibo,forest_fire,ff_b0.3_M2,300,15,2,3,15
GCN,3437,0.41260269258892857,0.3261843535902095,0.29394812680115273,1.772315502166748,weibo,forest_fire,ff_b0.3_Minf,300,15,-1,3,15
GIN,3437,0.3708173828265015,0.29257522596939506,0.28530259365994237,0.9600622653961182,weibo,forest_fire,ff_b0.3_Minf,300,15,-1,3,15
GraphSAGE,3437,0.4643659703404209,0.27006465305747224,0.30547550432276654,1.7175838947296143,weibo,forest_fire,ff_b0.3_Minf,300,15,-1,3,15
XGBGraph,3437,0.9725187702218971,0.8234161884334068,0.7204610951008645,1.5277884006500244,weibo,forest_fire,ff_b0.3_Minf,300,15,-1,3,15
XGBoost,3437,0.9623572817946769,0.7152264924606292,0.654178674351585,0.6965427398681641,weibo,forest_fire,ff_b0.3_Minf,300,15,-1,3,15
GCN,3437,0.7249525666575862,0.625419446234924,0.590778097982709,2.6841847896575928,weibo,forest_fire,ff_b0.5_M1,300,15,1,3,15
GIN,3437,0.726311764902672,0.6027371992183396,0.5734870317002881,1.6597766876220703,weibo,forest_fire,ff_b0.5_M1,300,15,1,3,15
GraphSAGE,3437,0.5046123847620687,0.40186839984717726,0.3573487031700288,2.1043429374694824,weibo,forest_fire,ff_b0.5_M1,300,15,1,3,15
XGBGraph,3437,0.9872873863153013,0.9220670132607779,0.8414985590778098,3.6279282569885254,weibo,forest_fire,ff_b0.5_M1,300,15,1,3,15
XGBoost,3437,0.9893797104773921,0.9324295004283053,0.829971181556196,1.471057653427124,weibo,forest_fire,ff_b0.5_M1,300,15,1,3,15
GCN,3437,0.3686074908837178,0.2651235952497159,0.22478386167146974,1.3175415992736816,weibo,forest_fire,ff_b0.5_M2,300,15,2,3,14
GIN,3437,0.5556659545691333,0.38951861109382263,0.42363112391930835,0.7064774036407471,weibo,forest_fire,ff_b0.5_M2,300,15,2,3,14
GraphSAGE,3437,0.39082923518813234,0.22052215778618198,0.23054755043227665,1.889474868774414,weibo,forest_fire,ff_b0.5_M2,300,15,2,3,14
XGBGraph,3437,0.9125400853561204,0.641226632904701,0.5965417867435159,1.655693531036377,weibo,forest_fire,ff_b0.5_M2,300,15,2,3,14
XGBoost,3437,0.9580598448678797,0.7277773728290696,0.6858789625360231,0.817857027053833,weibo,forest_fire,ff_b0.5_M2,300,15,2,3,14
GCN,3437,0.9383361769442891,0.8637550271808195,0.7982708933717579,1.2462587356567383,weibo,forest_fire,ff_b0.5_Minf,300,15,-1,3,15
GIN,3437,0.6832418120731596,0.5501195378630969,0.5590778097982709,0.7047436237335205,weibo,forest_fire,ff_b0.5_Minf,300,15,-1,3,15
GraphSAGE,3437,0.6141377645872463,0.30597224442673976,0.4783861671469741,1.6578266620635986,weibo,forest_fire,ff_b0.5_Minf,300,15,-1,3,15
XGBGraph,3437,0.9666203086393201,0.8110047882955838,0.7060518731988472,1.530388593673706,weibo,forest_fire,ff_b0.5_Minf,300,15,-1,3,15
XGBoost,3437,0.9730960949335933,0.8080883286120265,0.7377521613832853,0.726621150970459,weibo,forest_fire,ff_b0.5_Minf,300,15,-1,3,15
GCN,3437,0.6990857432338786,0.6036426454124146,0.5821325648414986,1.9872710704803467,weibo,forest_fire,ff_b0.7_M1,300,15,1,3,14
GIN,3437,0.8420940446661984,0.726788347683833,0.7060518731988472,0.7916796207427979,weibo,forest_fire,ff_b0.7_M1,300,15,1,3,14
GraphSAGE,3437,0.6974512643315602,0.5454744233358604,0.5619596541786743,1.9079053401947021,weibo,forest_fire,ff_b0.7_M1,300,15,1,3,14
XGBGraph,3437,0.9838979932231254,0.906875131722963,0.8242074927953891,2.7320597171783447,weibo,forest_fire,ff_b0.7_M1,300,15,1,3,14
XGBoost,3437,0.9859520839606005,0.9147067660977454,0.8328530259365994,1.2888574600219727,weibo,forest_fire,ff_b0.7_M1,300,15,1,3,14
GCN,3437,0.36528882962708076,0.2382851261011034,0.2564841498559078,1.6098520755767822,weibo,forest_fire,ff_b0.7_M2,300,15,2,3,15
GIN,3437,0.4192777706090106,0.3093437813636501,0.3631123919308357,1.0011873245239258,weibo,forest_fire,ff_b0.7_M2,300,15,2,3,15
GraphSAGE,3437,0.3813358758560702,0.15669804032647994,0.17579250720461095,2.173002004623413,weibo,forest_fire,ff_b0.7_M2,300,15,2,3,15
XGBGraph,3437,0.9636849374644548,0.7374507141434884,0.6628242074927954,1.748960018157959,weibo,forest_fire,ff_b0.7_M2,300,15,2,3,15
XGBoost,3437,0.9522684368742265,0.7145909538086225,0.6368876080691642,0.8461813926696777,weibo,forest_fire,ff_b0.7_M2,300,15,2,3,15
GCN,3437,0.33679441409666366,0.27741718642831303,0.22478386167146974,1.7123265266418457,weibo,forest_fire,ff_b0.7_Minf,300,15,-1,3,15
GIN,3437,0.40239197862751563,0.2780614060034248,0.2680115273775216,1.3992366790771484,weibo,forest_fire,ff_b0.7_Minf,300,15,-1,3,15
GraphSAGE,3437,0.45258338470949766,0.19179701630199888,0.2910662824207493,2.3973183631896973,weibo,forest_fire,ff_b0.7_Minf,300,15,-1,3,15
XGBGraph,3437,0.9709808307167334,0.8030594220717124,0.7031700288184438,1.852682113647461,weibo,forest_fire,ff_b0.7_Minf,300,15,-1,3,15
XGBoost,3437,0.9566041072256394,0.7657799390453706,0.6974063400576369,0.8780384063720703,weibo,forest_fire,ff_b0.7_Minf,300,15,-1,3,15
GCN,3437,0.9025143255862857,0.8454097578794847,0.8126801152737753,1.5773637294769287,weibo,rwr,rwr_r0.1_M1,300,15,1,3,11
GIN,3437,0.7759674251222275,0.6418310708643211,0.6167146974063401,1.1773478984832764,weibo,rwr,rwr_r0.1_M1,300,15,1,3,11
GraphSAGE,3437,0.6342867793596857,0.46469277404881504,0.49279538904899134,1.7394664287567139,weibo,rwr,rwr_r0.1_M1,300,15,1,3,11
XGBGraph,3437,0.9735654102207503,0.7928930816315697,0.723342939481268,2.786583423614502,weibo,rwr,rwr_r0.1_M1,300,15,1,3,11
XGBoost,3437,0.9887383447794648,0.9157435829315175,0.8386167146974063,1.2285993099212646,weibo,rwr,rwr_r0.1_M1,300,15,1,3,11
GCN,3437,0.38824513360192314,0.2931733216413909,0.25936599423631124,1.9339911937713623,weibo,rwr,rwr_r0.1_M2,300,15,2,3,14
GIN,3437,0.5426412605560096,0.39607073166368406,0.45244956772334294,0.9533753395080566,weibo,rwr,rwr_r0.1_M2,300,15,2,3,14
GraphSAGE,3437,0.37233955104401145,0.20284662948548954,0.1844380403458213,2.481196403503418,weibo,rwr,rwr_r0.1_M2,300,15,2,3,14
XGBGraph,3437,0.9330054817172542,0.7367724322769562,0.6829971181556196,2.1419193744659424,weibo,rwr,rwr_r0.1_M2,300,15,2,3,14
XGBoost,3437,0.9517379481076845,0.7287341791354295,0.6685878962536023,0.9958786964416504,weibo,rwr,rwr_r0.1_M2,300,15,2,3,14
GCN,3437,0.5572254003756434,0.46711351951591096,0.43804034582132567,2.0578811168670654,weibo,rwr,rwr_r0.15_M1,300,15,1,3,13
GIN,3437,0.6185274396509289,0.4806588145359584,0.4755043227665706,2.2700140476226807,weibo,rwr,rwr_r0.15_M1,300,15,1,3,13
GraphSAGE,3437,0.5439454982532104,0.40315687091442837,0.4207492795389049,1.506272554397583,weibo,rwr,rwr_r0.15_M1,300,15,1,3,13
XGBGraph,3437,0.9693014275404916,0.8400529189270931,0.7406340057636888,3.034513473510742,weibo,rwr,rwr_r0.15_M1,300,15,1,3,13
XGBoost,3437,0.9645834229429223,0.8208338641166922,0.7262247838616714,1.271874189376831,weibo,rwr,rwr_r0.15_M1,300,15,1,3,13
GCN,3437,0.921714195592642,0.839168788982778,0.8011527377521613,1.4450085163116455,weibo,rwr,rwr_r0.15_M2,300,15,2,3,15
GIN,3437,0.6808866331168366,0.5605133213774648,0.521613832853026,1.8814172744750977,weibo,rwr,rwr_r0.15_M2,300,15,2,3,15
GraphSAGE,3437,0.7594916866197351,0.41289607727583744,0.5561959654178674,1.3947548866271973,weibo,rwr,rwr_r0.15_M2,300,15,2,3,15
XGBGraph,3437,0.9866861657132207,0.9079926466621516,0.8155619596541787,2.3933603763580322,weibo,rwr,rwr_r0.15_M2,300,15,2,3,15
XGBoost,3437,0.9859960523989084,0.9113736025933922,0.8328530259365994,1.096740961074829,weibo,rwr,rwr_r0.15_M2,300,15,2,3,15
GCN,3437,0.7404371036269182,0.6581280808679008,0.6282420749279539,2.806454658508301,weibo,metis,metis_K5,,5,1,3,5
GIN,3437,0.7519142997787241,0.529349700215301,0.5677233429394812,3.1707770824432373,weibo,metis,metis_K5,,5,1,3,5
GraphSAGE,3437,0.711370142562882,0.5461913645397899,0.5821325648414986,3.490212917327881,weibo,metis,metis_K5,,5,1,3,5
XGBGraph,3437,0.9517408156145307,0.8208744444288285,0.7348703170028819,3.3012259006500244,weibo,metis,metis_K5,,5,1,3,5
XGBoost,3437,0.9915542365024064,0.9483713389365256,0.861671469740634,1.490527629852295,weibo,metis,metis_K5,,5,1,3,5
GCN,3437,0.7905811958459383,0.705272862525706,0.6714697406340058,2.5490798950195312,weibo,metis,metis_K15,,15,1,3,15
GIN,3437,0.7959587270181274,0.6405677562321929,0.6455331412103746,3.1748664379119873,weibo,metis,metis_K15,,15,1,3,15
GraphSAGE,3437,0.6269105959157144,0.447336052170537,0.4553314121037464,2.310049057006836,weibo,metis,metis_K15,,15,1,3,15
XGBGraph,3437,0.9777357210107005,0.868948402928379,0.7665706051873199,3.812209129333496,weibo,metis,metis_K15,,15,1,3,15
XGBoost,3437,0.9901959940929359,0.9388084290200949,0.8501440922190202,1.7520756721496582,weibo,metis,metis_K15,,15,1,3,15
GCN,3437,0.9417408634063114,0.8628833198453199,0.7867435158501441,1.618194818496704,weibo,uniform,uniform_K15,300,15,-1,3,15
GIN,3437,0.6392002523406025,0.5300507152644517,0.5648414985590778,0.845674991607666,weibo,uniform,uniform_K15,300,15,-1,3,15
GraphSAGE,3437,0.50482983736457,0.2667775365923066,0.2680115273775216,1.3239514827728271,weibo,uniform,uniform_K15,300,15,-1,3,15
XGBGraph,3437,0.9536085184070043,0.7561685108767188,0.6743515850144092,2.2910518646240234,weibo,uniform,uniform_K15,300,15,-1,3,15
XGBoost,3437,0.9642699088610741,0.8126590742357601,0.7118155619596542,0.9142849445343018,weibo,uniform,uniform_K15,300,15,-1,3,15
GCN,3437,0.7795102298306738,0.6756165540534931,0.6368876080691642,2.2886762619018555,weibo,bfs_partition,bfs_part_mn32,300,0,1,3,59
GIN,3437,0.8160972275987975,0.6903514699779748,0.654178674351585,1.9617877006530762,weibo,bfs_partition,bfs_part_mn32,300,0,1,3,59
GraphSAGE,3437,0.7836332267576622,0.6485627730235368,0.6340057636887608,2.0427677631378174,weibo,bfs_partition,bfs_part_mn32,300,0,1,3,59
XGBGraph,3437,0.9767435636419248,0.8323339818478708,0.7377521613832853,3.087430953979492,weibo,bfs_partition,bfs_part_mn32,300,0,1,3,59
XGBoost,3437,0.9911480063658652,0.9415501121647799,0.8472622478386167,1.4016096591949463,weibo,bfs_partition,bfs_part_mn32,300,0,1,3,59
GCN,3437,0.6482864257005081,0.5632587057997802,0.5187319884726225,2.1649653911590576,weibo,bfs_snowball,bfs_snow_ts300_mn8_dinf_M1,300,15,1,3,13
GIN,3437,0.7608155189470516,0.6719216037610888,0.6311239193083573,1.0285987854003906,weibo,bfs_snowball,bfs_snow_ts300_mn8_dinf_M1,300,15,1,3,13
GraphSAGE,3437,0.5954626483337395,0.448926956354926,0.4610951008645533,1.864806890487671,weibo,bfs_snowball,bfs_snow_ts300_mn8_dinf_M1,300,15,1,3,13
XGBGraph,3437,0.9800411965150233,0.8712756923484504,0.7723342939481268,2.922268867492676,weibo,bfs_snowball,bfs_snow_ts300_mn8_dinf_M1,300,15,1,3,13
XGBoost,3437,0.9863793424806802,0.9183316726716276,0.8069164265129684,1.3808019161224365,weibo,bfs_snowball,bfs_snow_ts300_mn8_dinf_M1,300,15,1,3,13
GCN,3437,0.7617350328090575,0.7078962984191581,0.69164265129683,1.6418094635009766,weibo,bfs_snowball,bfs_snow_ts300_mn8_dinf_Minf,300,15,-1,3,15
GIN,3437,0.7909573171605948,0.661982013380101,0.659942363112392,1.0968096256256104,weibo,bfs_snowball,bfs_snow_ts300_mn8_dinf_Minf,300,15,-1,3,15
GraphSAGE,3437,0.7780482792569334,0.402919525822795,0.5014409221902018,1.387833595275879,weibo,bfs_snowball,bfs_snow_ts300_mn8_dinf_Minf,300,15,-1,3,15
XGBGraph,3437,0.9775349955314685,0.8776038530048316,0.7723342939481268,2.29475998878479,weibo,bfs_snowball,bfs_snow_ts300_mn8_dinf_Minf,300,15,-1,3,15
XGBoost,3437,0.9826143059916556,0.8882572691024142,0.792507204610951,0.9901039600372314,weibo,bfs_snowball,bfs_snow_ts300_mn8_dinf_Minf,300,15,-1,3,15
GCN,3437,0.8117606014117691,0.7242613744150024,0.69164265129683,1.786858081817627,weibo,bfs_snowball,bfs_snow_ts300_mn16_dinf_M1,300,15,1,3,14
GIN,3437,0.8016010246557796,0.6743208026131835,0.6167146974063401,2.5343401432037354,weibo,bfs_snowball,bfs_snow_ts300_mn16_dinf_M1,300,15,1,3,14
GraphSAGE,3437,0.6613283247547086,0.496422313323029,0.49279538904899134,2.4830944538116455,weibo,bfs_snowball,bfs_snow_ts300_mn16_dinf_M1,300,15,1,3,14
XGBGraph,3437,0.9875703136574572,0.9136886894125136,0.8530259365994236,3.2031588554382324,weibo,bfs_snowball,bfs_snow_ts300_mn16_dinf_M1,300,15,1,3,14
XGBoost,3437,0.9875454619314571,0.9141646301832712,0.8242074927953891,1.3624846935272217,weibo,bfs_snowball,bfs_snow_ts300_mn16_dinf_M1,300,15,1,3,14
GCN,3437,0.39794782093375586,0.3074255870346045,0.27953890489913547,1.7900090217590332,weibo,bfs_snowball,bfs_snow_ts300_mn16_dinf_Minf,300,15,-1,3,15
GIN,3437,0.4411912579274616,0.32360353710118384,0.3314121037463977,1.877434492111206,weibo,bfs_snowball,bfs_snow_ts300_mn16_dinf_Minf,300,15,-1,3,15
GraphSAGE,3437,0.6472546011536936,0.31647835620924974,0.4755043227665706,2.5308890342712402,weibo,bfs_snowball,bfs_snow_ts300_mn16_dinf_Minf,300,15,-1,3,15
XGBGraph,3437,0.9554188710625546,0.7091501549651182,0.6311239193083573,2.2943549156188965,weibo,bfs_snowball,bfs_snow_ts300_mn16_dinf_Minf,300,15,-1,3,15
XGBoost,3437,0.9671345482004006,0.7827051833261905,0.7002881844380403,1.046544075012207,weibo,bfs_snowball,bfs_snow_ts300_mn16_dinf_Minf,300,15,-1,3,15
GCN,3437,0.6519898107923399,0.5517176019864434,0.5187319884726225,2.3493130207061768,weibo,bfs_snowball,bfs_snow_ts300_mn32_dinf_M1,300,15,1,3,13
GIN,3437,0.5771421470935428,0.4524079224233522,0.4495677233429395,2.236908435821533,weibo,bfs_snowball,bfs_snow_ts300_mn32_dinf_M1,300,15,1,3,13
GraphSAGE,3437,0.43457830922237994,0.28732208345201,0.27953890489913547,2.345984935760498,weibo,bfs_snowball,bfs_snow_ts300_mn32_dinf_M1,300,15,1,3,13
XGBGraph,3437,0.9785883263796292,0.8550574469327036,0.7636887608069164,3.1431632041931152,weibo,bfs_snowball,bfs_snow_ts300_mn32_dinf_M1,300,15,1,3,13
XGBoost,3437,0.97799092912001,0.8662521836240147,0.7694524495677233,1.406841516494751,weibo,bfs_snowball,bfs_snow_ts300_mn32_dinf_M1,300,15,1,3,13
GCN,3437,0.6870173627539535,0.6151445161034553,0.5763688760806917,1.563581943511963,weibo,bfs_snowball,bfs_snow_ts300_mn32_dinf_Minf,300,15,-1,3,15
GIN,3437,0.6052355895833035,0.4503611094570016,0.4668587896253602,1.0626702308654785,weibo,bfs_snowball,bfs_snow_ts300_mn32_dinf_Minf,300,15,-1,3,15
GraphSAGE,3437,0.7685549199248713,0.3753469715838299,0.4755043227665706,1.6747384071350098,weibo,bfs_snowball,bfs_snow_ts300_mn32_dinf_Minf,300,15,-1,3,15
XGBGraph,3437,0.9325065355260203,0.7181685594480338,0.659942363112392,2.0323846340179443,weibo,bfs_snowball,bfs_snow_ts300_mn32_dinf_Minf,300,15,-1,3,15
XGBoost,3437,0.9543521585157785,0.7784444284377939,0.69164265129683,0.999870777130127,weibo,bfs_snowball,bfs_snow_ts300_mn32_dinf_Minf,300,15,-1,3,15
GCN,3437,0.2197236679235905,0.14732795867944568,0.09510086455331412,2.8348493576049805,weibo,bfs_snowball,bfs_snow_tsinf_mn8_d2_M1,,15,1,3,15
GIN,3437,0.2761213146563054,0.18540329081857645,0.16714697406340057,1.1397459506988525,weibo,bfs_snowball,bfs_snow_tsinf_mn8_d2_M1,,15,1,3,15
GraphSAGE,3437,0.29242691441925817,0.1458944281021663,0.1585014409221902,2.8675129413604736,weibo,bfs_snowball,bfs_snow_tsinf_mn8_d2_M1,,15,1,3,15
XGBGraph,3437,0.8644562968060754,0.5236878513914828,0.5187319884726225,0.8685455322265625,weibo,bfs_snowball,bfs_snow_tsinf_mn8_d2_M1,,15,1,3,15
XGBoost,3437,0.9193389440883957,0.604516689067611,0.5706051873198847,0.527308464050293,weibo,bfs_snowball,bfs_snow_tsinf_mn8_d2_M1,,15,1,3,15
GCN,3437,0.4939505163901912,0.40374210603120236,0.3861671469740634,1.8273115158081055,weibo,bfs_snowball,bfs_snow_tsinf_mn16_d2_M1,,15,1,3,15
GIN,3437,0.5880745169445758,0.46957460239517884,0.4553314121037464,2.2626941204071045,weibo,bfs_snowball,bfs_snow_tsinf_mn16_d2_M1,,15,1,3,15
GraphSAGE,3437,0.5724571188247045,0.3600319811288907,0.38904899135446686,1.708021879196167,weibo,bfs_snowball,bfs_snow_tsinf_mn16_d2_M1,,15,1,3,15
XGBGraph,3437,0.9611988090288232,0.6985767577342469,0.6340057636887608,2.427321195602417,weibo,bfs_snowball,bfs_snow_tsinf_mn16_d2_M1,,15,1,3,15
XGBoost,3437,0.9713134615108893,0.7881666054129207,0.7031700288184438,1.0068883895874023,weibo,bfs_snowball,bfs_snow_tsinf_mn16_d2_M1,,15,1,3,15
GCN,3437,0.4931409236239552,0.39437948167204206,0.3631123919308357,1.5223097801208496,weibo,bfs_snowball,bfs_snow_tsinf_mn8_d3_M1,,15,1,3,14
GIN,3437,0.49722043003044336,0.35298064864473133,0.40057636887608067,0.929070234298706,weibo,bfs_snowball,bfs_snow_tsinf_mn8_d3_M1,,15,1,3,14
GraphSAGE,3437,0.4506874847663699,0.2877294025944145,0.29971181556195964,2.137453079223633,weibo,bfs_snowball,bfs_snow_tsinf_mn8_d3_M1,,15,1,3,14
XGBGraph,3437,0.9723342939481268,0.8055327076112556,0.7060518731988472,2.545564889907837,weibo,bfs_snowball,bfs_snow_tsinf_mn8_d3_M1,,15,1,3,14
XGBoost,3437,0.9808689501579518,0.8534127207651864,0.7636887608069164,1.175051212310791,weibo,bfs_snowball,bfs_snow_tsinf_mn8_d3_M1,,15,1,3,14
GCN,3437,0.7356789539335025,0.6552207445772804,0.6195965417867435,2.1591620445251465,weibo,bfs_snowball,bfs_snow_tsinf_mn16_d3_M1,,15,1,3,10
GIN,3437,0.7377970856572087,0.602572615153423,0.5561959654178674,2.767023801803589,weibo,bfs_snowball,bfs_snow_tsinf_mn16_d3_M1,,15,1,3,10
GraphSAGE,3437,0.633227235580025,0.48036018127026964,0.4697406340057637,2.4166860580444336,weibo,bfs_snowball,bfs_snow_tsinf_mn16_d3_M1,,15,1,3,10
XGBGraph,3437,0.9816756754173417,0.8950106196349269,0.8155619596541787,2.8512630462646484,weibo,bfs_snowball,bfs_snow_tsinf_mn16_d3_M1,,15,1,3,10
XGBoost,3437,0.9860543583714474,0.9000383686448286,0.8097982708933718,1.3981854915618896,weibo,bfs_snowball,bfs_snow_tsinf_mn16_d3_M1,,15,1,3,10
GCN,3437,0.49861547211110635,0.4188344837335886,0.38904899135446686,3.3212616443634033,weibo,bfs_snowball,bfs_snow_ts300_mn8_d4_M1,300,15,1,3,11
GIN,3437,0.5639086029984564,0.4459709233461052,0.4438040345821326,1.7094688415527344,weibo,bfs_snowball,bfs_snow_ts300_mn8_d4_M1,300,15,1,3,11
GraphSAGE,3437,0.43929105672406465,0.26476504857784605,0.276657060518732,3.093158006668091,weibo,bfs_snowball,bfs_snow_ts300_mn8_d4_M1,300,15,1,3,11
XGBGraph,3437,0.9706568024431157,0.7918137360075673,0.7089337175792507,2.8106799125671387,weibo,bfs_snowball,bfs_snow_ts300_mn8_d4_M1,300,15,1,3,11
XGBoost,3437,0.9723945115918964,0.8281762972633959,0.7060518731988472,1.258368968963623,weibo,bfs_snowball,bfs_snow_ts300_mn8_d4_M1,300,15,1,3,11
GCN,3437,0.6157712876539494,0.5214594337208505,0.4956772334293948,1.8345727920532227,weibo,bfs_snowball,bfs_snow_ts300_mn16_d4_M1,300,15,1,3,14
GIN,3437,0.5937297183630359,0.46142829209414166,0.47262247838616717,1.1460466384887695,weibo,bfs_snowball,bfs_snow_ts300_mn16_d4_M1,300,15,1,3,14
GraphSAGE,3437,0.44852968586462494,0.30146983428253976,0.29394812680115273,3.426203727722168,weibo,bfs_snowball,bfs_snow_ts300_mn16_d4_M1,300,15,1,3,14
XGBGraph,3437,0.980468455035103,0.8642008283870791,0.7809798270893372,2.8871042728424072,weibo,bfs_snowball,bfs_snow_ts300_mn16_d4_M1,300,15,1,3,14
XGBoost,3437,0.9813353979382626,0.8850729460552037,0.7953890489913544,1.3006377220153809,weibo,bfs_snowball,bfs_snow_ts300_mn16_d4_M1,300,15,1,3,14
GCN,3447,0.7756214126294559,0.7036691544121155,0.6714697406340058,1.880007266998291,weibo,forest_fire,ff_b0.3_M1,300,15,1,4,13
GIN,3447,0.8236789157000779,0.708810577577509,0.6887608069164265,1.3774054050445557,weibo,forest_fire,ff_b0.3_M1,300,15,1,4,13
GraphSAGE,3447,0.6532065895307325,0.49164330936570266,0.521613832853026,1.9827516078948975,weibo,forest_fire,ff_b0.3_M1,300,15,1,4,13
XGBGraph,3447,0.9880042630268446,0.9088164986052595,0.8184438040345822,3.199693441390991,weibo,forest_fire,ff_b0.3_M1,300,15,1,4,13
XGBoost,3447,0.9880501431363834,0.9258625812779261,0.8328530259365994,1.3287906646728516,weibo,forest_fire,ff_b0.3_M1,300,15,1,4,13
GCN,3447,0.5698701497316492,0.5135894836676944,0.4783861671469741,3.146350860595703,weibo,forest_fire,ff_b0.3_M2,300,15,2,4,15
GIN,3447,0.6735429480837886,0.5289409681813572,0.5821325648414986,1.9635975360870361,weibo,forest_fire,ff_b0.3_M2,300,15,2,4,15
GraphSAGE,3447,0.48793114160226725,0.2744884228026022,0.2737752161383285,2.873187303543091,weibo,forest_fire,ff_b0.3_M2,300,15,2,4,15
XGBGraph,3447,0.9554771770350935,0.8051890659331968,0.7175792507204611,2.5856852531433105,weibo,forest_fire,ff_b0.3_M2,300,15,2,4,15
XGBoost,3447,0.9758823557524576,0.8600513503207978,0.7377521613832853,1.2487881183624268,weibo,forest_fire,ff_b0.3_M2,300,15,2,4,15
GCN,3447,0.9429184528844731,0.8858669733968534,0.8069164265129684,1.458141803741455,weibo,forest_fire,ff_b0.3_Minf,300,15,-1,4,15
GIN,3447,0.6932594472402637,0.47082478832189784,0.49855907780979825,0.8331356048583984,weibo,forest_fire,ff_b0.3_Minf,300,15,-1,4,15
GraphSAGE,3447,0.5802471790901401,0.3953473971360602,0.4409221902017291,2.4342992305755615,weibo,forest_fire,ff_b0.3_Minf,300,15,-1,4,15
XGBGraph,3447,0.9200357482520156,0.6520307938764738,0.6023054755043228,1.6089110374450684,weibo,forest_fire,ff_b0.3_Minf,300,15,-1,4,15
XGBoost,3447,0.9413642641738473,0.7041022078232615,0.6512968299711815,0.7437694072723389,weibo,forest_fire,ff_b0.3_Minf,300,15,-1,4,15
GCN,3447,0.720246987923017,0.6442056174289286,0.6051873198847262,1.9886507987976074,weibo,forest_fire,ff_b0.5_M1,300,15,1,4,15
GIN,3447,0.7856137181527522,0.6973529070944637,0.6685878962536023,1.3025200366973877,weibo,forest_fire,ff_b0.5_M1,300,15,1,4,15
GraphSAGE,3447,0.809511998126562,0.529671643646356,0.5619596541786743,1.6229403018951416,weibo,forest_fire,ff_b0.5_M1,300,15,1,4,15
XGBGraph,3447,0.9717942468254309,0.7907840043171933,0.6772334293948127,3.007378101348877,weibo,forest_fire,ff_b0.5_M1,300,15,1,4,15
XGBoost,3447,0.9905649466404768,0.9320867788780415,0.8559077809798271,1.4531786441802979,weibo,forest_fire,ff_b0.5_M1,300,15,1,4,15
GCN,3447,0.7629795307802965,0.6911918589024366,0.6714697406340058,1.9292659759521484,weibo,forest_fire,ff_b0.5_M2,300,15,2,4,15
GIN,3447,0.7234136713168069,0.5754837423715768,0.5850144092219021,2.1659131050109863,weibo,forest_fire,ff_b0.5_M2,300,15,2,4,15
GraphSAGE,3447,0.7726511534546289,0.627347207728253,0.6195965417867435,1.6705317497253418,weibo,forest_fire,ff_b0.5_M2,300,15,2,4,15
XGBGraph,3447,0.9892946411076222,0.9298287852742472,0.8645533141210374,2.8755531311035156,weibo,forest_fire,ff_b0.5_M2,300,15,2,4,15
XGBoost,3447,0.9898671866412414,0.933956444669458,0.8559077809798271,1.340059757232666,weibo,forest_fire,ff_b0.5_M2,300,15,2,4,15
GCN,3447,0.5864194875765266,0.5352238358343197,0.515850144092219,1.5353362560272217,weibo,forest_fire,ff_b0.5_Minf,300,15,-1,4,15
GIN,3447,0.34002800598353095,0.23836101807968302,0.27089337175792505,0.9254634380340576,weibo,forest_fire,ff_b0.5_Minf,300,15,-1,4,15
GraphSAGE,3447,0.7463393885519568,0.4020526318668854,0.5043227665706052,1.5604438781738281,weibo,forest_fire,ff_b0.5_Minf,300,15,-1,4,15
XGBGraph,3447,0.9189422723080084,0.5918383325879518,0.5389048991354467,1.700528621673584,weibo,forest_fire,ff_b0.5_Minf,300,15,-1,4,15
XGBoost,3447,0.9729775713172849,0.8203412325731413,0.7319884726224783,0.7624838352203369,weibo,forest_fire,ff_b0.5_Minf,300,15,-1,4,15
GCN,3447,0.6211019828809841,0.5619459463171358,0.5302593659942363,1.9430193901062012,weibo,forest_fire,ff_b0.7_M1,300,15,1,4,13
GIN,3447,0.7600613646465081,0.6467098786084754,0.6051873198847262,1.672806739807129,weibo,forest_fire,ff_b0.7_M1,300,15,1,4,13
GraphSAGE,3447,0.5827041545395023,0.4245402093047867,0.3976945244956772,2.9236533641815186,weibo,forest_fire,ff_b0.7_M1,300,15,1,4,13
XGBGraph,3447,0.9867033707542977,0.9033295544668973,0.8270893371757925,3.018676280975342,weibo,forest_fire,ff_b0.7_M1,300,15,1,4,13
XGBoost,3447,0.9890834014366209,0.932148056817662,0.8270893371757925,1.3425509929656982,weibo,forest_fire,ff_b0.7_M1,300,15,1,4,13
GCN,3447,0.5187453701712379,0.4668695997192388,0.42363112391930835,1.7059664726257324,weibo,forest_fire,ff_b0.7_M2,300,15,2,4,15
GIN,3447,0.5725006093452049,0.4906719280034008,0.45821325648414984,1.6834354400634766,weibo,forest_fire,ff_b0.7_M2,300,15,2,4,15
GraphSAGE,3447,0.49311559398014726,0.3074411723714883,0.2737752161383285,2.804630756378174,weibo,forest_fire,ff_b0.7_M2,300,15,2,4,15
XGBGraph,3447,0.9447249821975616,0.664441041023954,0.659942363112392,2.657792806625366,weibo,forest_fire,ff_b0.7_M2,300,15,2,4,15
XGBoost,3447,0.9652792712709268,0.7828658382897615,0.6714697406340058,1.1840887069702148,weibo,forest_fire,ff_b0.7_M2,300,15,2,4,15
GCN,3447,0.5748452741097586,0.5279026693805194,0.5043227665706052,1.608307123184204,weibo,forest_fire,ff_b0.7_Minf,300,15,-1,4,15
GIN,3447,0.45822472651153456,0.3165034967333796,0.3746397694524496,1.0923030376434326,weibo,forest_fire,ff_b0.7_Minf,300,15,-1,4,15
GraphSAGE,3447,0.33270152599156,0.17586451792315924,0.207492795389049,2.9928462505340576,weibo,forest_fire,ff_b0.7_Minf,300,15,-1,4,15
XGBGraph,3447,0.9401092520108392,0.6563988758767739,0.5850144092219021,1.7101631164550781,weibo,forest_fire,ff_b0.7_Minf,300,15,-1,4,15
XGBoost,3447,0.9496331980825937,0.6808153205859708,0.6109510086455331,0.8164145946502686,weibo,forest_fire,ff_b0.7_Minf,300,15,-1,4,15
GCN,3447,0.9612169699055158,0.8857138407937604,0.8069164265129684,1.385345697402954,weibo,rwr,rwr_r0.1_M1,300,15,1,4,13
GIN,3447,0.816275490941068,0.676551342151942,0.6685878962536023,1.3876628875732422,weibo,rwr,rwr_r0.1_M1,300,15,1,4,13
GraphSAGE,3447,0.6952346815394688,0.5040325076870303,0.49855907780979825,1.7355272769927979,weibo,rwr,rwr_r0.1_M1,300,15,1,4,13
XGBGraph,3447,0.9799934047342537,0.8502150156887569,0.7319884726224783,3.236424446105957,weibo,rwr,rwr_r0.1_M1,300,15,1,4,13
XGBoost,3447,0.987401130753533,0.9232522632684419,0.8386167146974063,1.5208885669708252,weibo,rwr,rwr_r0.1_M1,300,15,1,4,13
GCN,3447,0.9824795331698853,0.9081974343036229,0.8126801152737753,1.3840749263763428,weibo,rwr,rwr_r0.1_M2,300,15,2,4,15
GIN,3447,0.7234476034811533,0.5820446425034078,0.5706051873198847,1.235107183456421,weibo,rwr,rwr_r0.1_M2,300,15,2,4,15
GraphSAGE,3447,0.6859042921798308,0.4643701209554176,0.48703170028818443,1.7855863571166992,weibo,rwr,rwr_r0.1_M2,300,15,2,4,15
XGBGraph,3447,0.9873973074110713,0.9150436179036319,0.8155619596541787,2.8410043716430664,weibo,rwr,rwr_r0.1_M2,300,15,2,4,15
XGBoost,3447,0.9881763134376149,0.9293007432842075,0.8328530259365994,1.2300829887390137,weibo,rwr,rwr_r0.1_M2,300,15,2,4,15
GCN,3447,0.5795699695566356,0.5015179292772822,0.4553314121037464,3.3526973724365234,weibo,rwr,rwr_r0.15_M1,300,15,1,4,12
GIN,3447,0.7604054654680488,0.6224694864670414,0.590778097982709,1.974442481994629,weibo,rwr,rwr_r0.15_M1,300,15,1,4,12
GraphSAGE,3447,0.4408175262018438,0.3134733711619706,0.2680115273775216,2.857954502105713,weibo,rwr,rwr_r0.15_M1,300,15,1,4,12
XGBGraph,3447,0.9822329275811147,0.8457500704678521,0.7694524495677233,2.860635280609131,weibo,rwr,rwr_r0.15_M1,300,15,1,4,12
XGBoost,3447,0.9886504079028489,0.9320221631868492,0.8414985590778098,1.3751471042633057,weibo,rwr,rwr_r0.15_M1,300,15,1,4,12
GCN,3447,0.9724432592082813,0.8764459267793072,0.7723342939481268,1.3483901023864746,weibo,rwr,rwr_r0.15_M2,300,15,2,4,15
GIN,3447,0.6681472560349071,0.4764076757110481,0.4956772334293948,0.7433502674102783,weibo,rwr,rwr_r0.15_M2,300,15,2,4,15
GraphSAGE,3447,0.7807494707060278,0.5912151530712784,0.6311239193083573,1.4481744766235352,weibo,rwr,rwr_r0.15_M2,300,15,2,4,15
XGBGraph,3447,0.971268537236966,0.8151227041377799,0.7089337175792507,2.3481476306915283,weibo,rwr,rwr_r0.15_M2,300,15,2,4,15
XGBoost,3447,0.9767579011761559,0.8493779382448977,0.7262247838616714,1.1374294757843018,weibo,rwr,rwr_r0.15_M2,300,15,2,4,15
GCN,3447,0.813486840533165,0.7368062669983819,0.7060518731988472,2.4754154682159424,weibo,metis,metis_K5,,5,1,4,5
GIN,3447,0.823558002494731,0.719176751723089,0.6714697406340058,1.5585911273956299,weibo,metis,metis_K5,,5,1,4,5
GraphSAGE,3447,0.7036541595576393,0.5372939647356412,0.5302593659942363,4.227013349533081,weibo,metis,metis_K5,,5,1,4,5
XGBGraph,3447,0.969810887923495,0.8592431639276148,0.7636887608069164,3.3455536365509033,weibo,metis,metis_K5,,5,1,4,5
XGBoost,3447,0.9914165961737901,0.9458402354670947,0.8674351585014409,1.5642943382263184,weibo,metis,metis_K5,,5,1,4,5
GCN,3447,0.7818467699924967,0.710710388891671,0.6772334293948127,1.7401237487792969,weibo,metis,metis_K15,,15,1,4,15
GIN,3447,0.8231116272623433,0.67297441741369,0.6368876080691642,2.0639820098876953,weibo,metis,metis_K15,,15,1,4,15
GraphSAGE,3447,0.6979052862488708,0.5329752197896683,0.49855907780979825,4.13886022567749,weibo,metis,metis_K15,,15,1,4,15
XGBGraph,3447,0.9806213887335655,0.8932460212198977,0.8184438040345822,3.290184259414673,weibo,metis,metis_K15,,15,1,4,15
XGBoost,3447,0.9916479083927145,0.9457721902931319,0.8559077809798271,1.5395784378051758,weibo,metis,metis_K15,,15,1,4,15
GCN,3447,0.9597985098522755,0.8775683222855114,0.7809798270893372,1.7094018459320068,weibo,uniform,uniform_K15,300,15,-1,4,15
GIN,3447,0.5611687002069384,0.4820764251996475,0.47262247838616717,1.499279499053955,weibo,uniform,uniform_K15,300,15,-1,4,15
GraphSAGE,3447,0.5373177340960902,0.34200598738535715,0.3371757925072046,1.3281214237213135,weibo,uniform,uniform_K15,300,15,-1,4,15
XGBGraph,3447,0.974229715973447,0.8041143770482608,0.7146974063400576,1.9071745872497559,weibo,uniform,uniform_K15,300,15,-1,4,15
XGBoost,3447,0.9785175945440903,0.8420584095565442,0.7463976945244957,0.8243043422698975,weibo,uniform,uniform_K15,300,15,-1,4,15
GCN,3447,0.7412811064753083,0.6714356684976615,0.6368876080691642,2.9295647144317627,weibo,bfs_partition,bfs_part_mn32,300,0,1,4,45
GIN,3447,0.7908235001744401,0.6489387275014672,0.6397694524495677,3.3740384578704834,weibo,bfs_partition,bfs_part_mn32,300,0,1,4,45
GraphSAGE,3447,0.5509952638345257,0.45496746821751827,0.4322766570605187,2.867645502090454,weibo,bfs_partition,bfs_part_mn32,300,0,1,4,45
XGBGraph,3447,0.9862025128918328,0.9019733081596321,0.7982708933717579,3.3884317874908447,weibo,bfs_partition,bfs_part_mn32,300,0,1,4,45
XGBoost,3447,0.9915571040092523,0.9475860439976239,0.8559077809798271,1.443047285079956,weibo,bfs_partition,bfs_part_mn32,300,0,1,4,45
GCN,3447,0.6149989724767133,0.5253631368484972,0.49855907780979825,2.2868950366973877,weibo,bfs_snowball,bfs_snow_ts300_mn8_dinf_M1,300,15,1,4,13
GIN,3447,0.7646919102852692,0.5947101632832371,0.5763688760806917,2.531209707260132,weibo,bfs_snowball,bfs_snow_ts300_mn8_dinf_M1,300,15,1,4,13
GraphSAGE,3447,0.6575183639917608,0.3666486337265227,0.37752161383285304,1.7612905502319336,weibo,bfs_snowball,bfs_snow_ts300_mn8_dinf_M1,300,15,1,4,13
XGBGraph,3447,0.9596369736332745,0.7677372773328593,0.7262247838616714,3.2909228801727295,weibo,bfs_snowball,bfs_snow_ts300_mn8_dinf_M1,300,15,1,4,13
XGBoost,3447,0.9771507496140812,0.8672452240388003,0.7492795389048992,1.3466784954071045,weibo,bfs_snowball,bfs_snow_ts300_mn8_dinf_M1,300,15,1,4,13
GCN,3447,0.5569415171978723,0.47018179824652917,0.46397694524495675,1.7241389751434326,weibo,bfs_snowball,bfs_snow_ts300_mn8_dinf_Minf,300,15,-1,4,15
GIN,3447,0.37137176748342826,0.195121510048896,0.28530259365994237,2.784688711166382,weibo,bfs_snowball,bfs_snow_ts300_mn8_dinf_Minf,300,15,-1,4,15
GraphSAGE,3447,0.5533714711743875,0.28975525790482276,0.3746397694524496,1.9491207599639893,weibo,bfs_snowball,bfs_snow_ts300_mn8_dinf_Minf,300,15,-1,4,15
XGBGraph,3447,0.8537150940781204,0.5989690065597512,0.5763688760806917,1.9900283813476562,weibo,bfs_snowball,bfs_snow_ts300_mn8_dinf_Minf,300,15,-1,4,15
XGBoost,3447,0.9595968285374282,0.7384097727549759,0.6195965417867435,1.0144753456115723,weibo,bfs_snowball,bfs_snow_ts300_mn8_dinf_Minf,300,15,-1,4,15
GCN,3447,0.6046855061866461,0.5330206902529107,0.5014409221902018,1.983506679534912,weibo,bfs_snowball,bfs_snow_ts300_mn16_dinf_M1,300,15,1,4,13
GIN,3447,0.5934009109113414,0.5061010521671038,0.49279538904899134,1.3640899658203125,weibo,bfs_snowball,bfs_snow_ts300_mn16_dinf_M1,300,15,1,4,13
GraphSAGE,3447,0.3727429136737064,0.20813746684170154,0.1642651296829971,4.122060775756836,weibo,bfs_snowball,bfs_snow_ts300_mn16_dinf_M1,300,15,1,4,13
XGBGraph,3447,0.9627788053010642,0.7901905376377916,0.6887608069164265,2.543452262878418,weibo,bfs_snowball,bfs_snow_ts300_mn16_dinf_M1,300,15,1,4,13
XGBoost,3447,0.9712991239766585,0.8454250798795357,0.7521613832853026,1.1864595413208008,weibo,bfs_snowball,bfs_snow_ts300_mn16_dinf_M1,300,15,1,4,13
GCN,3447,0.7522942444358418,0.6674233559766949,0.6455331412103746,2.32554292678833,weibo,bfs_snowball,bfs_snow_ts300_mn16_dinf_Minf,300,15,-1,4,15
GIN,3447,0.5576646068409155,0.39365041369444587,0.42939481268011526,1.4293632507324219,weibo,bfs_snowball,bfs_snow_ts300_mn16_dinf_Minf,300,15,-1,4,15
GraphSAGE,3447,0.739839706367299,0.39436915619899965,0.4495677233429395,2.5566933155059814,weibo,bfs_snowball,bfs_snow_ts300_mn16_dinf_Minf,300,15,-1,4,15
XGBGraph,3447,0.9384556563962131,0.6633867366226349,0.6195965417867435,2.1411845684051514,weibo,bfs_snowball,bfs_snow_ts300_mn16_dinf_Minf,300,15,-1,4,15
XGBoost,3447,0.9693109858966455,0.7933106459664381,0.69164265129683,0.9879715442657471,weibo,bfs_snowball,bfs_snow_ts300_mn16_dinf_Minf,300,15,-1,4,15
GCN,3447,0.6760845149851129,0.6127395596182827,0.5763688760806917,1.90443754196167,weibo,bfs_snowball,bfs_snow_ts300_mn32_dinf_M1,300,15,1,4,13
GIN,3447,0.7633054707251448,0.6659607166236401,0.622478386167147,2.016253709793091,weibo,bfs_snowball,bfs_snow_ts300_mn32_dinf_M1,300,15,1,4,13
GraphSAGE,3447,0.5373846425891675,0.3845609094009885,0.3659942363112392,1.7958052158355713,weibo,bfs_snowball,bfs_snow_ts300_mn32_dinf_M1,300,15,1,4,13
XGBGraph,3447,0.9786074430919369,0.8458879522617828,0.7550432276657061,2.8420474529266357,weibo,bfs_snowball,bfs_snow_ts300_mn32_dinf_M1,300,15,1,4,13
XGBoost,3447,0.9899006408877801,0.9269751115836814,0.8501440922190202,1.333524465560913,weibo,bfs_snowball,bfs_snow_ts300_mn32_dinf_M1,300,15,1,4,13
GCN,3447,0.6672669314331321,0.6044551398355292,0.579250720461095,1.8161697387695312,weibo,bfs_snowball,bfs_snow_ts300_mn32_dinf_Minf,300,15,-1,4,15
GIN,3447,0.6700608389369196,0.5344021814301649,0.547550432276657,2.034388542175293,weibo,bfs_snowball,bfs_snow_ts300_mn32_dinf_Minf,300,15,-1,4,15
GraphSAGE,3447,0.7025616394492474,0.4570923395555393,0.547550432276657,1.8644249439239502,weibo,bfs_snowball,bfs_snow_ts300_mn32_dinf_Minf,300,15,-1,4,15
XGBGraph,3447,0.9690385727462592,0.7728457990170888,0.69164265129683,2.4983952045440674,weibo,bfs_snowball,bfs_snow_ts300_mn32_dinf_Minf,300,15,-1,4,15
XGBoost,3447,0.9848547846741318,0.8843323609543948,0.7752161383285303,1.1581439971923828,weibo,bfs_snowball,bfs_snow_ts300_mn32_dinf_Minf,300,15,-1,4,15
GCN,3447,0.217954416199502,0.18178791625937354,0.13544668587896252,1.6461119651794434,weibo,bfs_snowball,bfs_snow_tsinf_mn8_d2_M1,,15,1,4,15
GIN,3447,0.29866135222064505,0.23818407412214804,0.21037463976945245,1.5768606662750244,weibo,bfs_snowball,bfs_snow_tsinf_mn8_d2_M1,,15,1,4,15
GraphSAGE,3447,0.34812011030343004,0.13063162130165984,0.0893371757925072,1.5179994106292725,weibo,bfs_snowball,bfs_snow_tsinf_mn8_d2_M1,,15,1,4,15
XGBGraph,3447,0.9320878795264789,0.6235129454256307,0.5706051873198847,0.945305347442627,weibo,bfs_snowball,bfs_snow_tsinf_mn8_d2_M1,,15,1,4,15
XGBoost,3447,0.9511730492589885,0.6281025255104696,0.590778097982709,0.46036791801452637,weibo,bfs_snowball,bfs_snow_tsinf_mn8_d2_M1,,15,1,4,15
GCN,3447,0.8681807102814458,0.7691212886567486,0.7031700288184438,1.4818565845489502,weibo,bfs_snowball,bfs_snow_tsinf_mn16_d2_M1,,15,1,4,15
GIN,3447,0.4361927155767751,0.380600226754082,0.3659942363112392,1.085376501083374,weibo,bfs_snowball,bfs_snow_tsinf_mn16_d2_M1,,15,1,4,15
GraphSAGE,3447,0.4110121821249182,0.22499840756835374,0.1873198847262248,1.5076746940612793,weibo,bfs_snowball,bfs_snow_tsinf_mn16_d2_M1,,15,1,4,15
XGBGraph,3447,0.9320047218279399,0.4920558006522782,0.4697406340057637,1.7893567085266113,weibo,bfs_snowball,bfs_snow_tsinf_mn16_d2_M1,,15,1,4,15
XGBoost,3447,0.9686830018973337,0.8323417636381824,0.7492795389048992,0.8382930755615234,weibo,bfs_snowball,bfs_snow_tsinf_mn16_d2_M1,,15,1,4,15
GCN,3447,0.8236167863850775,0.767430827260788,0.729106628242075,1.4964520931243896,weibo,bfs_snowball,bfs_snow_tsinf_mn8_d3_M1,,15,1,4,13
GIN,3447,0.5868682523979526,0.47272787616232287,0.4610951008645533,1.0204660892486572,weibo,bfs_snowball,bfs_snow_tsinf_mn8_d3_M1,,15,1,4,13
GraphSAGE,3447,0.38758321743826496,0.23673738799117677,0.1844380403458213,3.212392807006836,weibo,bfs_snowball,bfs_snow_tsinf_mn8_d3_M1,,15,1,4,13
XGBGraph,3447,0.940396958531072,0.7560796488092307,0.6685878962536023,3.167342185974121,weibo,bfs_snowball,bfs_snow_tsinf_mn8_d3_M1,,15,1,4,13
XGBoost,3447,0.9682834626101002,0.8160471519612029,0.7146974063400576,1.2021255493164062,weibo,bfs_snowball,bfs_snow_tsinf_mn8_d3_M1,,15,1,4,13
GCN,3447,0.8525145645451895,0.78101011788018,0.7463976945244957,1.4832420349121094,weibo,bfs_snowball,bfs_snow_tsinf_mn16_d3_M1,,15,1,4,10
GIN,3447,0.8306531702677774,0.6916298559079439,0.6628242074927954,1.4895265102386475,weibo,bfs_snowball,bfs_snow_tsinf_mn16_d3_M1,,15,1,4,10
GraphSAGE,3447,0.6811016961302996,0.532810457345741,0.5561959654178674,1.6027607917785645,weibo,bfs_snowball,bfs_snow_tsinf_mn16_d3_M1,,15,1,4,10
XGBGraph,3447,0.9894427956280079,0.9267521219077213,0.8443804034582133,2.778578519821167,weibo,bfs_snowball,bfs_snow_tsinf_mn16_d3_M1,,15,1,4,10
XGBoost,3447,0.9898872591891646,0.9319918108169581,0.8501440922190202,1.334096908569336,weibo,bfs_snowball,bfs_snow_tsinf_mn16_d3_M1,,15,1,4,10
GCN,3447,0.45284337199688396,0.350889495560186,0.34293948126801155,2.3945367336273193,weibo,bfs_snowball,bfs_snow_ts300_mn8_d4_M1,300,15,1,4,12
GIN,3447,0.43932976806648794,0.24110537549771255,0.31988472622478387,3.047231674194336,weibo,bfs_snowball,bfs_snow_ts300_mn8_d4_M1,300,15,1,4,12
GraphSAGE,3447,0.6288762718587657,0.36964319188189243,0.4034582132564842,1.4022877216339111,weibo,bfs_snowball,bfs_snow_ts300_mn8_d4_M1,300,15,1,4,12
XGBGraph,3447,0.9342624055514933,0.691480358266083,0.5994236311239193,2.932901620864868,weibo,bfs_snowball,bfs_snow_ts300_mn8_d4_M1,300,15,1,4,12
XGBoost,3447,0.9647831925865389,0.765113579455893,0.6570605187319885,1.3100547790527344,weibo,bfs_snowball,bfs_snow_ts300_mn8_d4_M1,300,15,1,4,12
GCN,3447,0.6452750655942192,0.5763287247851111,0.553314121037464,1.9535129070281982,weibo,bfs_snowball,bfs_snow_ts300_mn16_d4_M1,300,15,1,4,13
GIN,3447,0.6101170420711046,0.5136358019942181,0.5072046109510087,1.2473578453063965,weibo,bfs_snowball,bfs_snow_ts300_mn16_d4_M1,300,15,1,4,13
GraphSAGE,3447,0.4076552874436654,0.21541559007679534,0.1642651296829971,2.484562397003174,weibo,bfs_snowball,bfs_snow_ts300_mn16_d4_M1,300,15,1,4,13
XGBGraph,3447,0.9614903388915175,0.8018217345270604,0.7204610951008645,2.592625141143799,weibo,bfs_snowball,bfs_snow_ts300_mn16_d4_M1,300,15,1,4,13
XGBoost,3447,0.9775818314766225,0.8571360986921518,0.7348703170028819,1.2084190845489502,weibo,bfs_snowball,bfs_snow_ts300_mn16_d4_M1,300,15,1,4,13
